128 256 128 26 
-0.05357082 0.0041744504 0.08562476 -0.082077496 0.017907336 0.057225294 -0.030920794 -0.12309354 0.05547957 0.036061883 -0.00831088 -0.021832852 -0.026780788 -0.033703886 -0.025870105 0.16058975 -0.014852075 0.10473619 -0.060778555 0.020194909 0.021589965 0.015220256 -0.05768809 -0.109861016 -0.043464936 0.06104064 0.00751489 0.043805975 0.025484039 0.02440539 -0.009351657 0.0907765 -0.099680364 0.07114095 0.08866567 -0.045041908 -0.04334615 0.015142409 -0.1357582 0.008858225 -0.10119713 -0.03453181 -0.06185498 0.07685178 -0.07387785 -0.11483946 -0.11516016 0.073847674 -0.09779241 -0.08976731 -0.05015031 -0.033802696 0.040243614 0.07978098 0.08798782 -0.07253454 0.015508854 0.052723605 0.09971153 0.16753545 0.02674157 -0.050901007 -0.036496706 0.08700314 -0.014539037 -0.08580342 0.011256485 0.041333683 -0.04184056 0.029717706 0.069578156 -0.021564467 -0.04171333 -0.085162014 0.031510532 -0.0059314123 0.011404254 0.01497277 -0.015764441 -0.04898807 -0.0011706786 0.07583285 0.10843149 0.046579517 -0.097256206 -0.015590273 -0.003857714 -0.15304235 0.062698655 0.07253043 0.07528841 0.09385732 -0.020496428 0.081720896 -0.052352786 -0.061783902 -0.10011926 0.0989629 -0.07166961 -0.016417043 0.02888553 0.047170807 0.08803621 0.10714306 0.030097274 0.016640628 -0.09864456 -0.05801066 -0.0010944267 -0.051692087 0.083925776 -0.023415072 -0.07884633 -0.046245262 0.09102033 0.14035648 -0.024543395 0.048860528 0.013641186 0.004617408 0.05877183 -0.032268208 -0.000088044675 0.031529114 0.04540284 0.048190907 0.010336311 -0.061548438 0.08607261
0.09391437 -0.004569829 0.045497555 0.012834759 0.062188298 -0.044673167 0.018727694 -0.018197214 -0.08083083 -0.08921597 0.013806746 -0.06371932 0.05230113 0.060749225 0.016812908 0.044371597 -0.06864823 0.034294177 -0.0037154714 -0.09487503 0.006595787 -0.049019318 -0.01424015 0.020225745 -0.05615152 -0.056657337 -0.016397119 0.014720015 -0.106926054 -0.021916432 0.007556416 -0.09692025 -0.04215839 0.03970701 0.022821719 0.004614483 -0.04257141 0.028246231 -0.058196027 0.059568696 -0.0568411 -0.07884674 -0.05482231 -0.03128801 0.00028345277 0.078604504 -0.028381256 0.015452094 -0.028849676 0.059275705 0.0116928695 0.014010792 -0.040387407 -0.056980636 0.029655218 0.034669213 0.049880646 0.088777676 0.0011629596 0.06808644 0.077546895 -0.09512107 -0.09973451 0.017143903 -0.092378 -0.03344953 -0.06781884 0.085371085 0.02677639 -0.048203103 -0.0761816 0.032099556 -0.10680443 -0.108874515 0.066637024 -0.002233646 -0.031680513 0.049360212 -0.077935904 -0.07997323 0.06657768 -0.04744368 0.07615961 -0.050690137 -0.05299632 0.026913898 0.021076687 -0.084404 -0.058181647 0.022049885 0.0637011 0.054655567 -0.013485458 0.016128516 0.016245589 -0.029539261 -0.08384892 -0.04678755 -0.07627105 0.025563227 -0.07302867 0.053995114 -0.08589165 -0.043762397 0.007937133 -0.09299162 -0.04650404 0.034222748 0.030771267 -0.085484184 -0.004969588 -0.057597037 -0.058550064 -0.030527085 -0.08166693 -0.0115266815 0.026666947 0.05961241 -0.016407339 0.07429142 -0.08207967 -0.045524493 0.015921002 0.039249863 0.058443196 -0.023427926 -0.095520034 0.0397052 -0.035552025
0.08347489 0.031395603 0.08287826 0.012676621 0.036054973 0.038145985 -0.09859305 0.08563262 -0.036481462 -0.09779856 -0.0075709457 -0.09829982 -0.03630816 -0.008306136 0.01956329 0.048159808 -0.068735465 0.046825167 -0.023693712 -0.0276501 0.101823986 0.10785849 -0.05069313 0.027619233 0.092505075 0.088401146 -0.01627408 0.1263254 0.042975444 -0.05406619 0.035523154 -0.11780934 -0.10124786 0.016255314 -0.08457719 0.014225456 -0.059187677 -0.022726718 -0.06821786 -0.09844757 -0.043886248 -0.01551498 0.1094361 0.027285326 -0.041682914 -0.049009264 0.081147976 0.123704776 -0.021238895 -0.000468314 -0.112865314 -0.032372903 0.015272764 -0.06018303 -0.03447323 0.06596305 0.04263592 -0.060080536 -0.010582982 0.020266732 0.08295538 -0.010027745 0.10099786 0.041509494 0.092092425 0.008256349 0.01817755 0.035997953 0.06726477 -0.023298176 -0.038576398 -0.08960692 -0.050351422 -0.01026466 0.07802719 0.060300767 -0.037238196 0.073559135 -0.039431617 0.15628628 -0.06111195 -0.14281473 -0.05222615 0.0015889868 -0.023026371 -0.011162747 0.05090891 0.069726594 0.11186884 0.009595202 0.018782487 0.018566433 -0.07509864 0.049431298 0.011580504 -0.0343474 -0.0025156648 -0.029025957 -0.051057674 0.039421678 -0.04552324 0.07981218 0.057416722 0.0040636747 -0.048575044 0.0000020189145 -0.02636475 -0.053567093 0.048414823 -0.0543372 0.11465712 -0.0612247 0.05973181 -0.056151807 0.044243094 -0.112375766 -0.115686305 0.10228626 0.048534513 -0.051080294 0.059558734 0.008925731 -0.016575204 0.10934016 -0.0010353281 0.07746265 -0.06959052 0.049921587 0.036831688
-0.11450843 -0.009804429 -0.0017284844 0.040268667 0.015910836 -0.102726616 0.036450814 -0.064793184 0.07173988 0.05361907 -0.083655 -0.06174667 -0.09884649 -0.026083456 0.0032670808 0.019140571 0.0413405 0.034733064 -0.09621757 0.041468065 -0.06251451 -0.0031891223 0.010024188 0.011858718 -0.009508941 0.07212783 -0.032741692 0.0363527 -0.093748406 0.025996633 0.012583577 0.06666205 0.07406672 0.036516227 -0.054064125 -0.041655328 0.05970992 -0.0984252 -0.10558746 -0.054829195 -0.007451643 0.07311963 -0.07426303 -0.07226617 -0.012113946 -0.024284456 0.005997565 -0.058517274 0.024294734 0.04197778 -0.049008425 0.06646852 -0.003511498 -0.09301151 0.033851836 0.08777983 -0.016326144 -0.047283523 -0.06265058 -0.08109525 -0.040056776 -0.08366867 -0.00854044 0.01165791 0.05490408 0.05604321 -0.03132491 0.05445021 -0.04630961 0.0095703425 -0.11114584 -0.0621293 0.013295791 0.03690561 -0.034791544 -0.048075926 0.07785901 -0.0065323818 -0.060242273 0.07198987 -0.033565536 -0.020704057 -0.081178494 -0.04525166 -0.019484902 -0.029107451 -0.011218855 -0.060811356 0.05244992 -0.023934785 -0.04548037 -0.09125888 0.040341947 0.042738546 -0.07108377 0.019401548 -0.09871678 0.086983725 -0.07853411 0.07469189 -0.07900848 0.026258085 0.08374289 -0.011318008 -0.1126411 -0.03359783 0.032324847 0.076568894 -0.09366559 -0.027302511 -0.10099745 0.07101433 0.0031490093 -0.018781582 0.06785663 -0.0059686713 -0.05233027 0.07378532 0.04867772 -0.095732614 0.05904084 0.0074339025 -0.028277107 0.07441854 -0.09405561 0.01225462 0.075128034 -0.051274266 -0.041811235
0.04806819 -0.04330628 0.12988897 0.060433593 0.07241973 0.06182968 0.0850187 -0.09656442 0.04283573 -0.042864017 -0.028243506 0.037215445 -0.07265737 0.026011815 -0.051220957 0.09518389 0.0124373 0.013240672 0.0612967 0.027090872 0.06523417 -0.012601382 -0.035866585 -0.027638296 0.08807767 -0.005606549 -0.020137502 0.050293647 -0.017112738 -0.04331219 0.10127974 -0.009773856 -0.08928957 0.07667426 -0.07609948 0.031209989 0.008988185 -0.048710592 -0.040863078 -0.052713457 -0.062006418 0.040882837 0.074821874 0.055351123 -0.08985177 0.017385483 -0.004076684 0.028997121 -0.029748695 -0.010302854 -0.02152048 0.01309912 0.028217446 -0.105524376 -0.010227983 0.047083747 -0.023430977 -0.008537344 -0.019266807 0.017839309 0.058510628 0.03787344 0.040910456 0.028895179 0.10871401 0.033817194 0.082485415 0.022582969 -0.027868368 0.037965104 0.0792388 -0.027856814 -0.09540296 0.039526366 -0.06694214 0.00444986 0.013658064 0.035239752 0.00930281 0.071205966 0.01255989 -0.0009248606 0.12565395 -0.015919344 0.062067956 -0.11540362 -0.08325094 -0.09342922 0.0868639 0.05006269 -0.03771691 0.09250441 0.022879649 -0.023066835 -0.03518914 0.06937528 0.01764234 -0.07998409 0.117720984 -0.069976136 -0.08801566 0.010052896 -0.044485617 0.028101193 -0.030020997 0.094546095 0.0648104 0.05016579 0.011551858 -0.0392365 -0.058001228 0.12464932 0.018797468 0.042345375 -0.003338369 -0.14441451 -0.006289934 -0.017294545 0.059058163 -0.07640252 -0.028065128 -0.07842151 0.06907116 0.039265554 -0.115722686 -0.0727479 0.087966956 -0.020813849 -0.06070252
0.0975969 -0.03413012 0.091139056 0.12962571 0.04655172 0.028600296 0.070057765 0.10094062 -0.06550658 0.06205377 0.0517543 0.07693396 0.064451925 -0.0048403232 -0.10894265 0.07572879 0.079961784 -0.051038966 0.04831947 -0.089845 -0.08201317 0.0645104 0.08840685 0.044203524 0.026766026 -0.10973064 -0.06779895 -0.08521172 0.083541185 0.12333748 0.111985646 0.036007863 -0.044089373 0.009142386 -0.009465334 0.09628247 0.10707885 0.052477993 0.043900687 0.07726942 -0.028129801 -0.033629622 0.058165193 0.13236646 0.023778737 -0.0925476 0.020639963 0.035127543 -0.040123813 -0.056305595 0.0416587 0.07875691 -0.049552757 0.055137537 0.02798383 0.024892969 -0.01787549 0.032987367 0.008796745 -0.06345874 -0.13627508 0.04941077 -0.087034725 -0.10894755 0.007274842 -0.12103076 0.0729226 0.009396581 -0.010148819 -0.0858176 -0.06391699 0.04066189 0.09295649 0.08154393 -0.08307968 0.038882013 0.03836833 0.03833318 -0.11290382 0.09937206 -0.05604546 0.123984315 -0.0062575703 -0.066086926 0.014797505 -0.10334872 -0.07686479 0.033544768 0.06534296 0.010420672 0.045682658 0.044132646 -0.040659636 0.07018601 -0.08460103 0.095290676 0.088296466 0.030589739 -0.07327485 0.038219858 -0.12670676 -0.03629909 0.042765263 0.097721 -0.11032933 0.06787818 0.058200523 0.0410976 0.0032406247 0.07840563 -0.09407875 0.045733184 -0.03833982 0.007863037 0.10648111 0.06286917 0.045475453 -0.073130436 -0.06984226 0.060920116 0.053936597 -0.094334565 -0.056924082 0.039037086 -0.08392145 0.03933953 0.019545019 0.03653255 -0.06453975
-0.08376527 -0.060863044 0.07620575 -0.000120833516 -0.0073410496 -0.028635122 -0.026691772 0.032586165 0.070379384 0.09472788 0.07526518 -0.070109844 -0.0010789186 -0.044389177 -0.069130465 -0.080193184 -0.013619021 -0.09857335 0.080695175 0.0062107593 0.039586477 -0.03457229 0.040617473 0.03634987 0.0359431 -0.07319605 -0.08853376 -0.018653534 0.0065426603 0.023086622 0.07885537 -0.029169895 0.068395235 0.0939404 -0.07622001 0.0025026798 0.010587193 0.0939024 -0.059917595 -0.074039415 0.0771843 0.047586463 -0.05604267 -0.0022089034 -0.058271408 -0.013817526 -0.010024428 -0.088086866 0.07337958 0.06828339 0.0029651672 -0.082552455 0.005124405 -0.063596085 0.047137745 0.08311146 0.078707226 -0.044333626 0.032673366 -0.09586952 -0.07263701 0.020773552 -0.016825296 -0.027932838 -0.023123883 0.03683553 0.04845979 0.045119055 -0.037326433 -0.057473492 -0.05795913 0.086378865 -0.04134443 -0.018013433 -0.0574502 0.01789324 -0.013899326 0.038808234 0.072255276 -0.018073514 -0.09818309 -0.03317251 0.08678184 -0.07079282 -0.05308051 0.0008462891 -0.020489812 0.0227376 0.04405286 0.09078986 -0.029589035 0.023041964 -0.057889488 -0.051904347 -0.03631787 0.063489966 0.022291563 -0.023126222 -0.025955632 0.07106123 -0.008691832 -0.042983055 0.05399003 0.05168254 -0.014469907 -0.022405073 -0.09605296 0.059157856 -0.09746261 -0.056613207 0.04596629 -0.0025819093 0.08834053 0.003216669 -0.04259615 -0.024309732 0.019911312 -0.038457107 -0.09386148 -0.09997039 0.044801243 -0.08673632 -0.028937317 -0.06900249 0.0075445175 -0.030408904 -0.06436172 -0.09548002 0.00052781403
0.042298734 -0.045784537 0.03397835 -0.0093443785 -0.053876296 0.07144453 0.094915725 0.10736348 -0.14501804 -0.011241015 0.10234767 -0.15511227 -0.010420202 -0.056880534 -0.1003468 0.108505875 0.09280602 -0.057153825 0.059245575 -0.04526706 0.038830195 0.10934837 -0.010019991 -0.1009365 0.0020190724 -0.032238487 -0.066192664 -0.07815972 -0.06883995 -0.045699686 0.06291357 0.056459334 0.08955569 0.05526902 -0.011911895 0.062453628 0.011871075 -0.044962976 -0.09384902 0.029452628 -0.020761453 -0.09826886 0.07184971 0.08827889 -0.107823126 -0.06901055 0.044285864 -0.02447001 -0.09984509 -0.059267763 0.12623483 -0.0063252687 0.08833772 -0.0065094014 -0.05980233 -0.09667696 0.023311691 0.10320168 -0.09951872 0.057131626 -0.014540144 0.056822456 -0.01936308 -0.08209028 -0.02672364 -0.10880469 0.09909086 0.15739928 -0.059531502 -0.02344774 -0.0541026 -0.08554072 0.10087897 -0.045319874 0.048887078 -0.071525484 -0.0006500567 -0.0023061363 0.059371535 0.123802945 -0.06800009 -0.06775478 0.03125341 -0.054886788 0.024716798 0.12239244 0.0018183007 0.025820479 -0.026127152 0.07291546 -0.050179306 0.113188095 -0.06624839 -0.048436236 0.13209748 -0.06918417 0.12531322 0.0514136 -0.038769357 -0.035805956 -0.08808348 -0.03670088 0.09004871 0.072992235 0.011711371 0.0654336 0.00081923656 0.008044639 0.060457006 -0.043319367 0.0174402 -0.049424063 0.0014614139 -0.110738434 0.061175883 0.112009145 -0.070114985 -0.027260132 -0.048177898 0.057482697 -0.0022702266 -0.0421146 -0.03749613 -0.05828065 0.07691264 -0.05543405 0.10344905 0.12320462 0.06635549
-0.06783208 -0.035857733 -0.06970267 0.015452898 0.03652831 -0.092308536 0.086074695 0.009889754 -0.02733559 -0.0050768424 0.08148901 -0.03418799 -0.12420047 -0.01026136 0.07084782 0.123884335 0.080597416 -0.039090645 -0.096684314 0.05071139 0.019618979 -0.05296459 -0.0024760745 -0.10160237 -0.05355645 -0.03586559 -0.020283375 -0.04472776 -0.07524205 0.004681486 0.043432888 -0.0049709813 -0.059431396 -0.07075131 -0.08074475 -0.020110099 0.05009253 0.030642632 -0.095598556 -0.08045781 -0.059968032 0.073822916 -0.0038220142 -0.086892836 -0.09005448 -0.08718045 -0.013390829 -0.09525872 0.047615744 0.07490426 0.050431143 -0.06547248 -0.01906514 0.0008062227 -0.09938205 -0.059255723 0.061730728 -0.09231632 -0.05304248 -0.12006837 0.05201439 0.02640792 -0.0070087593 0.079883136 -0.07581098 0.06950268 -0.08563867 0.04151642 0.04405456 -0.11914962 0.065341815 0.011587213 -0.0014222068 0.06373472 0.07560805 0.03649014 -0.061691888 0.06405399 0.051152237 -0.022162853 -0.08246804 -0.08451273 -0.101598 -0.016321685 0.020149479 -0.04275073 -0.0793183 0.010401247 -0.11222406 0.055484567 -0.060784467 -0.06318591 -0.1050093 -0.0506422 -0.05563901 0.018878458 -0.082961954 -0.09071945 0.026550122 0.0443158 0.033502057 0.065245815 0.018319314 -0.05704078 0.020511946 0.0740896 -0.031079967 -0.052575197 -0.053232312 -0.032015234 -0.039710037 -0.05530743 -0.05223113 -0.04145518 -0.07051465 -0.056966685 0.061201498 -0.067867115 -0.023070522 -0.049160123 0.02972765 0.05326467 0.07755814 -0.0022738848 -0.06591861 0.033892855 -0.01426033 0.0621745 0.032773845
-0.12717567 0.06487201 0.07621243 -0.020509565 -0.12443037 0.009619757 -0.0072816694 -0.15485606 0.008767089 -0.0038974483 -0.005749478 0.07469019 -0.059964478 0.092181444 0.07993461 0.106823124 0.11220161 -0.029678116 0.096990235 0.009208749 -0.11812221 0.07154815 -0.11341126 0.11553977 0.01695056 -0.06603206 -0.03640003 -0.011799057 -0.07592521 -0.07144125 -0.06831839 0.01820559 0.0417464 -0.082544826 0.041048896 0.014853558 -0.11117808 0.05798799 0.039064497 0.03793044 0.037910108 -0.049613364 -0.060886502 0.04506695 -0.08432678 0.05045501 -0.012416842 0.044134438 0.008873045 -0.16003671 -0.023055071 -0.17588742 -0.02116863 0.02535702 -0.021918045 0.06378177 -0.03188339 -0.037835028 0.058650687 0.08801802 -0.028215392 -0.11457237 0.09347038 0.11666545 -0.04270677 -0.071940355 -0.056732032 -0.06120923 0.0874099 -0.029759208 -0.005132084 0.040003914 0.049849793 0.022924136 -0.052398473 -0.05442417 0.012212324 0.021438826 0.08943868 0.06771385 -0.032566514 0.055000566 0.11541716 -0.013775579 -0.08126577 -0.07406355 -0.015062732 -0.042488024 0.0186776 0.04114817 -0.072885185 -0.041963983 -0.04182895 0.086988814 -0.109568 -0.069788076 -0.026044667 0.06980283 -0.08593804 0.082423 0.09921359 -0.0035489253 -0.04203618 0.057820022 -0.103847295 0.09023123 -0.04610584 -0.05656644 0.115675375 -0.0072340537 -0.01708256 0.105211094 -0.020392833 0.05404992 -0.07270405 -0.054896675 -0.03260682 -0.055788565 0.110573635 0.018957498 0.030674677 -0.096654125 -0.0048963227 -0.009677864 0.042296935 0.051841196 -0.0773437 0.055434808 -0.037867323
-0.047867935 -0.023726275 0.05118983 0.04185397 0.051124286 -0.009260221 0.057432797 -0.15537056 -0.07679418 -0.05388181 -0.0043516755 0.0017362185 -0.09495239 0.05197242 -0.05936334 0.16453311 -0.061667014 0.05680573 0.023531342 0.020964215 0.05585526 -0.03613857 0.06603098 0.07041206 -0.037738994 -0.03131758 0.0058491062 0.03293674 -0.075135626 -0.07809577 -0.054279625 -0.013460255 0.06546363 -0.029463833 -0.09745607 0.08426517 0.07211543 0.07223344 -0.0130757755 -0.020650312 0.038771477 0.08375659 0.04636206 0.059964377 -0.11647309 0.10190009 -0.041584175 0.065322414 0.07098994 0.08784609 0.034027968 -0.17217655 -0.018173842 0.021240458 0.021487344 0.05883346 0.071482904 -0.07476985 -0.055534843 0.07261382 0.041770905 0.08462611 -0.03843373 -0.04012902 0.060221948 -0.082241416 0.039291576 -0.021101981 0.0041811727 0.0068502217 -0.050980527 0.04627398 0.0072195204 0.11684199 0.043586966 0.0010230977 -0.049351282 0.10979015 0.017128063 0.106967814 -0.00069536944 0.09571577 0.009151713 0.08163953 -0.0051153414 -0.122644275 -0.08198611 -0.09820163 -0.053588018 -0.050753813 0.043738373 0.00955972 0.08517192 0.06934572 -0.08981751 -0.10640597 0.029438028 0.110121995 -0.016438788 -0.0648484 -0.021005876 0.021308964 -0.07567985 -0.05751129 -0.025048533 -0.065474726 0.036029298 -0.07231968 0.071787044 -0.053411253 -0.046127412 0.010392458 0.030942097 0.046110567 -0.10811257 -0.19944453 0.016898958 0.026225405 -0.028049784 -0.11269078 0.07317661 0.06371679 0.007032219 0.088173375 0.037421167 -0.03441413 -0.009920494 0.08732331 -0.03813143
0.013466378 0.06297122 0.026817603 0.047989715 0.027522422 0.046691246 -0.090878285 -0.06337684 -0.033372954 0.04930197 -0.0054100906 0.13246337 -0.0825287 0.10145664 -0.060775436 -0.0833783 0.025373764 -0.06889562 0.084754504 -0.017020136 -0.028461985 0.07052008 -0.010202527 -0.050781466 0.021412902 -0.0282893 0.09017918 0.018042538 -0.10697939 -0.10036358 0.012086302 -0.012594153 -0.0781084 -0.037047498 0.03797259 0.045623455 0.07541874 0.09708991 -0.057601046 -0.020090237 0.06908938 0.08881392 -0.07142698 -0.052559573 -0.074976444 -0.06103092 0.098855205 -0.04199348 -0.069550075 0.018961444 -0.10271599 -0.020906858 -0.020765724 -0.018038612 -0.04308572 -0.022266034 0.0417506 0.13108099 -0.088567056 -0.078803465 -0.008732096 0.099785425 -0.0031277218 0.003928713 0.09149907 0.08635186 0.036323216 -0.06454597 0.022243563 0.047154207 0.11958269 -0.047092035 -0.012571892 0.060688026 -0.0628739 0.006960918 -0.056170247 0.09684196 0.03965938 0.05818491 -0.023129398 0.030211745 -0.12973031 -0.024186041 -0.11486138 -0.06918203 0.06720067 0.017925618 0.109905675 -0.06580409 -0.09444547 0.021338232 0.0115416935 -0.033228032 0.039183754 0.04416632 0.055494193 -0.07114884 0.00041485188 -0.017606985 0.08040223 0.11706269 -0.029998515 -0.13614577 -0.035953537 0.0027151066 -0.052623384 0.064422034 -0.034614474 0.096614935 0.09753444 -0.058903158 0.064617425 -0.045077257 -0.11562255 -0.0065955278 -0.035234958 -0.0069621233 0.073978916 0.05920683 -0.08955209 0.07928302 0.054880403 -0.05300372 -0.05772682 -0.083202064 0.0698118 0.017319014 0.0099484045
-0.045785274 0.018526312 -0.12782289 -0.030791039 0.05116278 0.024662405 -0.061506122 -0.066092655 0.0039802273 0.06538836 -0.11306575 0.038413912 -0.019336859 0.060339555 0.04499005 -0.06666191 0.061091628 0.042246055 0.0091965115 0.086983286 0.07406347 0.05880134 0.03819319 0.08647886 0.0709004 0.10857445 0.0032015298 0.008078583 0.02122071 0.053337064 0.08618045 -0.044965126 -0.028380318 0.06827388 -0.05167332 0.06992942 -0.029069837 0.11060828 0.12328972 0.034568314 0.10212732 0.055795763 -0.07397543 0.015560509 0.007958721 0.05218045 -0.03177204 0.094026536 -0.0025498609 0.053685933 -0.03211021 -0.0039141644 -0.050302804 -0.13857229 0.0007663993 0.11085855 0.014495879 0.0856411 0.0708377 0.015336023 -0.027556382 -0.045904398 -0.079700254 -0.10374073 -0.06188569 -0.08058036 0.10167037 -0.027688883 0.038284544 -0.091148585 -0.011399262 -0.036190573 0.098451756 -0.025629375 0.07064111 0.09110034 -0.12906317 -0.051022567 -0.05515799 -0.05647913 0.032319486 0.022854004 -0.12201175 -0.13950282 -0.061031964 0.0019765368 -0.061605595 0.06683871 0.01929627 -0.06674361 0.027119612 -0.0863277 -0.10020587 0.050162904 0.11928748 -0.01030299 0.05622369 0.03610814 0.12947859 -0.07494388 0.052152567 0.064646766 0.07969424 -0.052237462 -0.047027424 -0.13399343 -0.0793124 -0.080055505 0.08205334 -0.10111588 -0.06237521 0.004246915 0.14441212 -0.06020249 0.024408743 -0.014457184 0.05086708 0.0018784052 0.042205997 0.054958805 -0.09959977 0.021263266 0.009174611 0.07830888 0.0068218117 0.08110903 -0.014983255 -0.04828905 -0.05682875
0.036529966 -0.038358808 0.0226154 0.025091236 0.024759918 0.007838408 0.14221391 -0.060569733 0.009968414 0.061226547 0.08176327 0.15439299 -0.05448509 0.023725048 0.01887335 -0.08014908 0.06474625 0.038186904 -0.020301385 0.024590861 0.0021496485 -0.022586776 0.09341137 0.038052015 -0.033259656 -0.029916218 -0.030401897 -0.05606914 0.0466225 -0.037001524 -0.070821345 0.022757905 0.058104057 0.0723034 0.0018873414 0.07822225 -0.07572084 0.00096900045 -0.010547351 0.06580398 0.11291026 -0.065153524 -0.019801242 -0.06663741 0.101142146 -0.04248752 -0.043461427 0.037774827 -0.02177717 -0.09688492 -0.052041255 0.073733576 -0.010491616 0.037180085 -0.06681982 -0.032661233 -0.038926587 0.12102747 -0.095995 0.030938704 -0.13352723 -0.052985307 -0.009744022 -0.0051975064 -0.11354622 0.09508827 -0.0030146223 -0.0250323 0.029751755 0.061894447 0.058559354 -0.045342654 -0.020075804 0.070327684 -0.042163722 0.10484157 -0.042086873 -0.07530607 -0.08910914 -0.0078335265 0.0619897 0.018645128 0.09768213 0.12548397 0.06511917 -0.0076500173 -0.06839445 -0.038875308 -0.020190496 -0.029172797 -0.036132783 -0.008052866 0.10855987 0.0329965 -0.070242025 -0.0019035363 0.034066513 -0.08177028 -0.00035698843 0.028628439 0.08936785 0.05268209 0.04592661 0.0673145 0.064549394 0.0024640658 -0.05798471 0.07463726 0.10963262 -0.04360012 -0.07450683 0.078661285 0.04479705 0.025520666 -0.026150003 0.07383608 0.0013034705 -0.018339468 -0.061758947 -0.05510005 -0.013680049 0.078400776 -0.077758856 0.01004623 -0.06550066 -0.059098367 0.10026901 0.006068471 0.03608037
-0.14340845 0.025287746 0.102948345 0.07971669 0.065382294 0.00397393 0.11267981 -0.116503835 -0.0261986 0.0077838874 0.021925567 0.017965296 0.067552425 0.04505234 -0.04758386 -0.03399708 0.017185053 0.017897964 -0.032649986 0.07572341 0.011016213 0.010760113 0.055205386 -0.06148371 0.06673297 0.13215147 -0.02327653 0.065613516 -0.060512718 -0.08240174 -0.090426095 -0.059453566 -0.004501449 0.05794447 0.048611388 -0.08173749 -0.022800108 -0.07058095 -0.10365459 -0.069681 0.10262753 -0.011224944 0.019115848 0.040205754 0.0892844 0.0461861 0.123635486 -0.054271545 0.093305245 -0.046913665 -0.056219153 -0.15622221 -0.0010184539 -0.07547482 0.0204761 0.06750884 0.011794632 -0.09667335 -0.05500818 -0.055159245 -0.045503616 -0.119412325 -0.101728864 0.042870287 0.05598425 -0.030194594 -0.09330947 0.015162184 0.1167292 0.09951093 0.032535225 0.094920464 0.012870056 0.027503408 -0.104727715 -0.10057775 -0.048709504 0.1326703 0.034344144 -0.011403499 0.08786208 0.15653679 0.060077175 -0.08145693 0.083701804 -0.048131753 0.05464112 0.009397473 -0.0064679375 0.020796359 0.0065696957 0.015330782 0.06982389 -0.087640956 -0.0595177 -0.016334368 -0.028601242 0.0372998 -0.05355998 -0.09799395 0.056115653 -0.018189447 0.09603879 0.020415833 0.03636697 0.0008766237 -0.0566845 -0.08946899 0.025878798 0.020229762 0.057193656 0.08562507 -0.15353447 -0.05738382 0.03541224 -0.11148748 0.053056337 0.09328118 0.01280554 0.05631005 -0.03379462 0.012240342 0.07663899 0.09974782 0.04679895 -0.07484959 -0.08839097 -0.011344798 -0.09331493
-0.06563297 -0.008129194 0.009552218 -0.045174766 -0.082387134 -0.052193355 0.05132077 0.07839153 0.075078495 -0.07851622 0.041730262 0.08615079 -0.05803149 -0.046838667 0.007755734 -0.0139743835 -0.03225255 0.065780304 -0.039227154 -0.09786673 -0.05489948 -0.04981277 -0.08703671 -0.04991088 0.07133112 -0.056521486 -0.03911474 -0.060921382 -0.021108434 0.06597222 -0.012866259 0.034866475 0.059049584 -0.03702824 0.08341188 -0.089335464 0.04751242 0.018931508 -0.04936662 -0.09957681 0.065894194 -0.013704322 -0.041680455 -0.0070327297 0.044382162 -0.0635604 0.05411405 -0.08481019 0.0796222 0.06574657 0.050744556 -0.0792835 0.06468446 -0.08198814 -0.009855412 0.016118668 0.06460696 -0.029054597 -0.04012041 0.045408018 0.059225418 -0.080915734 -0.0819819 -0.08003111 0.07878318 0.0120482 -0.053167462 -0.03935821 -0.06112356 -0.058489013 0.07155914 0.02966144 0.05911357 -0.07239652 -0.061883807 0.03574378 -0.046743084 0.018066742 0.054428555 -0.053709317 -0.038183715 -0.0581893 -0.025189519 0.0072155744 -0.024817131 -0.088766746 -0.090338305 0.09439788 0.019193292 -0.06819041 -0.020471528 0.09753526 0.06251042 -0.0093348995 0.06114509 -0.066757366 -0.055445433 0.06055624 0.04116016 -0.093412 0.06079202 -0.04887538 -0.00019280612 -0.08995526 0.08205011 0.0636769 0.027053453 0.09375665 -0.052176215 0.094450064 0.08946932 0.055964164 0.06742964 -0.059212353 -0.042450644 -0.024487808 0.028264858 0.048941873 -0.08013408 -0.06996174 -0.0054084286 -0.027086996 -0.0047646537 0.01787863 0.04210911 -0.048523545 -0.0892325 0.028409667 0.08580155
-0.055683162 -0.13926975 -0.11816792 0.06911834 -0.007843871 0.04093976 -0.04004428 -0.1361364 -0.0038294243 -0.04759443 -0.10454683 -0.025380157 -0.024665195 -0.047335636 -0.037446637 0.0140046375 -0.087894216 -0.039288003 0.061713673 0.04144188 -0.07282706 0.11426184 -0.080736645 0.071797855 -0.02262575 0.033522483 -0.015922109 -0.003159211 0.09674153 -0.06131811 0.082742564 -0.015591691 0.024015611 0.081951775 -0.014100077 0.057980243 0.03244293 -0.090007104 -0.003720244 -0.0018404599 0.027688876 0.102167845 -0.046660494 0.026090961 -0.06481824 -0.00751202 0.026792489 0.0012061957 0.027133554 0.026204359 0.107236385 -0.08462058 -0.12153744 0.034943815 -0.026894515 -0.00655349 -0.012439091 -0.031288285 0.100166254 -0.08441282 0.05695121 -0.07091174 -0.052885808 -0.10205134 0.01629429 0.013521915 0.023926819 -0.08382045 0.009459341 -0.02403232 0.103180155 -0.0100361565 0.13361228 0.08317614 -0.03991839 -0.15804209 -0.030353656 0.13994928 0.0054056174 0.029959848 0.062122818 0.10157834 -0.1237006 0.010652159 0.030081857 -0.05244371 0.055162493 -0.09230587 0.024266945 0.043995228 -0.08543595 -0.041942853 -0.031106053 0.034634497 0.04190269 0.03827092 0.026470527 0.03035197 0.13674629 -0.12765956 -0.07968599 0.08564585 -0.029682443 -0.11748324 -0.07783064 0.04332197 0.042143952 -0.016308334 -0.030419549 0.023749162 0.017576767 -0.0010731147 -0.06798918 0.09723004 0.0071572117 0.0245092 0.070784226 0.08527552 0.076561116 -0.034912545 -0.09791836 -0.01483126 0.060728844 0.020565927 0.027628133 -0.08258891 -0.022535488 -0.038969576 0.06352792
0.041955017 -0.06331166 0.19143103 0.11580991 0.0025452708 -0.019565376 -0.06717306 -0.116457306 0.025198031 -0.071612276 -0.005777783 0.11507947 -0.053459212 -0.017170783 -0.05242736 -0.004647197 -0.024987195 0.07463043 -0.0030869036 -0.0032436745 0.068354964 -0.11430395 -0.044322886 -0.026019845 -0.058118552 0.0021536394 -0.032390807 -0.015518914 0.062795036 0.012649102 0.053571384 -0.08656976 0.0786265 0.079819426 -0.09804608 -0.0618926 -0.027917102 -0.049762294 -0.016267486 0.022624169 0.12277657 -0.06182353 -0.038938396 0.02405115 0.08257467 -0.07502996 0.03753088 0.0605283 0.111620694 -0.07358755 -0.039943434 -0.03881224 0.16219087 0.09555475 0.06755473 0.01821788 0.1943581 0.1107898 -0.055458914 -0.041892264 0.025546743 0.029514223 -0.021473147 0.025203474 -0.0593463 0.053659912 -0.0584881 0.08220979 0.03280576 0.04663714 0.047141954 0.080247656 0.021887815 0.045090657 0.072537966 -0.05167198 -0.005807607 -0.09199066 -0.020392587 -0.09120425 -0.04635024 -0.027777718 0.014820368 -0.004205677 -0.11065039 -0.060269248 -0.02612065 0.070484236 0.067200474 0.017913623 0.023884585 -0.059597354 0.046126146 0.035410043 -0.019041229 -0.03141618 -0.03432943 0.046144705 -0.068820305 -0.10713684 0.08333144 0.06231346 -0.024091644 -0.014108523 0.027603202 0.014059865 0.034024853 -0.0013140831 -0.04762987 -0.06735898 0.101518095 -0.016186038 -0.00060095434 0.023135608 -0.03490942 0.067856215 -0.104929015 0.017811853 -0.04510704 0.06804949 -0.0170943 0.08759801 -0.057016563 0.09902635 0.05954304 -0.042345237 0.055766203 0.096143074 0.11100652
0.06988602 -0.045811895 -0.083247826 0.060827177 -0.016782375 -0.07288655 -0.058276616 0.034698177 0.04465421 -0.032752063 0.008618643 0.061482094 0.028145606 -0.06779503 0.09552568 -0.08671287 -0.08385348 0.084875196 0.0037087658 -0.05150656 -0.054837488 -0.060298804 0.056444924 0.07394568 0.07634227 0.03431721 -0.038073126 -0.12876235 0.046081115 0.074933365 0.01164082 -0.11277804 0.047216974 0.009964005 0.11029544 -0.046378784 -0.08764796 0.05932581 -0.048402626 0.048689384 0.11575559 -0.021641405 0.00304731 -0.035398614 0.024192413 -0.04049484 0.11983331 -0.009065259 0.044348594 -0.07305522 0.0574563 0.19354558 0.14391212 0.0916562 0.038569685 0.03675475 0.104837425 -0.056786988 -0.017577564 0.004552931 -0.031912096 0.042367086 -0.10188403 -0.00084835634 0.055975705 0.010369876 0.117152706 0.074668415 -0.07136669 0.0032358065 0.048139762 -0.004973105 -0.032165468 0.015568851 -0.056536444 -0.0036990661 -0.12638867 -0.051341984 0.06907956 -0.01682527 -0.010482677 0.03551776 -0.014412709 -0.07002832 0.013556546 0.015504997 0.11764145 0.033687133 0.0031837595 0.047381245 -0.09347393 -0.07658909 0.011623554 0.07507538 0.08802721 -0.05602771 0.010915663 -0.015320309 -0.05752478 0.052441034 -0.027460542 0.08537103 0.0694722 0.17006168 0.0933029 -0.041623533 -0.07545227 0.074917465 -0.03238733 0.0103590805 0.046881318 -0.016553089 -0.07755519 0.005320125 -0.035360403 0.10761495 -0.07688986 -0.045269437 -0.034221202 0.024640778 -0.0127202235 0.0087970905 -0.010916227 -0.015977724 0.05068723 0.07688539 -0.06760084 0.0890931 -0.07211304
-0.07386564 0.062300935 0.060890842 -0.025129797 0.063552134 -0.01578748 0.07646607 0.087895654 -0.04606533 0.10234561 0.08182117 0.11978113 0.05155445 -0.07905931 -0.105439365 0.12993534 -0.00469005 -0.036363848 -0.09556994 0.070297785 0.068018004 -0.05815942 0.049827248 -0.044877198 -0.09450137 -0.031143459 0.036122218 0.035276886 0.05187934 -0.022714956 -0.05497947 0.056084257 -0.024395164 -0.10713544 0.052981988 0.04765603 0.013504928 0.06416033 -0.100645185 -0.08309528 -0.18758383 -0.012189665 0.06079249 0.0444146 0.042689767 0.009766965 -0.033152763 0.014979291 0.07417562 0.08735469 -0.065642945 -0.14927416 0.018298786 -0.080657706 -0.06122006 -0.048936144 -0.030539213 -0.051036768 0.00957368 0.17804088 0.034491096 0.080356926 0.09615867 0.01637388 0.06876647 0.06063086 -0.06851138 -0.112227015 0.03966996 0.037046675 0.04125409 0.041322723 0.10006984 -0.06757899 0.051621724 -0.010600476 -0.065483175 -0.011042785 -0.051698558 0.05385848 -0.06034157 0.09010897 -0.09190652 -0.040473193 0.01970934 -0.10605479 -0.058577582 -0.052556586 -0.1183786 -0.05027309 0.07937903 0.046401396 -0.11270667 0.04927828 0.033606414 -0.068350986 0.030494863 -0.02193851 0.04108624 -0.009583837 -0.039751783 -0.06217091 -0.108273044 0.034306325 0.108387545 0.100963816 0.01739438 0.03281924 0.07495297 -0.0039945394 0.038042508 0.06286868 0.079081394 -0.04893205 -0.010479006 -0.1538211 0.09239713 0.08400759 -0.005250441 -0.05950814 -0.04713124 0.069720395 0.0056487434 -0.021119986 0.069033876 0.0218908 -0.047704697 -0.065017045 0.00803616
0.07886338 0.026510315 0.07247485 -0.1395728 0.05922619 -0.06098908 -0.081608765 0.047912937 -0.04647883 0.07425359 0.0065706694 -0.05742633 0.0120423315 0.012447026 0.09089334 -0.02851008 -0.037836317 0.0881088 -0.100507945 -0.107808515 0.06313852 -0.062374286 0.06239757 0.067621954 -0.044360127 0.00019668457 -0.050353426 0.0598434 0.014390753 0.046729844 0.07099468 0.066614054 0.08397186 -0.06573359 0.072780535 -0.08136839 -0.02889292 -0.0418649 -0.03269618 0.09545027 -0.06776609 0.03227169 -0.0039784806 0.012172474 -0.016553046 -0.060700495 -0.056552637 -0.09029135 -0.01877343 -0.076975994 -0.044077005 -0.028686253 -0.071697 -0.08246538 0.024125535 0.045359448 0.020212276 0.09995886 -0.004044422 0.05327465 0.009163144 0.043019395 0.016519487 0.12800612 0.04402044 -0.0032104915 -0.05131696 0.074767545 -0.025098152 -0.023828676 -0.016302794 -0.06058692 -0.011858616 -0.059677783 -0.039050017 0.04442359 0.014885206 0.08699347 -0.031050421 -0.014685266 0.08929038 0.100823425 0.084454924 0.058624566 0.042401362 -0.07421166 0.007108036 -0.100989506 -0.08265243 0.062272746 0.05586129 -0.010278616 -0.074147604 -0.020304853 0.0019665863 -0.017928569 0.022886105 0.004030839 0.016965728 0.03230084 -0.009768429 -0.0057524354 -0.0018164251 -0.040878996 0.019137278 0.08609326 0.118161656 -0.06374421 0.0891065 0.025719842 -0.069503434 0.009432348 -0.0040499438 -0.107422665 0.02914518 0.071899675 0.05299003 -0.087189116 0.08178497 0.07641588 0.082302555 -0.0036749265 -0.038284503 -0.022444237 -0.0991965 0.07270557 0.04510093 -0.012728972 0.07339628
0.07592174 -0.041414306 0.15174711 -0.012955116 -0.1181183 0.01758287 -0.08072177 -0.15536508 -0.033820637 0.055349916 -0.0013786602 -0.1318901 -0.073297605 0.03339053 -0.07576779 -0.048754904 0.03383842 0.091040954 -0.022629414 0.06984872 0.08400212 -0.14506602 -0.008317572 0.010405346 -0.05622203 -0.04161303 -0.043136343 0.083189376 -0.10514432 -0.064143695 0.07679037 0.077430196 -0.035817523 -0.04564994 0.088512 0.090083726 -0.018940415 0.08150167 -0.047759134 0.035669018 0.06113526 -0.090624794 0.07829148 0.09036979 0.03162491 0.07485996 0.0969347 0.05237825 0.033105552 -0.09407392 -0.06433589 -0.07932461 -0.011060091 -0.04790416 -0.014907391 0.021356203 0.06669311 -0.039672017 -0.08387818 -0.025806721 0.017481541 -0.053933278 -0.08988405 -0.03834427 -0.017680358 0.057674773 0.0023863516 0.08236455 -0.095770106 0.077804536 0.07368604 0.10400664 -0.15346813 -0.11447823 -0.004877812 0.006423824 -0.04124982 0.036016308 -0.0062686 0.0067363824 0.07518464 0.025424404 -0.09176428 0.038732644 -0.061785396 -0.017928997 0.055867914 -0.112067275 0.04303488 -0.09001131 0.09637216 0.045624543 0.029364573 -0.003827803 -0.029604297 0.011184042 0.0367781 0.0035681857 -0.06584471 -0.016423503 0.08298388 0.031021876 -0.10536466 -0.04103063 0.04490982 0.018568873 -0.008185602 -0.018625425 0.0009640712 -0.14926533 -0.05694932 -0.036760353 0.13559951 -0.10802346 0.07803331 0.044583075 -0.056200366 0.07537596 -0.006593664 -0.058696207 -0.01725755 -0.07927077 -0.017182983 0.0838584 0.007941601 0.09431872 -0.031343468 0.032120682 -0.034213204
-0.07543943 -0.030039333 0.0033194795 -0.08368568 0.076181315 -0.087897755 0.061957143 0.025343187 0.004786752 -0.023795843 0.04227198 -0.051973533 0.08137952 0.026180573 -0.027840301 0.0027740449 0.005283631 0.09758804 0.00039971457 0.063556865 -0.0009784696 0.016789492 0.049267966 0.03743119 0.03139993 0.05250732 0.041680608 0.006604334 -0.011514045 -0.067554474 -0.10154734 -0.009213187 -0.033970658 -0.08147714 -0.03590505 -0.061075564 -0.019000119 -0.07303592 -0.059679933 0.06361151 -0.10182357 -0.08855935 0.030671775 -0.06862577 -0.020299172 -0.027287023 0.075804 0.067163356 -0.05715351 -0.064248234 -0.01101768 -0.079400614 0.0280715 -0.022829413 0.046075247 -0.06694124 0.077983 0.049117103 -0.043104526 0.067386344 -0.05042224 -0.074529745 -0.0710272 -0.025470234 0.027589753 0.014613217 -0.03700671 -0.08364253 0.03342735 -0.0022551015 -0.06335737 -0.09942813 0.07173535 0.042782955 0.047453582 0.059566233 -0.039016247 -0.09726948 0.0032543489 -0.096179724 0.026618207 0.017457914 0.006250936 -0.09859779 -0.056995578 0.007225398 -0.057551514 0.061544564 -0.050581794 -0.06884766 0.007461924 -0.0005831233 0.09237735 -0.09915807 -0.031262416 0.04934119 0.0760217 -0.018581534 -0.006495826 -0.072516665 -0.026320085 -0.023163473 0.036628 0.042943444 -0.068951175 0.004767038 -0.05127674 0.04346661 0.05781112 -0.07081187 -0.05116124 0.09635192 0.017546391 0.022372713 0.08862791 0.080128334 0.09213159 -0.060929712 -0.020064652 -0.007934749 -0.09578387 0.0054681227 -0.06359292 0.07544444 -0.02168737 -0.05837532 -0.0604747 0.0010785476 -0.0046340567
0.113833815 0.10824394 0.012603289 -0.10275303 0.116796635 -0.03246659 -0.083925866 0.028854124 -0.058047824 0.03969108 -0.004248457 0.03412374 0.093218245 -0.08501298 -0.07268511 0.048245367 0.004524089 0.10059144 0.038354855 0.022625161 0.03861629 0.064294405 -0.08877573 -0.021877667 0.07209396 -0.04346639 0.05248331 -0.05533432 -0.083622076 -0.09871035 -0.0314775 -0.07822836 0.015147268 -0.057609685 -0.08949405 -0.02952927 -0.023451596 0.015211167 -0.0675866 -0.063662164 0.07655121 -0.01855012 -0.035831545 0.045788933 0.006896497 -0.056209814 0.09261419 -0.017983103 -0.10879492 0.048148885 -0.09242715 -0.0783116 -0.04742643 -0.04077281 0.067088775 -0.030577926 0.043101773 -0.06288911 0.023430299 0.06512047 0.10805111 0.12654677 -0.013020719 0.09375651 -0.021009227 0.060953252 -0.10436984 -0.119616225 -0.014204862 -0.06717034 -0.09926817 0.06932603 0.017892787 0.12291407 0.07064515 0.03296301 0.043189712 0.011003372 0.036318835 0.06766917 -0.05303177 -0.023384757 0.042553887 -0.043537326 0.043279048 -0.039826993 0.081666835 0.12412072 0.08442456 -0.085293055 0.032522336 -0.07872064 -0.0092330305 -0.03939899 0.07354011 -0.04615029 0.021573497 0.027783943 0.12528597 -0.10944132 0.014623349 0.021758066 0.021463025 -0.030931866 0.12760462 0.08696919 0.01121668 -0.0077711307 0.06084568 -0.07017295 0.09203666 0.09697288 -0.00600242 -0.063143685 -0.027419398 -0.13344185 0.040038347 -0.076819874 0.08240905 -0.07648066 0.081340745 -0.06713304 0.050915834 -0.024635654 0.0058509423 -0.074472465 0.012695265 0.026604917 0.010394279
0.06660248 -0.07597497 -0.09780106 0.029284483 0.0069525465 -0.01935489 0.048919525 0.03134856 -0.027848246 0.025179455 -0.0357131 0.012389269 -0.05187922 -0.07147812 0.06445981 -0.024274524 -0.057258423 0.055544898 0.08080998 -0.10911539 0.03919265 -0.10306077 -0.05723339 -0.08568281 0.048965048 -0.030051406 -0.09098334 0.059448723 -0.059723157 -0.021313323 0.066553794 -0.061902095 -0.04040026 -0.10459501 -0.078924544 -0.06881049 -0.042192508 -0.08680155 0.085475355 0.08058057 0.05710482 -0.0341342 0.0015888944 0.057685774 -0.03679222 -0.040717404 -0.050283093 0.08712434 -0.047486495 -0.038534712 0.111047305 -0.063880205 0.07869511 -0.055539917 0.092182025 -0.0101439245 -0.10666536 0.068136364 0.02526359 0.06498319 -0.01993822 -0.0106573105 0.021432461 -0.06029066 -0.023688354 -0.02735701 0.062091704 -0.105309315 0.0320831 0.06563194 0.09010695 -0.029245371 -0.08514637 -0.04982235 0.08452253 -0.014691714 0.00080448895 0.032856453 0.018742187 -0.07323883 -0.016206725 -0.040301513 -0.09253746 -0.050241582 0.03331522 -0.019329118 -0.028789107 0.07303969 0.0165011 0.07622988 -0.059084997 -0.040799633 -0.010350894 0.06096429 -0.08725686 -0.09273966 -0.061099064 -0.04968608 -0.060932335 0.03804464 0.0054960367 0.007897035 0.045625087 0.074788705 0.023126077 -0.014389584 0.01088026 0.0076178433 0.08650288 -0.0021276034 -0.0013741701 0.012325795 0.02641953 -0.025718266 -0.014604504 -0.081693485 0.005890797 -0.0047401693 -0.06209045 -0.046190385 -0.040223684 -0.104510464 0.07186593 -0.06576901 -0.10889747 0.0034162854 -0.038690247 -0.061656646 -0.036389578
0.07157118 -0.08443063 0.02558521 -0.06367591 -0.020476194 -0.04030245 -0.0041670105 0.042856775 -0.06903924 -0.07752393 0.008351634 0.09666672 0.034194462 0.08393576 -0.117809646 0.11049139 -0.10651321 -0.004832972 0.08372514 0.012810795 -0.03795843 0.012353236 0.01851539 0.089550346 -0.048019674 0.046927232 0.047247026 0.017331244 -0.09419723 -0.029634561 0.002622913 -0.06013477 -0.106162466 -0.05662137 0.08049656 0.10172638 0.05348238 0.10201352 0.04617204 -0.06555817 -0.14978091 -0.074738115 0.016705496 0.020215174 -0.020457558 0.05091508 -0.07631535 0.015709342 0.032356117 -0.02656038 0.047195338 -0.034268573 -0.090163484 0.06691272 -0.090001814 0.121089146 -0.14936948 -0.050309982 -0.065493494 0.024035936 0.069468185 0.16484082 -0.019929335 -0.008806109 0.040162623 0.073207624 -0.0816949 -0.07094602 -0.106198594 0.030069161 -0.07284318 0.06196108 -0.05178651 0.013350138 0.039110932 0.06980296 -0.058604028 -0.0024674386 -0.032958135 0.044039905 -0.10778932 -0.00630607 0.034713425 0.106766395 0.07311985 -0.04189898 -0.013713937 -0.052080836 -0.098198734 -0.006449725 0.040571816 -0.09039399 0.06805523 -0.021994667 -0.105628446 0.08663033 0.0735982 -0.067736775 0.065577835 0.010687346 0.032541554 -0.009409544 -0.025320947 0.007008073 0.083028406 0.11386093 -0.11636608 0.023687964 -0.04086016 0.08977832 0.054662436 0.09006877 0.0675427 -0.0928346 0.04969853 0.09838606 0.014744642 -0.012711942 -0.02214685 0.029993951 -0.1040255 -0.09860432 0.07057096 0.1067852 0.07393007 0.010478337 0.015468732 0.03538148 0.07312012
0.09655919 -0.107073694 -0.019664723 -0.22494023 0.07418051 0.033514235 0.04172028 -0.030623421 0.089533694 -0.1221698 0.06656466 0.11652814 -0.112143956 -0.07182655 -0.007290373 0.15071861 0.016181776 0.04820143 0.0019630212 0.02434299 -0.14201254 -0.0019111721 -0.016263021 0.07566272 0.077978164 0.042369265 0.035189882 0.024421467 0.08484679 0.07079168 -0.066019654 -0.013142358 0.08670441 -0.043404467 -0.03741731 0.065721154 -0.01045202 -0.050513588 -0.010839394 -0.06527275 0.033315185 0.0051269 0.026494652 0.09256747 0.059908126 -0.06821314 -0.05505625 0.031145476 0.030672388 -0.0011004052 0.0144673325 0.09834623 0.0040313653 0.055698697 0.07600843 -0.011410672 0.0332737 -0.069373466 0.042328723 -0.011310019 -0.0066289413 -0.045861423 0.061744373 0.08273936 0.08514228 -0.08698938 -0.0040578092 0.12366743 0.061452657 -0.1030131 0.02398328 -0.10797891 0.002105217 0.048763268 -0.0071036383 -0.0045410576 0.14249688 -0.1050863 -0.0050255707 0.078345306 0.020393 -0.11172076 0.11508558 0.087915696 0.07667315 0.043904547 -0.073343076 -0.07739646 0.04659617 -0.03734164 -0.014390213 -0.08154587 -0.017211417 0.062176358 0.044769965 -0.13744646 0.08207535 0.043435078 0.082538284 0.09196316 0.084829085 -0.05947199 -0.09940126 0.08234859 -0.07282785 0.12522225 0.046369072 0.04650261 0.075096324 -0.073564515 -0.06291391 -0.059421945 -0.03362572 0.079180904 -0.0030906256 -0.0751953 0.08951736 -0.0010842405 0.04146015 -0.018304382 -0.011647148 -0.07932566 -0.0023139778 0.068461336 0.04867302 -0.017023321 0.06389639 -0.033547454 0.08251457
0.009769577 -0.044793528 0.21731043 0.11370184 -0.0046023577 -0.028142815 -0.043047063 0.026932241 0.042978656 0.0918131 -0.018760059 -0.05114343 0.00013207158 0.06567265 0.011863577 -0.02192636 -0.07738985 0.11623964 -0.019885581 0.06619555 0.0712233 -0.0346476 -0.08861122 -0.025328415 0.0084625445 0.047716785 0.042692028 0.11167445 0.0100632 -0.058743875 -0.06916477 0.0012682789 -0.013186477 -0.017411338 -0.00033834137 0.053855292 -0.020148009 0.06487708 -0.113039255 -0.061066918 0.114319205 0.052941747 -0.020796748 0.016917264 -0.03687839 -0.12611623 0.06272822 -0.08372797 0.025455195 0.04397742 -0.10743286 -0.1335762 -0.0060486933 -0.06332305 -0.061054528 0.020852666 -0.023237664 0.008484865 0.09474231 -0.0073844264 -0.03601221 0.035713784 0.084286734 0.0064995876 -0.087918445 0.068337366 -0.035790436 0.068991296 0.050976485 0.0018028091 -0.03117539 0.04804036 0.032158393 0.02915475 0.072398044 -0.10114217 0.092701666 -0.05718611 0.00994681 -0.023269178 -0.108891256 0.05550457 0.003398041 0.031498652 -0.116295464 -0.0986049 -0.0059608403 -0.08473258 0.02117829 -0.04790822 0.050221596 0.042563055 -0.03957103 -0.077211395 0.06878183 0.10016575 0.030585008 -0.03317049 -0.06807266 -0.14039533 -0.069189176 -0.014407974 0.116471365 0.0041414904 -0.14106113 0.09410667 0.08398151 -0.07499915 -0.07767923 -0.00047049462 0.104088776 0.020007558 -0.012134708 0.051811054 0.03703304 -0.0958684 -0.020523101 -0.059335157 0.03722502 0.01727908 -0.05856237 0.02533994 0.0059631267 0.053735837 -0.08255569 0.022779109 0.092051424 -0.03301032 0.006345595
0.0044255536 -0.04343469 -0.062228024 0.0101843355 -0.05647358 0.04918466 -0.026987838 -0.015419405 0.026311826 -0.010402462 0.012193967 -0.061624918 0.015717456 0.056935027 -0.13496159 0.08297804 -0.041803572 0.11153123 -0.04954854 0.100415856 -0.0046551204 0.044030014 0.054759815 -0.056153886 -0.011901118 0.03538745 -0.063550234 0.17024125 -0.03259786 0.08279629 0.029160578 0.021375092 -0.07639584 0.020137992 -0.03589122 0.094061024 0.10429402 0.09971851 -0.09644258 -0.062603354 -0.11632749 -0.0222042 -0.044672042 -0.015284522 0.05549739 -0.018241126 -0.042506132 0.060784645 -0.06448229 0.109801374 0.052859835 0.0074557103 -0.17847732 0.037751935 0.042539317 -0.008153982 -0.1451006 0.04955067 0.07929631 0.041684102 -0.031287562 -0.080872804 -0.049651172 -0.019826598 0.11245108 0.059447967 0.08459266 -0.068209715 0.055181958 0.049631692 -0.018467441 0.09750065 -0.02327631 -0.088109106 -0.02142583 -0.0032875643 -0.063757665 -0.08564921 0.07810056 0.002091583 -0.024011742 0.09768046 0.052734632 -0.034336463 -0.023722515 -0.09754758 -0.0634528 -0.016756594 0.0083008045 -0.042980928 0.093636796 -0.05160172 -0.07912241 -0.023247242 -0.12144545 -0.064384945 -0.10206418 -0.0061689764 0.059276488 0.044626456 -0.1528304 0.080675595 0.026163686 -0.034162056 -0.08655477 0.114516795 0.07507781 0.10679104 0.06661262 -0.03362673 -0.0810651 0.09168493 -0.110609144 -0.047559068 0.055317856 0.03350144 -0.021567479 0.07547391 -0.071767665 0.037664846 0.07193762 0.08145394 0.10423203 0.04314161 -0.0123485355 -0.08977858 0.06850854 0.018561058 -0.093352325
-0.017952658 0.037965618 -0.021007976 0.047639932 0.058070198 -0.15330556 -0.027819134 0.0014885213 -0.109913744 -0.06642053 -0.022433015 0.008815148 -0.068124086 0.09187459 -0.106042154 0.012201868 -0.016645988 0.044931065 0.09200868 0.03206873 -0.054699216 0.03133278 -0.009155616 0.0409315 -0.0036798976 -0.037767638 0.09139929 0.057939183 0.10483305 -0.06937375 0.017158166 -0.009707865 -0.044894446 -0.08257023 0.007819166 -0.039148 0.06368194 0.0094153145 0.02006279 -0.019526562 -0.044637766 0.014577931 0.05483672 -0.108459465 -0.027715072 -0.09311909 -0.051399797 -0.00813087 0.0073875994 0.014230455 -0.015535786 0.042527467 0.09244951 -0.03851009 -0.031753663 0.07455973 0.007012721 -0.02255327 -0.0013091388 0.09067635 -0.048029643 0.09991311 -0.008150916 -0.10246825 -0.057879463 0.0319187 0.009295011 0.0034471261 -0.07297328 -0.03690798 -0.023911465 0.113899805 0.0068063536 -0.014755948 -0.012990177 0.051105626 -0.11937467 -0.013711888 -0.015516245 -0.030730499 -0.06988192 -0.013027398 0.020365225 -0.060566746 -0.0114591615 0.05542287 0.02390807 0.009131091 0.075959586 -0.076664165 0.036256954 0.028773772 -0.09191093 0.09573068 0.06948346 0.036180392 -0.0011001157 0.030895328 -0.02376228 -0.010880117 0.062539525 0.012110458 0.018571904 0.11069013 0.0983642 -0.010208981 -0.08090076 0.12390521 -0.05921646 -0.068802744 -0.09638287 -0.008711763 -0.044748116 -0.08216477 -0.03826875 0.09552868 -0.033370182 0.0053185257 0.07387458 -0.07134035 -0.07577963 0.015778944 0.06799715 -0.046902698 -0.10026819 0.08233626 0.05136139 0.062024213 -0.0009907264
-0.054046873 -0.06069074 -0.10361768 -0.0039978907 0.075182624 0.081498995 -0.030633643 -0.09459831 -0.072124645 -0.07924813 0.03176621 0.12370468 -0.093025595 0.034595743 -0.07712376 0.04907872 -0.00016752773 0.080853425 0.116073444 -0.06568611 0.07412184 0.039708156 -0.0072201807 -0.049453042 -0.1397927 -0.002752209 0.01925738 0.109495126 -0.006398026 0.07089353 -0.06355666 -0.046088178 0.08309759 0.052027896 -0.045718975 0.040053543 0.020682082 -0.009904413 0.030701479 -0.020705597 -0.082767665 0.099808015 -0.010157272 0.04463467 0.023302842 0.026253404 -0.041227475 0.066333085 -0.006930071 -0.03011316 -0.007651761 -0.060883053 -0.04055296 0.08379597 0.11165062 -0.097004704 0.01424869 -0.12136341 0.08525005 -0.054441024 0.011706399 0.013241864 -0.051564954 -0.030495226 0.095137686 -0.0056487136 0.0015685821 -0.04005093 0.07533886 -0.061802626 0.06727368 -0.0879101 0.052275185 -0.0071329176 -0.085273944 0.036186796 -0.08797702 0.045207538 0.02557784 0.0034796698 -0.061447382 0.031523403 0.06067996 -0.10480707 0.10649702 0.00963262 -0.046185315 0.004737977 0.017472995 0.061916567 0.0018058373 -0.00036462184 -0.041052572 -0.016531084 -0.08581111 -0.10458063 0.00092481833 0.053116925 -0.033618502 -0.00066290336 0.013079651 -0.08746494 -0.06424282 0.035912443 0.011247318 0.015179216 -0.0741789 0.11749536 0.008864949 0.092792064 -0.068600014 0.061428323 0.0019574165 0.02735976 0.074205756 0.14145266 0.0073584043 0.07044717 -0.08222842 -0.10975034 -0.022738641 -0.0788395 -0.001126126 0.035451002 -0.062412854 0.03605263 0.10647386 -0.054966617 0.040704165
0.003820101 -0.04831877 0.018535024 -0.09950329 0.109187655 -0.11211067 -0.0063104676 0.028449783 0.10551271 0.07524664 0.056556027 0.064138085 0.13423024 -0.061723035 -0.09858454 0.068598405 -0.02949052 0.023111377 -0.09151319 0.07978096 -0.12796931 0.0008843621 0.06463669 0.055013627 -0.0472385 -0.11846595 -0.13481349 -0.058578014 -0.0707567 0.081815824 -0.05361049 -0.056568768 -0.03388851 -0.005446949 -0.06570871 0.111987524 -0.051164154 -0.084311225 -0.042586453 0.059586808 0.07769848 0.052605625 -0.09668148 -0.022114575 0.11639611 0.061770044 -0.0654166 0.02492745 -0.08063052 -0.115511835 0.022842664 0.06142429 -0.05811966 -0.11930635 -0.123322725 -0.09167827 0.014948698 0.14684139 0.08615272 0.07092656 0.06583324 0.06092404 0.086517684 0.09138929 0.07294061 0.095150374 -0.029064784 0.08322016 0.06383113 -0.06630742 -0.0059284833 0.03147096 0.05578591 0.016488168 -0.014797736 0.11743114 0.040035762 0.087085515 -0.0872937 0.030465525 0.10070726 -0.070028566 0.06192621 0.15015279 -0.05168208 0.04758763 0.0148370145 0.04313218 -0.058732316 -0.039366387 0.013948958 -0.03849192 -0.054673288 0.0639707 0.028963502 0.039400067 -0.03019248 0.08134895 -0.011657193 -0.01428386 0.009226618 0.042753167 0.10453982 -0.020075293 0.06655681 0.09884259 0.101648435 -0.037127104 0.054509073 0.13715838 0.08228369 0.024990985 0.097153895 0.13544007 -0.097670056 0.11798773 -0.026428577 -0.043801814 -0.057692554 -0.04744649 -0.05747786 0.059299238 -0.08059868 -0.0361489 0.07268349 0.02965434 -0.08150051 -0.034013662 0.07358661
0.003965274 0.03179037 0.058607347 -0.007372128 0.021678207 0.040306844 0.022028191 -0.013467071 -0.07548093 -0.03031047 0.10647835 0.023649044 0.09158266 -0.02546195 0.12625746 0.07174362 -0.06360311 -0.0818418 0.07032832 -0.01684299 -0.07879866 -0.02969246 0.10522235 -0.03535231 -0.040293556 -0.07230625 -0.03318164 0.08051384 0.07582845 -0.041874893 0.0030511732 -0.051383246 0.08614744 0.004797395 -0.046447292 0.08546614 -0.073414974 0.02237142 0.036791027 -0.011426448 0.034573738 -0.07063913 0.08474106 0.12349337 -0.0063440977 -0.12500955 -0.0723909 -0.09572603 -0.044442274 -0.023663437 0.013290418 -0.025642628 -0.023376407 0.0015204891 -0.03924227 -0.077958174 -0.010542637 -0.019649267 -0.03115867 0.09437961 -0.08413644 -0.046348684 -0.104630955 -0.023035845 0.054601826 0.06729548 -0.08210383 0.012986167 -0.0621385 -0.059673823 -0.05853034 -0.07538272 -0.016159901 0.000004916017 0.0006438688 0.08001863 0.08241457 0.11328223 -0.053117707 -0.039354898 0.030029286 -0.044861834 0.02010837 0.12667263 0.015197394 -0.05277391 0.05838615 -0.017544296 0.019453185 -0.018874995 0.10012631 0.058678284 0.055976816 -0.0016490271 -0.0050186845 0.06828256 -0.07066055 0.09704544 0.027142595 0.05165867 -0.07053193 -0.0040295315 0.023896817 0.08509734 0.011417359 -0.019756459 0.014737276 0.011643912 0.0983399 0.09860588 0.0853531 0.1157913 -0.08105558 -0.09732731 -0.017505376 -0.1379916 -0.02737584 -0.01826214 -0.059744608 -0.050648354 -0.03081431 -0.027850373 -0.05333271 -0.044495378 0.04491463 0.07017589 -0.03738486 -0.013208087 0.105792984
0.032642677 -0.011525625 -0.1266919 -0.041003633 -0.093904026 0.06464584 -0.07068778 0.031817544 0.016036876 -0.005333999 0.07398358 -0.09225156 -0.07288811 -0.12948757 0.10901203 -0.11130831 -0.041538816 -0.03241343 0.042806707 -0.06649663 -0.039855447 -0.029928861 0.056102216 0.008401519 0.045090314 0.046231147 -0.054370027 0.0051308097 0.06107755 -0.037419155 0.03657063 0.05601343 -0.07657563 -0.0013231251 0.031851366 0.014568611 -0.069298714 0.049879894 -0.004028912 0.07833613 0.09228795 -0.042863075 0.07630625 0.08702645 0.12375757 0.05771832 0.0998534 -0.058973532 0.10760034 0.059768785 -0.004551449 0.033558052 -0.10445351 -0.036392447 -0.010909561 -0.079608 0.056679934 -0.062029835 -0.048260313 0.039810747 0.026738469 0.053722683 -0.09443249 0.108685136 -0.06946117 0.06984481 -0.04584796 0.050440565 0.09381417 0.08818743 0.09459967 -0.037446223 0.05216357 0.009584373 -0.026275238 0.049835656 -0.06592474 -0.08186843 0.015991872 -0.0392122 0.040404864 -0.04545942 0.074358754 -0.00805902 0.012796918 0.009068766 -0.04847794 -0.011954169 0.06686439 -0.020381065 -0.07258447 0.07150779 -0.053131294 -0.019455498 0.06595801 0.08799425 -0.10126447 -0.0899602 0.1290366 0.0822113 -0.026771246 -0.121380925 0.021454565 -0.078060955 -0.01579322 0.089976706 0.102305256 0.061009362 -0.0031107422 -0.02837747 0.04850155 0.07110704 -0.02676821 0.045112755 0.009119928 -0.06347955 0.008429383 -0.055116434 -0.05237263 -0.024866715 0.11670597 0.02115145 -0.07625134 -0.07303515 -0.031386483 0.031947847 -0.013045838 0.059125636 -0.031216813
0.035339218 0.002576892 -0.055081513 0.016434325 0.04253421 0.0883536 0.070840135 0.08538533 -0.06816964 0.10989216 -0.038158864 -0.0024274543 -0.021726971 -0.009463906 0.0005315419 -0.08898705 -0.075843744 -0.025194392 0.0643845 0.0016828058 -0.026406236 0.051626958 0.029810522 -0.04663786 0.11337812 -0.059524883 0.0070590586 -0.109171 -0.11279165 -0.036727082 -0.031242045 -0.006077863 0.07515015 0.031207435 -0.089563824 -0.037047427 0.15676038 0.012664147 -0.045139182 0.023148589 -0.035747368 -0.062543906 -0.05637385 0.14015424 0.024046654 0.016505348 0.0848691 0.057703145 -0.1187589 0.065711156 0.083069906 -0.12754062 0.037637573 0.11713345 0.08804861 -0.06755682 0.08669913 -0.029683018 -0.06959374 0.055633623 -0.10118545 -0.02218685 -0.068885565 0.04548846 -0.04872909 0.056383844 -0.027247572 0.0979714 -0.050275855 0.08905588 0.014412715 -0.041642208 -0.0029353485 0.02559463 -0.022038797 -0.0039231577 -0.010002949 0.083285555 0.05956825 0.107628 -0.027006062 -0.019052178 0.09787562 -0.031569023 0.1371757 -0.046424996 -0.04205473 -0.08714935 0.048249397 -0.084416926 0.099777795 0.007174833 -0.0415294 -0.089754194 0.05894878 0.02862703 0.06290865 0.055597 0.12052839 -0.08706073 -0.050649453 -0.004311696 0.07908548 0.056491528 -0.07646437 -0.08244865 -0.04812969 0.026140254 0.030495016 0.11667655 -0.087082036 0.024543397 0.029210342 0.028101478 0.1380361 0.16686337 -0.08277056 0.09364583 0.027447563 -0.06005362 0.07097159 0.028833734 0.035063747 -0.07274285 -0.018293355 -0.10117722 -0.08234756 -0.00858677 -0.083976835
0.12301991 0.044551812 -0.15313134 -0.21624956 0.09262029 0.018385267 0.048789587 -0.061739556 -0.066709265 0.058097642 -0.13340488 -0.08350311 -0.005269632 -0.08557588 0.027521353 0.04990502 -0.06465454 -0.010725066 -0.04500714 0.012338954 -0.007449399 -0.011395156 0.07586773 0.07913288 0.05353181 0.07504275 -0.028613072 -0.002225616 -0.066607 0.016526049 0.048548937 0.12556787 -0.07725858 -0.049112808 0.0072811833 -0.059493683 0.039197072 0.073691085 -0.008600828 -0.042492293 -0.056451276 -0.01255248 -0.07927642 -0.023647478 0.027790641 -0.045312192 0.016615963 0.08530445 -0.06575329 0.02474705 -0.012584046 -0.14984928 0.05898013 0.014046369 0.048767008 -0.12852922 0.10621254 0.016718484 -0.01399447 0.11741346 0.11945572 0.056692924 0.06298902 0.021901213 0.0067680445 0.06957177 0.040243622 0.033303656 -0.043649748 0.060991418 -0.03843799 -0.08109987 -0.06708531 0.1018124 0.064054444 -0.037352357 0.037730798 0.040672533 0.06838498 -0.013473396 0.011025517 -0.09525716 -0.060496334 0.09870332 0.022850908 -0.00803836 -0.066538215 -0.06399115 -0.07490439 -0.06407288 -0.050085593 0.025379572 0.07158358 -0.099854305 -0.059546787 0.060868252 0.039600626 -0.06577755 0.036857516 0.074699424 0.06800313 0.04262506 -0.06530537 -0.0066803563 0.01915109 -0.07933388 0.053761587 0.04653301 -0.056558166 -0.065335125 -0.077409826 0.076465935 0.05038829 -0.13110954 0.019551761 -0.10749621 0.052457403 0.12417411 -0.010521976 -0.043971915 0.044929683 -0.02966602 -0.04004612 0.036830284 0.043667313 0.07449467 0.07002962 0.116521716 -0.04816952
-0.09820172 -0.099041626 -0.05493767 -0.07570763 0.0036115942 -0.05660162 -0.061597135 0.051276173 0.004476644 -0.08801594 0.007222533 -0.08929873 0.013322741 0.059490755 0.046298664 0.059113607 -0.0067697824 -0.08387575 -0.0012863651 0.024251724 -0.012502796 0.05074619 -0.102750786 0.06592499 0.050280184 0.040068083 -0.07756061 0.026857348 -0.055492736 -0.09225295 0.087122984 0.084652685 -0.006802404 0.021876343 -0.06609925 -0.076702796 -0.06511648 -0.059503257 0.07051897 -0.03963886 0.07190019 0.010528078 0.056016445 -0.03719499 -0.0038177143 -0.07318931 0.077763915 0.0031612688 0.09178657 0.0007242188 0.008681297 0.08533425 0.0017824396 0.07078816 0.0431764 -0.07889446 -0.06392126 0.031347543 -0.06660436 -0.04332555 0.06676321 -0.060736775 -0.034875218 0.002768286 -0.0050697937 -0.02092062 -0.06795838 -0.05369022 -0.018058617 -0.05829882 -0.097397186 0.08103499 -0.09189616 0.027403431 -0.039618082 -0.08064858 -0.089245565 -0.05481064 0.092511274 -0.02597445 -0.057756364 0.060500707 -0.079798765 -0.05626221 -0.031899486 -0.07379894 0.03869845 -0.07609834 0.005690759 0.09474239 -0.026427321 -0.07117242 -0.03856325 -0.0745414 0.024141988 -0.02622445 -0.09948866 -0.014614661 0.043334614 0.04166193 -0.061971493 0.029068714 -0.09939961 -0.053329647 0.049114864 -0.024568101 -0.07765369 0.063912295 -0.012796663 -0.090272464 -0.087080814 -0.083349995 0.018148614 0.0778108 -0.022384426 -0.050312333 -0.030420544 -0.039322846 0.07509095 0.03468344 -0.002149835 -0.037245736 0.077731825 -0.06272417 0.07480491 -0.0058184345 -0.052875184 -0.07247148 -0.07329577
0.10059041 0.009942389 0.14471334 0.021149032 0.05147937 -0.0062110852 -0.14005803 0.020732809 -0.026642602 0.04677932 0.047688868 0.03437449 -0.0776315 -0.000006864546 0.07941156 0.026439687 0.061239954 0.04994791 -0.004579378 0.08831204 -0.029528312 -0.118901715 0.043149754 -0.037105538 -0.084453195 0.042746387 -0.03369161 -0.005698558 -0.08701407 0.09546939 -0.094685435 -0.016998198 0.08931985 -0.084413454 0.069520906 0.10422404 -0.058455717 0.037273847 0.09642418 -0.0036643108 0.065799214 0.00064178125 -0.061093554 -0.021812355 0.08595326 -0.0052737896 0.05258299 -0.054094937 -0.072098754 -0.032958765 -0.07445409 0.071120776 0.13972615 -0.015337933 0.048261166 -0.032872986 0.031071104 -0.03955758 -0.036178946 -0.0401523 0.016392214 0.049911607 0.08529344 -0.070472546 0.06854448 -0.0745163 -0.035533085 0.085948385 0.014138181 -0.011438352 0.022640895 0.01013842 -0.038549606 0.0051471693 -0.01385152 0.10979733 -0.017331038 -0.12836775 0.039283272 0.029766554 -0.06685311 -0.1234366 -0.024654517 -0.059718095 0.014763398 0.037767295 0.08935893 0.11099261 -0.018795524 0.00907185 -0.07467206 0.04057738 0.041559804 0.03415231 -0.1092673 -0.040905945 0.04953934 -0.05681977 0.06657849 -0.097730376 0.060535133 0.08494681 -0.08791811 0.111785166 0.09528007 -0.05019221 -0.050956614 -0.0000020073462 0.11279117 -0.029378181 -0.06253062 -0.07462514 -0.006053857 -0.020616557 0.017359776 -0.0065245293 -0.07562893 0.023022437 -0.060083546 0.00557901 0.050051782 -0.061822373 -0.046500247 0.04279953 -0.006379358 -0.050149366 0.0073411004 0.102600455 -0.055315312
0.06911972 -0.023410741 0.038737822 -0.059777718 0.08692205 -0.014408666 -0.023278471 -0.014817802 -0.09229541 0.07921929 -0.08594127 -0.06708457 -0.021307813 -0.13103569 -0.070762925 -0.098999694 0.055024102 0.080144696 0.006495733 -0.044908836 0.056376114 0.02437319 -0.036908157 0.031778283 -0.0069861696 -0.054069526 0.03168025 -0.07289334 0.016730214 0.03778483 -0.0030177357 0.049662694 -0.03735969 -0.070723645 0.10318418 -0.06689192 0.0034125121 -0.07215649 -0.02252291 0.100012474 -0.08010919 -0.033546764 0.0029401677 0.074610375 -0.013239996 0.10570838 0.024569942 0.02259392 0.005786526 0.0674537 -0.035027508 0.074357964 -0.0700328 0.01215971 -0.061386757 -0.002735962 -0.05067939 -0.045299824 -0.06522173 -0.012197806 0.0488165 0.023212723 0.098227866 -0.03536409 0.08297818 0.07106205 0.043419283 -0.056877207 -0.08389011 -0.06077808 0.028065275 0.055563767 0.06780919 0.06907074 -0.093822144 0.12833525 -0.030949598 -0.044949457 0.018316306 -0.069125704 0.034469068 0.028552957 0.036649898 0.041393656 0.040377017 -0.05228067 0.07421957 -0.12616839 0.086453095 0.047394007 0.062795706 0.014924069 -0.04487024 0.10301662 -0.042754024 -0.050468184 -0.010499441 0.00666436 0.044802144 -0.022984553 0.0828232 0.0484623 -0.13147277 0.050366703 0.09632023 -0.029920345 0.11352022 -0.10127691 0.121110186 -0.08729589 -0.036401942 0.08088135 -0.023786856 -0.05439015 0.06851259 0.08752916 -0.06829833 -0.050503597 0.035203792 0.033147834 -0.05752254 -0.046937294 -0.014388302 -0.07307946 -0.016559387 0.003216214 0.07326224 0.0863594 -0.023847418
-0.17965727 -0.037532955 -0.09798508 -0.023119166 0.06507478 0.014687412 -0.046266288 -0.12667763 0.08695088 0.119535975 0.037775274 -0.12909776 0.13069513 -0.06506671 -0.0189463 0.110720366 0.09263906 -0.07759976 -0.06584539 -0.09276486 0.03247428 0.09539232 -0.040493596 -0.087832816 -0.072459854 0.05222131 -0.0052172644 -0.0057909014 0.012082297 0.044923093 0.060149893 -0.09064126 -0.071524896 0.028682675 0.043392334 0.071812786 0.00546215 -0.017237429 0.040769268 -0.08319008 0.024195485 0.013793844 -0.03773744 -0.016228514 0.0807077 -0.046739046 0.024918932 0.030305028 -0.044533715 0.1866332 -0.011938092 0.0382769 -0.04436189 -0.044423066 -0.10176057 -0.037684243 -0.09174525 0.012726952 0.07686393 -0.028347787 0.019200914 0.05589262 0.03179925 -0.051243655 -0.033580147 0.037683893 -0.07128777 0.015797958 0.13949807 -0.018628951 -0.08526587 0.0080893105 0.03985896 -0.046801418 0.10092259 -0.066173986 -0.07321439 -0.026293427 0.09185077 -0.06507726 0.043357544 0.12697916 -0.047218777 0.07076832 0.065931804 0.005951249 -0.032907788 -0.041322935 -0.055309366 -0.020969972 0.039723847 0.046011653 0.059976406 -0.056963593 -0.0029877813 0.06628139 -0.12846945 0.049269784 0.050458793 -0.015979815 -0.10204327 -0.048611093 -0.013650395 -0.107307136 0.11966492 0.02207534 0.119604975 -0.014879642 -0.01415628 0.030895578 -0.006888489 -0.07997988 -0.11223334 -0.076271094 0.05409509 -0.004315614 0.13024998 -0.035272233 -0.060582906 0.031640388 0.090295896 -0.07232317 0.07683313 0.0730169 -0.0125556085 0.072064854 0.051434018 0.008583436 -0.059173103
-0.09732311 -0.010386382 0.13434412 -0.0058599734 0.088970624 0.04279463 -0.099261045 -0.10890281 0.09952478 0.058615204 -0.019779447 -0.027983198 0.15772374 -0.008394517 -0.16932392 -0.12628374 -0.0636776 0.03754093 0.02886957 0.0979608 0.08061743 0.06769934 -0.05242325 0.093698256 0.041771557 0.050746035 0.087255396 -0.12482008 0.022420144 -0.08940595 -0.05805173 0.04072788 0.08035729 0.07232925 0.057610564 0.03318679 0.0077074803 -0.09970053 -0.057557397 -0.05779319 -0.10066575 0.0073611205 -0.028216999 -0.0072589973 -0.015698174 -0.003320581 -0.04505377 -0.0155189065 0.013764952 0.084855966 -0.06882287 -0.037450965 -0.055148188 -0.0024759423 -0.06307937 -0.00014007014 -0.10173273 -0.029764757 -0.01843197 0.007689564 -0.05920168 0.11367118 -0.028386157 0.073896214 0.07246674 0.010217895 -0.053464875 -0.075612046 -0.027945228 0.0038476745 0.018186562 -0.012061233 0.14490059 -0.028044783 0.07170204 0.0340702 -0.10664247 0.11632116 -0.011068378 0.10349014 -0.04591169 0.011799723 -0.060531717 0.07114093 0.06012039 -0.03647049 0.07291744 -0.05063062 -0.08604433 0.114812106 0.03699605 -0.05080251 -0.010551258 -0.08990481 -0.045678582 0.11382193 0.030016026 0.14111772 0.0086263195 -0.051130507 0.053921312 0.095088795 0.073918656 0.07062056 0.078691356 0.0012039596 0.02191861 -0.0667112 0.0936288 0.04205369 -0.033686526 -0.09058337 0.012014359 -0.019808898 0.0020016725 -0.170929 0.14217393 -0.05422592 -0.05670738 -0.015602446 0.09798684 0.08467114 -0.0062326943 -0.0634758 -0.047776494 -0.08022697 -0.07734664 0.059072267 -0.07511357
0.0413706 -0.065057926 0.01520856 -0.035651516 -0.03387324 -0.018726338 -0.020955274 0.076034285 -0.044928923 -0.014285255 -0.026861757 0.058401752 -0.07171659 0.09606067 0.04197388 0.022826904 0.0538637 0.040443704 -0.07431689 0.06350976 -0.10723447 0.049925867 -0.023704648 -0.037227742 -0.0135111 0.06938061 -0.06022026 0.14228584 -0.10260339 0.0024657508 -0.036133807 0.017673388 -0.030806104 0.039526768 0.036265686 -0.07602257 0.090731725 0.03204052 0.009447197 -0.061449464 0.07750592 -0.07099489 0.0036146943 -0.06570433 0.008283327 0.057807025 -0.12672423 0.080604054 0.10048335 0.08405056 -0.097604066 0.056624252 -0.11738696 0.05471826 -0.05326492 -0.009423221 -0.054558393 0.020362318 -0.054883603 0.084787175 -0.0708731 0.04271993 0.015867788 -0.013156696 0.070920564 -0.0676288 -0.09015209 0.06178222 0.10994697 0.051330455 -0.013702435 0.077561945 0.107794784 0.10108076 -0.09338312 0.031336024 0.006449271 -0.0157326 0.020634074 0.109450236 0.040416054 0.04549875 -0.005700244 0.074338675 0.06924834 -0.07285475 -0.096759476 0.08746759 0.026675694 -0.02126341 0.07609623 -0.012459157 -0.037667535 0.080269985 -0.087028764 -0.046529748 0.008945946 0.09548375 -0.027760925 -0.024955017 0.07124654 0.08469878 0.07579741 0.0026872917 -0.034014594 0.02117946 0.0015953401 -0.11713762 -0.022441957 -0.06550229 0.118933186 -0.026242716 0.029185167 0.0031064025 -0.039533015 -0.058931205 -0.0044283033 -0.057973564 -0.058695614 -0.09670618 -0.017281504 -0.032191847 0.036245868 -0.022127794 -0.02328823 0.02263363 -0.027321097 -0.06930767 0.102889426
-0.10813513 0.09016451 0.14006767 -0.095302284 -0.00016921721 -0.060817424 0.0022002032 0.047970224 -0.07089564 -0.013010381 -0.0035939037 0.07531696 -0.07300052 -0.051160447 -0.05190543 -0.010453959 0.023488617 -0.05999004 -0.058327854 -0.021984946 0.041657608 -0.04843017 -0.08125043 -0.017264334 0.010998954 -0.0593537 -0.051690653 -0.10445322 0.088368475 -0.020853667 -0.042118747 0.06520017 -0.05728214 0.06848778 -0.022878565 -0.044680476 -0.007451 -0.058996182 -0.020246211 -0.10193356 0.038117945 0.015910584 -0.04420974 0.1126559 -0.10050277 -0.049186938 0.010036049 0.050833147 0.057329856 -0.092491336 0.08167993 0.04237243 -0.03417884 -0.08757297 0.025502728 -0.040884916 -0.0016588038 0.021325737 0.098273315 0.040343463 0.12582186 -0.008708933 0.027938278 0.09745493 0.052535675 -0.058331653 0.002168126 -0.058374736 0.15137576 0.07228929 -0.108864754 -0.029523179 -0.0393334 -0.05595829 0.08271969 -0.035484757 0.05973584 0.024154859 -0.009363032 -0.036563102 0.049651228 0.102608494 0.024047872 0.016717296 0.044560373 -0.079598375 0.12660049 -0.10181375 0.095048055 -0.06732327 0.119748846 0.1252118 0.039717253 0.061735116 0.07672585 0.024851354 0.0965926 -0.05910408 0.100156024 0.092239596 -0.095472924 -0.08645678 -0.045759868 -0.046087027 -0.0856169 0.09367723 -0.041122567 -0.064968206 0.06900688 0.07561078 -0.026181715 -0.0072773206 -0.10401468 -0.07871198 -0.012481701 -0.101582505 0.09936057 -0.06788994 -0.07638623 0.035390582 0.090170674 0.04364789 -0.029337874 0.118247285 0.06609811 0.099068284 0.056700476 0.021472985 0.016935986
0.06271786 -0.07874282 -0.052464187 -0.164067 -0.09355188 -0.011636364 0.08597097 0.08010119 -0.107207336 -0.10165102 0.032276697 0.07180947 0.034871127 0.037525896 -0.055256322 -0.0558153 -0.005626412 0.01514209 -0.10914715 0.032326527 0.012080033 -0.04639894 -0.0021620386 -0.04407216 0.03097443 0.06475221 -0.021531139 -0.0052062757 -0.11666412 -0.004900433 -0.012142912 -0.015529687 0.056782335 0.031423196 0.0006235474 -0.055716988 0.019053455 0.05530154 -0.013995405 -0.11609861 0.06579879 -0.0058294875 0.0006403821 0.032281496 0.015824897 -0.08453717 -0.085466295 0.035999984 0.01826692 0.04461246 0.117752515 0.02416325 0.07949839 0.113754295 -0.030912668 0.008503826 -0.0008138462 0.03507941 0.07399211 0.114057645 -0.067571215 -0.10856547 -0.008737299 0.053430915 0.030669853 -0.024763659 0.045607988 0.0431386 0.07909269 -0.11246772 -0.059650857 -0.0973728 -0.044485334 -0.0055857017 0.020378642 -0.07035391 0.09340473 0.118366554 -0.0835953 0.085239835 0.017559363 -0.10308214 -0.009378112 0.0340908 -0.06368465 0.10580212 0.0105283195 0.030579036 -0.01260261 -0.011195562 -0.0254471 -0.074504755 -0.033493668 0.07855124 0.07206178 0.017954955 -0.08319274 0.044676412 0.07293854 0.1151514 0.005729042 0.0052269977 -0.014567575 -0.03394867 0.069876306 0.12402293 0.04931439 0.064206704 -0.0013429254 0.123756364 0.08044042 -0.1193682 0.057412144 0.037251774 0.074386045 0.06009991 0.056900892 0.06509045 0.0010238722 -0.060401656 -0.022099072 0.09192568 -0.0043064235 0.029407179 -0.1024791 -0.024395574 0.063384466 0.08425647 -0.05821497
0.004241595 -0.076883 -0.10822157 -0.011048288 -0.006840508 -0.0064225965 -0.0036831743 0.040791903 -0.06624421 0.062495667 -0.002016738 0.08338229 0.08744783 0.0433097 0.12703508 0.10023526 -0.030548219 -0.03816372 0.03864989 -0.11614528 -0.0849355 -0.09761124 0.0036488352 0.04610873 -0.02394146 -0.04259771 0.025130479 -0.09448543 -0.07875596 0.07192227 -0.07840556 0.087462224 -0.00568541 0.012153699 -0.018770535 -0.08175164 0.071345285 0.10658423 -0.029327992 0.03545266 0.053850178 0.081231736 -0.053380568 0.0229675 -0.019307045 0.016322635 -0.09974557 -0.014915625 0.023015942 0.06501045 0.042994678 -0.07652236 -0.11980072 -0.002524252 -0.02438526 -0.1431838 0.034466524 0.00912368 -0.07622509 -0.008764164 0.0545575 -0.08194575 0.028482065 0.0069288267 0.09727232 0.005852825 0.113553196 -0.05660389 0.12655714 0.008766216 0.066314235 -0.11203062 0.091878615 0.05857231 -0.04327746 -0.07685281 -0.03641049 -0.06849897 0.10018435 -0.087158345 -0.0896714 -0.035415627 -0.053911928 0.1292533 0.12769833 0.06573142 -0.042652566 -0.10002333 -0.023668468 0.08790965 0.007969555 0.09939423 0.058770202 0.091276385 0.025529748 -0.07174734 -0.08458712 0.058610357 0.056534782 0.10232559 0.0058961334 -0.119204514 0.08459861 -0.0054944083 0.059808247 0.07407233 -0.08499167 -0.009638847 -0.015377168 0.023547482 -0.0015152191 -0.042089373 0.068511344 0.07718188 0.017976053 -0.0014777372 0.095911354 0.06265082 0.08668689 0.060058102 -0.01858874 0.039637625 -0.08341565 -0.0021578765 -0.022111896 0.07533947 -0.019638028 -0.1118566 0.042421762
0.050261702 -0.042523947 -0.07483249 0.064583234 0.024591513 -0.08415517 -0.072203495 0.020484129 -0.03475301 0.052136887 -0.030332468 -0.08097869 -0.046989545 -0.008358139 0.04116217 0.0032490806 -0.07645807 0.11741431 -0.01018608 0.015389615 -0.04917143 0.057096418 -0.00539111 0.09679573 -0.0143105555 0.112668835 0.06520269 0.0032007839 0.06456604 -0.06616926 -0.015444729 0.017873107 0.027264398 0.011873188 0.073128074 0.03513934 0.022681106 -0.049260147 0.025537115 -0.052165117 -0.064570434 0.13349818 -0.04361959 0.003496715 0.105949365 0.061906785 -0.030450262 0.030908614 -0.058206078 0.06275047 -0.07415264 0.0009248746 -0.042706605 -0.030914592 -0.010711108 0.06034768 -0.006563482 -0.069458306 -0.10958889 -0.10294107 0.015038253 -0.09048883 0.0737483 0.004161498 0.073103964 0.048252713 0.091573715 0.07908856 -0.108019866 -0.072179064 0.006027115 -0.036490068 0.14840975 -0.06577416 0.06732605 0.05977109 -0.13565718 -0.040641356 -0.020639818 -0.002176023 0.08304372 -0.0053745084 0.0982729 -0.05591641 0.08105909 0.102148004 0.026011853 -0.011216979 0.0046829833 -0.04144698 0.08472838 -0.006970016 -0.0102268085 0.07339525 -0.017925331 0.059892196 0.0524074 0.08016687 0.100354634 0.072981305 -0.0461332 0.0018911071 0.016679758 0.08248258 0.04545101 -0.095661476 -0.0005441969 -0.008348011 0.10007381 -0.037254833 0.012983977 -0.057282463 -0.03308275 -0.10421212 0.053168792 0.024115574 0.0038161275 0.06596107 -0.07780989 0.1302072 0.06466061 -0.08553391 -0.08017091 -0.07927888 0.021154951 0.009963781 -0.024419632 -0.035614256 0.10789535
-0.0859378 0.0091281 -0.0331991 0.0033044019 -0.035325386 -0.03573673 0.079378515 -0.01764172 -0.01921758 -0.045358986 -0.011751381 0.07400084 0.062335227 0.013368082 -0.05243189 -0.007897484 -0.008459364 0.025632631 -0.054440908 -0.033176992 -0.021974213 -0.08376394 -0.08284046 -0.047804587 0.086141825 0.015383999 -0.10255674 0.012112395 -0.043420605 -0.07985962 0.0052034087 -0.09101345 0.07434288 0.08850378 -0.05875344 0.08498061 -0.006842493 0.010972823 0.043313384 -0.05820398 0.01608378 -0.0063391253 -0.046558008 0.05883245 0.019146835 -0.037191268 -0.028504869 -0.089075655 -0.08760386 -0.007134072 0.010381995 0.088086605 -0.076941445 0.043545723 0.027076801 0.09852646 -0.017643625 -0.028189037 0.006568632 -0.055722337 -0.011456605 0.019319868 -0.012261041 0.054903317 -0.05893858 -0.08341771 -0.10137954 -0.0066855224 0.032708917 0.027605126 0.05177308 -0.07977967 0.06314362 0.022319654 -0.045766857 0.0603209 -0.0639852 -0.052857853 0.011712892 0.08688244 -0.057822682 0.02691391 0.059266582 -0.0035829244 0.012274905 -0.034611978 -0.02649912 0.059257045 0.014436425 -0.091220014 -0.10914492 -0.04385396 0.020302271 0.02905596 -0.06957853 0.05809448 -0.089523606 -0.09835926 0.02895909 0.076715164 0.070999876 -0.05804865 0.059595726 0.0011965375 -0.032885645 0.050958376 -0.07576887 -0.043018233 0.07243149 0.023088168 -0.0925669 -0.020650012 -0.038327537 0.0034141548 0.07366441 0.05217911 0.008539151 0.060339794 -0.07268734 -0.07019925 0.06102081 0.019305173 -0.003972353 -0.08713732 -0.03329944 0.034530964 -0.01177252 0.05812587 0.01775046
0.05548571 -0.0033395917 0.051538378 0.07359998 0.08058838 0.02647321 -0.0033209096 -0.06478607 -0.107912794 -0.040415853 -0.0038244384 -0.035744615 -0.096180506 -0.028501729 -0.08833794 -0.010914863 0.08535399 -0.04570937 0.023788393 0.08971277 -0.09051414 0.087369345 0.03834294 0.06059584 -0.06151833 -0.062199622 0.09008109 0.015671184 0.03943053 0.03756845 -0.027768087 -0.009426659 0.022681376 -0.052460354 -0.055887643 0.060325515 -0.12582688 -0.07027788 0.099524744 -0.007626684 -0.05934273 -0.03445096 -0.062413514 0.048493374 -0.0091176275 0.011790359 -0.034752525 0.010217671 0.057497468 -0.020752253 0.026527401 0.07260393 -0.062791154 -0.023538243 -0.029147515 0.083557904 0.1372358 0.020939017 -0.033142626 0.11871808 0.12234028 0.12926468 -0.05972576 -0.003495632 0.0038063384 -0.06562296 0.059214473 -0.013409257 -0.09089167 -0.041724205 -0.095966525 0.08728388 -0.088944025 -0.092604235 -0.019358069 0.03465531 0.05232224 -0.08540586 -0.007085336 0.062191784 -0.07792815 -0.08504493 -0.070854396 -0.016143994 -0.107291594 -0.08106624 -0.0323544 0.07126954 -0.05119414 0.04055205 0.012286471 0.026245596 0.06818615 0.005344557 0.09187971 0.086006284 -0.06777467 0.09029441 -0.045487687 -0.11521421 0.05457633 0.06381628 -0.007542957 -0.12077657 0.032285113 -0.052751917 -0.02638373 0.07646197 0.011008928 0.03776117 0.084345005 0.040995244 0.11855915 -0.11541093 -0.040546563 0.035207152 -0.11126453 -0.065097205 -0.016534427 -0.10491316 -0.015497259 0.084441364 0.11635905 0.13397872 0.008493811 0.07423021 -0.040893212 0.09737293 -0.031092595
0.01295272 0.09630218 -0.15867315 0.035613257 -0.014525938 0.055455606 0.05116554 -0.06819846 0.06276347 -0.05669564 -0.09396275 -0.045594107 -0.08106344 -0.07185733 0.0024638304 0.09750009 0.05361618 -0.055854447 0.04755826 -0.025540734 0.053510062 -0.010230381 -0.012447394 -0.059936695 -0.013833926 0.037351847 0.032535646 -0.04987671 0.05528639 0.1050426 -0.00822091 0.011977946 0.05411531 0.04614252 0.051953588 -0.05525779 -0.079106435 0.018324422 -0.06880503 -0.09155648 0.063246466 0.084921695 0.09053671 0.012408622 -0.037129268 -0.04173097 -0.06327321 0.123970814 -0.055202093 -0.10045898 -0.019795896 -0.16468853 -0.09635893 -0.03580929 -0.019270815 -0.11013319 0.085181415 0.08401724 -0.014629787 -0.08740715 -0.04705226 0.15977736 -0.021497212 0.09108851 0.09312702 -0.045623954 0.09533512 0.0049245874 0.01306203 0.12503526 -0.03429344 -0.04115218 -0.06845467 -0.068452425 0.038889058 -0.10004652 -0.010725796 -0.023067223 -0.15368296 0.043044347 0.094637044 -0.074378036 -0.0689818 0.018741334 0.0032507195 0.014793066 -0.051042642 -0.025548035 0.07966249 -0.07527122 -0.05652392 -0.115244225 0.010721679 -0.07931625 -0.021646094 0.05252138 -0.036324542 -0.032132894 0.10958909 0.06043649 0.069599204 0.121528246 -0.05207358 -0.049468502 0.13950098 -0.08216933 0.13930458 -0.08620356 0.09510331 0.057861738 0.019866433 0.00009913643 0.05683441 -0.13154475 -0.015245947 -0.19578707 0.034385514 0.10534549 0.07166914 -0.049381327 -0.017082395 -0.024154361 -0.043692384 -0.07206207 0.113722384 0.092848934 -0.09322444 0.07575054 0.097399555
-0.10751989 0.06713249 0.11880327 -0.05076925 0.04688572 -0.012416858 0.047987625 -0.0723577 -0.045220617 0.11771923 0.057906162 -0.04821739 -0.080565 -0.110025205 0.093669675 0.04362606 -0.01699392 0.036882106 0.039242525 -0.017066054 0.022766123 -0.038473655 0.023405 0.07796447 -0.07592754 -0.027742093 0.024763413 -0.016796187 0.030899424 -0.012911388 0.009975743 0.09437766 -0.046917655 -0.0589544 -0.002044074 0.025425375 0.0062892446 0.08043843 0.05701342 0.029348096 0.040688936 -0.057908874 -0.057368837 0.073844254 0.0630918 -0.0566744 -0.07259752 -0.1015001 -0.044033498 -0.008379913 -0.05317673 0.0440603 0.015822642 0.03761879 -0.01008057 -0.087848656 0.084510244 -0.04770098 -0.087955035 -0.01952705 -0.019795567 -0.0752626 0.024791414 0.030545542 0.053769387 0.07907258 -0.05027065 -0.1420353 -0.023102213 0.014438033 -0.026116673 0.037070494 -0.10255584 0.08901489 0.08425537 0.030380014 0.024411421 -0.015762772 0.058489192 -0.101497576 0.025464782 0.019470187 0.077817604 0.097959384 0.026112078 0.06326727 -0.07766075 -0.05903908 -0.09130413 -0.028240466 0.02393787 -0.002556439 -0.038269073 -0.051379174 0.08655413 -0.04422825 -0.09742066 0.10188254 0.07822468 0.12390294 -0.07383503 -0.022010287 -0.024497868 0.0015841657 0.03178725 -0.011209781 0.01567631 -0.06501357 -0.059096977 -0.05681437 -0.01459841 0.07184654 -0.10434322 0.11128044 -0.0649112 -0.16531502 0.094336584 0.052767087 -0.01364495 -0.026661495 0.023627654 0.067225285 -0.018471729 0.07636686 -0.035995778 -0.01640164 0.08513907 -0.043555483 0.045343447
0.057811093 0.07851608 -0.12165945 -0.12344112 -0.04748115 0.09934432 0.07528669 -0.08814051 -0.057206914 0.017354092 0.033497095 -0.098137856 0.08376208 -0.0717173 0.059895687 0.030960348 0.04203934 0.034771718 0.0035417795 -0.048761588 0.032761198 -0.104408726 0.051410552 -0.04447876 -0.015218998 -0.022519212 -0.024956984 -0.15050578 0.032527786 -0.13036484 -0.03411706 0.044877514 0.06168918 -0.052454766 0.04635795 -0.065551996 0.05044008 0.039247505 0.036242306 0.07121147 0.047907244 0.023562284 0.038082328 0.06367168 -0.03851477 0.06669712 -0.064944185 0.00806641 0.0011365721 -0.0119495485 -0.004998118 -0.1318686 -0.08565386 -0.12111191 0.008096444 0.04222684 0.074622266 0.011783245 0.01917624 0.009743588 0.0018766253 -0.017663104 0.042132072 0.08730859 -0.099066205 -0.07571503 0.027085805 -0.058220413 -0.0318006 -0.05956801 -0.1040272 0.06858675 -0.009761786 0.010373956 -0.06288985 0.057370327 0.005609146 -0.012480619 -0.049314648 -0.14667933 0.10254614 0.008673089 -0.11081017 -0.03307255 0.06715762 0.08619292 0.028681027 -0.04193525 -0.039572313 -0.025527589 -0.08908445 0.004856677 -0.0329002 0.09797374 0.09441448 -0.06303076 0.041014377 -0.07308345 0.038579866 -0.035556953 0.028010879 -0.016591698 0.033252873 -0.0832689 0.14101629 0.09522328 0.056454998 -0.052922107 -0.06806699 0.025134819 -0.037418883 0.098835446 0.06796332 -0.048408583 -0.1100534 -0.04966524 0.024147462 0.025288073 -0.017761571 -0.07222924 0.019687397 -0.043244254 0.04241151 0.051031027 -0.063922055 -0.008271342 0.04078272 -0.019645963 0.10983725
0.12755655 0.065890186 0.11634395 0.06582075 -0.030128732 -0.042059675 0.04022392 -0.11220088 -0.035643563 -0.014478082 0.051984083 -0.16906905 0.018485192 0.028969144 -0.047299746 0.008652513 0.08644362 0.033356544 0.02259919 -0.050661188 0.0027356334 -0.05705193 -0.0026524735 -0.0048396047 -0.052786265 -0.13885878 -0.006603342 -0.022700563 -0.10944634 0.07957795 0.09104891 0.08638507 0.08554616 -0.002285513 -0.026272558 0.024762407 -0.21039039 0.007960636 -0.031845845 -0.019306414 -0.14323659 -0.100262105 -0.008995562 0.013998105 -0.026782682 0.02039645 -0.055398624 -0.0018769106 -0.0048743025 -0.09625808 0.015044405 0.040449087 -0.060889818 0.022377755 -0.004611808 0.07795809 -0.10414417 0.051908717 0.028476158 -0.03730684 0.041444406 0.11020234 -0.023520682 -0.046525866 0.07846982 -0.045308903 -0.092582606 0.112252966 -0.011670144 -0.1685832 -0.0085080275 0.02303677 -0.06071707 0.0609489 0.008573894 -0.07068551 0.035894323 0.050071027 -0.04601395 -0.018524462 0.05720787 -0.022439033 -0.09069998 0.09910813 -0.11951849 -0.10028817 0.030998735 -0.015722731 -0.13350992 0.006254003 -0.023720803 0.002083771 -0.02458724 0.0030243075 -0.034438033 -0.07935304 -0.0027631414 -0.01584781 -0.06410764 -0.041467685 0.09022146 -0.023850828 0.0552744 -0.050230563 0.021358347 0.11957897 -0.10421609 0.018315198 -0.0028475055 -0.006567601 0.14192243 0.08979236 -0.01933485 0.110361405 -0.11537494 0.02878011 0.037837215 -0.017543375 0.09055161 0.06784359 -0.09379966 0.0554216 0.1221293 0.11521539 0.011486258 -0.005110235 0.016629858 0.027118728 -0.04950671
0.0038319558 -0.038499363 -0.044480782 -0.07176204 -0.07131126 0.024160406 -0.069887854 -0.022354187 -0.09193576 0.09684074 0.012905305 -0.04238009 0.049324907 0.022788083 0.04301108 0.048582327 0.08720813 -0.06708834 -0.020311229 -0.046524234 -0.042481296 -0.01051164 -0.054769896 0.008254921 -0.043441936 0.108730346 0.07308875 0.07879588 -0.08431941 0.028462287 0.05958282 -0.06102043 0.053948842 0.092309356 0.027096903 -0.0800314 -0.082734875 -0.06331005 -0.04284001 -0.048764914 0.110993475 -0.08668637 -0.03212155 0.063135 0.037090797 -0.06994778 0.035852887 -0.07713979 -0.0010361184 -0.052530188 -0.045589555 0.0901607 -0.021634104 0.028800981 -0.069245555 -0.057146877 -0.00043749445 -0.048227474 0.07302124 -0.019235974 -0.023444986 -0.037971493 0.037665058 0.06397348 0.09027072 0.041148104 0.012344832 0.018992143 0.093518525 0.026495688 -0.05145162 -0.029214613 0.013245641 -0.022232525 -0.046327163 0.03229023 -0.08126686 -0.029326532 0.014369954 0.01919591 -0.07069141 0.091536894 -0.04433514 -0.065288894 -0.0542602 0.058490325 0.022877462 0.033505462 -0.0096280305 -0.017451482 -0.04792863 0.05095167 0.053452346 -0.11933509 -0.022267943 0.07807103 -0.07522794 -0.00024325255 -0.014931652 -0.021877296 0.026897091 -0.038934495 0.08496851 -0.084490664 0.03374883 0.023813741 0.1178793 -0.072782986 0.12356378 -0.030248005 0.0065769795 -0.0036218418 0.08379706 0.04048696 -0.026739452 -0.08984975 0.043025136 -0.075612105 -0.045396443 0.07017376 -0.022841679 0.017120888 0.10776448 0.045422547 -0.024284435 -0.044565815 0.0015930689 -0.0473085 0.0456106
-0.09835238 -0.06158681 -0.13718626 -0.16377547 -0.029480753 0.03940023 0.051375616 0.05980957 -0.042365298 0.05248595 -0.046007402 0.07590275 -0.011706956 0.10888645 -0.010285674 -0.041964673 -0.04198338 -0.015120377 -0.078209 -0.027413607 0.0342472 0.010717935 0.045319516 -0.007771846 0.06885405 0.024415169 -0.05903894 -0.022243934 0.076149166 0.11206849 0.039952647 0.025445187 0.014999767 -0.090245254 -0.069318324 0.107337855 0.0024146435 -0.10384532 -0.023201438 0.1146651 0.10366551 0.10463978 0.041409433 -0.14014718 -0.0020183783 0.11147391 0.11145978 -0.091536954 -0.0027906466 -0.03549343 -0.0119484365 0.043974612 0.056120675 -0.027783647 -0.073156014 0.0733268 0.010465969 -0.03142242 0.037164755 -0.07713611 0.022246994 -0.08162846 0.041271657 -0.09989138 -0.10175006 0.08660686 0.041694313 -0.001516557 -0.018134587 0.08559765 -0.061535988 -0.09060192 -0.03577726 0.0071673314 0.09202616 -0.096666455 0.031027265 0.12960869 -0.0732576 0.1148553 0.11732645 0.06129759 -0.07845381 0.063160904 0.06436271 0.0007434751 0.02170884 0.08915464 -0.0072117895 0.023947861 -0.1148886 0.03156267 0.013213566 -0.030868156 0.055976346 -0.1269369 0.035295807 -0.017818743 0.089261405 0.13921113 0.0672941 0.05655803 -0.057650473 0.10356284 -0.03835332 -0.06355136 0.0020607847 0.011044027 0.016942477 0.119754165 0.0042836773 0.05890236 0.012805134 0.080823526 -0.07303254 0.014244092 -0.0308448 -0.008093319 -0.0505993 0.07063877 0.02698682 -0.0018405919 -0.029899258 -0.11306373 -0.023783917 -0.04910075 0.060855348 -0.07971872 -0.05582503
-0.012484195 0.004817714 0.042248238 -0.086590566 0.0049727242 -0.05024357 -0.0095475055 -0.12985146 0.046974193 0.037248936 0.03615045 0.0545357 -0.018277332 0.03099586 0.06265716 0.010555837 0.034301445 -0.067838155 -0.08966487 0.07432549 0.11333065 -0.045415487 -0.049445204 0.096181594 0.049811486 0.11628838 -0.022989761 0.0015369087 0.11010941 -0.019453054 -0.100816965 0.062668756 0.023455683 -0.024678875 -0.13367294 -0.043454107 0.036418702 0.096288644 -0.030675946 0.009820781 0.087689675 0.01267367 0.031809922 0.055236258 -0.08067858 -0.051807128 -0.122865446 0.05997723 -0.0502981 0.0147243645 -0.10526412 -0.11444757 0.08892263 0.070198335 -0.01967719 -0.09787676 -0.010228469 -0.013679629 0.050900724 0.0009915265 -0.013463932 0.032830376 -0.025865586 -0.040874604 -0.01673192 0.021082254 0.059466716 -0.12660246 0.11497832 -0.062148325 -0.0591032 0.010705263 0.035715394 -0.048085947 -0.026025236 0.0019873495 0.03496542 -0.0067200414 -0.014615465 0.05589328 0.039434467 0.04180818 -0.09199883 0.12094084 0.031885754 -0.043012682 -0.02093757 0.06771535 0.019900195 0.06309803 0.037861314 0.0009804528 -0.10303545 -0.08991624 -0.0931283 0.035167944 0.0988731 0.057516 0.030389635 -0.054159097 0.06477595 0.012296129 -0.0780849 0.13948026 -0.06545656 0.07474976 -0.01609691 0.109215006 -0.013219564 0.050508752 0.106924385 0.030208223 -0.061087504 0.13759786 0.04104234 -0.07130665 -0.018694624 -0.034666266 0.025559677 0.054250654 0.05353296 0.06725624 0.07776235 -0.11660637 -0.0037318417 0.10396537 0.03847579 -0.10224971 -0.07238533
-0.04878856 -0.055906486 0.1806385 0.00045096467 0.008219691 0.04099168 0.107593544 0.104219265 0.055309396 -0.011675962 0.046290506 0.039926272 -0.0496715 -0.08783759 -0.023765994 0.04639567 -0.06344743 0.08357648 0.07889136 0.123943664 -0.10643513 -0.07184662 0.020718234 -0.11443547 0.11790149 -0.08263986 -0.07421603 0.0113785025 -0.10917504 -0.03231586 0.019809674 -0.026489282 -0.12448802 0.06179076 0.031391427 0.08766267 -0.08689463 0.0047747754 -0.025453439 -0.118650794 -0.041235436 -0.0025819384 -0.019160068 0.07443498 -0.07967629 0.015969744 -0.12202662 0.11810481 -0.04614652 0.008652477 -0.078090124 -0.07982457 -0.005625453 0.09456277 0.10905982 -0.110195056 -0.043092776 0.083139926 0.07277142 0.048272744 0.014799467 -0.005972164 0.08749348 0.080224656 0.052780677 0.09381052 -0.11343977 0.107319914 0.06341 0.064403854 0.031032389 0.0012342745 -0.022319444 0.038386595 0.021805441 0.06087812 -0.00046903171 -0.068724066 -0.032929182 0.042104628 0.022129836 0.07865111 0.08914232 -0.08477952 -0.054799452 -0.11784651 0.05743773 -0.095750965 -0.08504292 0.07468688 -0.0028526753 0.035809696 0.06744447 -0.010604989 -0.07217028 -0.073454246 -0.10451326 0.06545263 0.058086645 0.053190082 0.041442666 -0.022825537 -0.071605995 -0.092145704 -0.10597997 0.004874014 0.104080245 -0.054406077 0.07449401 -0.015930206 -0.09655313 0.05793504 -0.05462494 0.071451455 -0.049041696 0.06414629 -0.020922037 -0.09644008 -0.07503113 0.033384528 0.072110705 0.019274637 0.062265705 0.08898707 0.060779426 -0.05062496 -0.01234995 0.08510391 -0.036279928
0.06569146 -0.07337003 0.087242916 0.041283987 0.019002458 0.037506003 -0.000116770716 -0.009471995 -0.04832999 0.044358835 -0.029568875 -0.08944065 0.0293079 -0.070633225 -0.031184534 0.08251206 -0.055886615 -0.017914658 0.008837737 -0.028410558 0.026204016 0.074793965 -0.10146893 -0.052039087 -0.006111269 0.06762684 -0.015060884 -0.09791674 0.062218178 -0.1029666 -0.04339856 -0.06309846 -0.104120426 -0.045428623 0.09036018 0.0822655 -0.021767624 -0.066691 -0.050400462 -0.027383525 0.018318713 -0.07308726 -0.07181949 0.039437797 -0.09731044 -0.040512405 -0.0023470402 0.023095023 0.008180186 0.09738415 -0.0999864 -0.100217156 -0.01971116 -0.017210996 -0.028202577 0.012362515 -0.025506906 0.02260454 -0.07078608 0.09193798 0.09049206 -0.048662275 0.033357233 -0.0062988643 -0.04999971 -0.03293535 -0.017532649 -0.027611597 -0.02195608 -0.04213733 -0.03770998 0.053744737 -0.03169106 0.01650528 0.03209133 -0.028987141 -0.06688946 -0.010976998 -0.06550224 0.08189725 -0.04716295 0.051556848 0.0736426 0.033589955 0.07995312 -0.1011327 -0.04264142 -0.028947076 -0.031780224 0.0043914937 -0.08694941 -0.011580144 -0.09908276 -0.045458246 0.002527858 0.09363382 0.032039367 0.03525529 -0.04984289 -0.058789056 0.042316608 0.07483162 -0.05847855 -0.019717371 0.011396031 0.067550614 -0.012441976 0.0034829553 0.0070416364 0.045872938 0.036189027 0.06350287 0.09312046 -0.09735162 0.008163588 0.08664049 0.08915506 -0.023674605 -0.074840076 -0.014804501 -0.06621821 0.057356387 0.040768243 -0.041271456 0.00870422 0.046455294 -0.006765627 -0.06412215 0.0036162976
0.055430956 -0.00906071 -0.17599079 -0.11424534 0.010242457 0.05537268 -0.013768792 -0.039546054 -0.015562685 -0.09505 0.056710485 0.054850474 0.0646216 0.01731322 -0.0776543 0.002437311 -0.04149239 -0.03272841 0.01774567 0.089222796 0.006481926 -0.0047502206 0.013481512 0.078476995 0.04199315 0.09879041 0.053229135 -0.0027919558 -0.11538268 -0.075682685 -0.014260037 0.08988779 -0.09132814 0.00079055346 -0.02262368 -0.044137403 0.072753556 -0.031009128 -0.010189024 -0.010867703 -0.020180516 0.049345378 0.11016995 0.02909106 0.04387215 -0.10101401 0.03411068 0.1012101 0.02258016 0.13806605 0.029889192 0.001779689 0.040291984 0.016499918 -0.058541898 -0.021738717 0.09014479 -0.09705862 0.05466046 -0.040084038 0.032538336 -0.11090109 -0.03417089 0.065417625 0.062592134 0.02346973 -0.08971353 -0.006954094 0.02665108 0.031226069 -0.08578402 -0.0924803 0.057401367 0.085361384 0.051056087 -0.09581982 0.07593773 -0.034182534 -0.04602434 0.005726608 0.09843285 -0.050472993 0.041951656 -0.011251969 0.008157501 -0.034616567 -0.047552895 -0.04028041 0.10316999 0.057238106 -0.0067913565 0.031090245 0.049189907 -0.050476383 0.06590993 -0.08190486 -0.07502658 -0.01398615 0.08922791 0.027982062 -0.021372858 -0.030284308 0.066075616 -0.04023021 0.03506663 0.043211166 -0.11423829 0.023987226 -0.06790428 -0.036027994 0.01639796 0.06669616 0.12986812 -0.058670443 -0.0005370386 -0.029027019 -0.065551944 -0.1022256 -0.008339724 -0.13393116 0.061209008 -0.04666189 -0.023555124 0.11680959 0.01960449 0.03555036 0.038289852 0.06309143 -0.08229539
-0.078455925 0.04395148 0.055488534 0.006706044 -0.071184516 0.044614118 0.07789852 0.057400446 0.076292016 0.062099364 0.08445165 0.035626657 0.006597831 0.01871095 -0.08371322 -0.036943555 0.023742465 0.077602826 -0.04516301 0.06383732 -0.024885304 -0.076245226 0.027662143 -0.048686393 0.07375434 0.0105474815 0.069425136 -0.09799341 0.09072652 -0.08923122 0.011262482 -0.059908845 0.034317087 -0.07566835 -0.018826865 -0.03428299 0.06342236 -0.019191967 0.05546209 0.033202287 0.027301785 -0.060241554 0.041655578 -0.018729178 -0.04882586 -0.04080163 0.07418537 -0.093682624 -0.0985266 -0.09161904 0.055526324 -0.007240176 -0.044560052 -0.01749742 -0.058438618 -0.05998382 0.06257468 0.0052679013 0.0662878 -0.0049818447 -0.029740833 -0.06955796 0.094611056 0.004367074 0.023387497 -0.09711309 -0.04717756 0.08709537 0.08395179 0.09639139 0.06705769 -0.0852954 0.074153274 -0.045350846 -0.01784521 -0.08767803 -0.0795871 -0.0032591226 -0.09717539 -0.10220012 -0.07930119 -0.04063042 -0.09742545 -0.008273049 0.06865645 -0.0042376337 -0.018751325 -0.028815053 -0.09776669 -0.09655988 -0.063629314 -0.027182383 -0.08868842 -0.045478947 -0.0040169447 -0.014489748 -0.07075354 0.0118696205 -0.09159195 -0.10097226 -0.08488478 0.0072528324 0.05961144 0.094532706 0.014422889 0.041459784 -0.07125543 0.04968737 -0.049501475 -0.086314745 -0.07506068 -0.048296046 0.04030984 0.031815737 -0.07693804 0.074354745 -0.09142209 -0.03722192 -0.020560326 -0.049883652 -0.05381335 -0.025273057 -0.010131233 -0.0698209 0.04143243 -0.025750007 -0.016455973 -0.033881273 -0.03556825
-0.08602852 -0.0289702 -0.2020328 -0.030519033 0.13180242 -0.025536902 -0.05797319 0.029028637 -0.07398619 -0.076500885 0.04949752 0.1046167 0.17562473 0.07787694 -0.03133857 -0.04557263 0.066075936 -0.042028163 -0.024965877 0.06486814 0.081645004 0.15165041 -0.07869911 0.06177892 -0.13338931 -0.051270425 0.0067259725 0.11452002 0.038385976 -0.06363666 -0.03233545 -0.03176367 0.10778606 -0.067990996 0.0512025 -0.026908893 0.01534909 0.018266937 0.060505632 0.01323788 -0.050649438 0.099020876 -0.03520879 -0.07124471 0.025031533 -0.017898684 0.05320045 -0.02308882 -0.044160765 0.12090325 0.058085002 0.065156 -0.098417126 0.092232294 -0.081914306 0.036958944 -0.1223999 0.05588754 -0.068686835 -0.001830387 -0.02315812 0.10737896 0.09505413 -0.16176279 -0.07347022 0.033845235 0.01718543 -0.10814059 -0.10307421 0.10055586 0.011329693 -0.09510134 0.09214877 -0.088500984 0.02795263 -0.01049083 -0.10043284 0.10532076 0.012096432 0.047036793 -0.042698327 -0.05455003 -0.0042490712 0.01411793 0.13248645 0.009744381 -0.07156915 -0.09588552 -0.031028042 0.066010535 -0.031203859 0.09562017 0.10165836 0.07735478 -0.041079316 0.07958312 -0.039025366 0.035571147 0.14630282 0.048716526 -0.059267383 -0.052167006 0.044496413 0.03504579 0.110381074 -0.042181898 0.076281354 0.039858636 -0.009653935 0.025544617 -0.076181866 -0.027817072 0.01396163 0.011537584 0.030391589 0.11068469 0.01155387 -0.03332979 -0.03878101 -0.011249611 0.03939312 -0.10398374 -0.021205738 -0.016500639 -0.025794242 0.09263107 -0.026301963 0.0016285443 -0.073931776
0.051481716 -0.13027711 -0.070569314 -0.056929745 -0.091439806 -0.06656291 -0.022787584 0.016818324 -0.060753856 0.07332708 0.028518448 -0.08273919 0.017778665 -0.0057877325 0.041759193 -0.06988286 -0.012332417 -0.071486585 -0.10443835 -0.051311135 0.04542158 0.1158037 0.05459284 -0.03358836 -0.04373199 0.058906417 0.014225377 0.008998095 0.12575598 -0.0046428866 0.024136841 -0.13856849 0.042402517 0.05457881 -0.005539892 -0.10154802 -0.089719415 0.042218715 0.09278725 -0.055577025 -0.088192925 -0.018195637 0.07522864 -0.040568702 0.015139227 0.089062475 -0.004350736 -0.028233869 -0.06659016 -0.0053486265 -0.022269715 0.0079901535 0.06640016 0.041392576 -0.033356175 0.038416352 -0.10252212 0.058245823 0.022397926 0.039225116 -0.03868926 -0.11275237 -0.0001470731 -0.0907601 0.09344204 0.04499177 0.08044501 -0.08492066 -0.0070646154 0.08174106 -0.055460658 -0.005803425 -0.0604134 -0.11772759 0.06446351 -0.07651134 0.08245269 0.05022648 0.08395253 -0.105202205 -0.074412435 -0.04826923 0.0002537868 0.15114713 0.02368406 0.0798246 0.08844749 -0.06322245 0.0107961055 0.068684146 -0.029886547 0.046452552 0.11765266 -0.046647873 -0.09919949 0.034156602 0.01310218 -0.0012921115 0.027193982 0.1498323 -0.090813175 0.04824991 0.065607406 -0.026194692 0.07478518 -0.038368307 0.09527034 -0.09642034 -0.084394984 0.12723894 0.023214122 -0.04266273 -0.028120702 -0.0391512 0.07708502 0.105316006 0.05650518 0.08185141 0.10277583 -0.048808668 0.023285013 -0.084574096 0.009112518 -0.089094885 0.0044284756 -0.086799614 -0.06294363 0.0962894 0.08003339
-0.03677375 -0.009627535 0.08318281 -0.005691096 0.04661898 0.027457764 -0.061886955 0.07171728 -0.024860578 0.032726727 0.021145638 0.07974036 -0.04510697 -0.0063620154 0.06986858 -0.089786924 -0.026419908 -0.07313233 -0.07071983 0.01192273 -0.105479844 -0.011156757 0.029608438 0.083712064 -0.061325222 -0.012642848 0.071574494 -0.09181154 0.0470712 0.07892594 0.06377006 -0.066898376 0.08956422 -0.105982065 0.057357337 -0.08016539 -0.043580115 0.06486826 -0.10119637 0.09045809 0.081317596 0.06555131 -0.09629152 0.014936104 -0.021025177 0.030636793 0.07132044 -0.015675692 -0.0861783 -0.078518584 -0.047734383 -0.09122183 -0.017267302 0.0844415 0.06862518 -0.006500939 0.034679215 -0.053022448 -0.0022397952 -0.06119849 -0.04052674 -0.07528954 -0.021227105 0.016815696 -0.08643806 -0.009440853 0.071670406 0.03196071 0.008956351 -0.011638314 -0.09853581 0.015709175 -0.058171988 -0.03902005 0.056184355 -0.02323479 0.00029702278 -0.012791587 -0.031421345 -0.053463455 0.03585743 -0.0011057748 -0.0060808915 -0.090331554 -0.01877069 -0.011637346 -0.027371485 0.032600638 -0.08893837 -0.06282723 -0.042765655 0.04689731 -0.02457308 0.006472942 0.03204317 -0.031986047 0.0048196055 -0.06000898 -0.02646874 0.055962414 0.040292457 -0.04331724 -0.09638796 -0.052086852 -0.016399432 -0.06349757 0.020512946 -0.030517478 -0.07130528 0.01925 -0.087865315 0.07016049 -0.03169236 0.016550079 -0.019978153 -0.10230595 0.026235083 -0.10691182 0.06426995 0.028471535 0.053473726 -0.06368205 -0.09466818 0.038093645 0.04446711 -0.091617726 -0.0426487 -0.054411627 -0.014066699
-0.047382083 0.040492434 0.19011433 -0.0054785665 -0.054295268 -0.033676833 0.14349064 -0.20031832 -0.052253816 -0.050313663 -0.11389968 -0.02142256 -0.075606145 0.008408476 -0.06900255 0.026305882 0.010241448 0.09505732 0.022884535 0.07139653 -0.0045132213 -0.13978994 -0.06781055 -0.050997227 -0.08227465 -0.05581047 0.058760084 0.051250454 0.044839807 -0.012400044 0.04520907 0.11287678 -0.011783609 -0.06488475 0.032744072 -0.09598336 -0.035758454 0.029159231 -0.06591797 -0.058948465 0.04040573 0.069753654 0.052027024 -0.004108517 0.0040508537 -0.049786773 0.006652331 -0.07104 -0.031116726 0.0013466283 -0.0044669434 -0.09536628 -0.016153289 0.034219675 0.10564554 0.15499404 0.07053125 -0.060397502 -0.049032956 -0.03953335 0.0016638867 0.064355865 0.0061275344 -0.012497287 0.012261777 -0.015918052 -0.06674528 -0.03414404 0.03587506 0.0008462929 0.058810536 -0.0060564615 0.0887722 0.06422282 0.034259327 0.088420734 -0.08058641 0.074539065 -0.04976754 -0.06541961 -0.09033905 0.086110555 0.039565694 0.025275545 0.10377895 0.03387842 0.109040394 0.0075474717 0.015650734 -0.06058886 0.05654909 -0.03321044 0.0024222462 -0.046770204 0.04521363 0.10980755 0.0074669565 0.13960385 -0.04328029 0.031904656 0.043000154 0.036880653 0.09760058 0.11105397 0.07226358 0.016206909 0.089730404 -0.022352412 0.06281855 -0.031500217 -0.067161635 0.01298191 -0.1731482 -0.024512542 -0.037872624 -0.08701093 0.07501859 -0.028122146 0.072630346 -0.0036853482 0.06889746 0.0027106942 0.09703301 -0.06584721 -0.04124335 -0.072264686 0.062133405 0.032349642 -0.08009561
0.06517977 -0.02751695 -0.06267515 0.03258082 -0.018417198 -0.02217305 0.02006133 0.15379687 -0.020940078 0.00479371 -0.11829067 0.013747617 0.06229279 -0.006222357 -0.10939989 -0.10641827 -0.090332516 -0.0817897 0.07624523 -0.016001394 0.050836395 0.09600322 0.0675608 -0.012383752 -0.08309381 0.093543984 0.05841438 -0.08724088 -0.060442924 0.09700102 0.014287751 0.08372177 -0.059085827 0.056291092 0.09794561 -0.0013429382 0.03126904 0.11120218 -0.037951797 0.035467423 -0.05299853 -0.0137715265 -0.033588942 0.017156154 -0.062068652 0.071488686 0.0029064282 0.004975475 -0.045588847 0.03887079 0.028052038 0.16601725 0.11137026 -0.0016883758 0.09552597 -0.023018232 -0.10919879 -0.045831896 -0.052049547 -0.13380662 -0.12865306 -0.06670138 0.055579938 -0.051158793 0.046026338 0.032373495 -0.064590305 0.076592855 0.059690334 -0.05060564 0.08148267 0.0839588 0.050367355 -0.12521985 -0.056692924 0.055442125 0.02094082 -0.090163 0.022920286 -0.07509742 0.061708424 0.0035782398 0.034540292 0.058862433 0.022119064 0.051394038 0.0023160288 0.032350402 -0.08644014 -0.04217938 0.02671049 0.046430763 -0.044359136 0.09191988 0.12491924 0.038331885 0.016768731 0.019557284 -0.0139264045 -0.07907148 -0.047793776 -0.082696855 -0.08354104 0.11516496 0.021561636 0.013311269 -0.036385376 -0.068657555 -0.05700798 0.08832806 -0.09126695 0.031736657 -0.029017828 -0.16402876 -0.0013136168 0.19872916 -0.1075656 0.017730447 0.056593295 0.017727615 0.02904315 0.019080596 -0.031084668 -0.09564989 -0.060265485 0.010918192 0.032336984 -0.021098103 -0.080574654
-0.06318356 0.09479836 0.024025999 -0.030194655 -0.09252681 -0.09434713 -0.047308683 -0.06296893 -0.04007982 0.046193406 0.12884344 -0.048488103 0.0026032089 0.026412115 0.06793301 -0.13889557 -0.031641014 -0.030060917 -0.11219007 0.07628357 -0.007796581 0.06935963 0.07531123 -0.05488063 0.078751154 -0.0038659852 -0.098466784 0.018953763 -0.05196208 -0.014472734 -0.018393531 -0.078008145 0.051163994 0.073295355 -0.07285019 0.054076467 -0.042059965 0.068152145 -0.085060194 -0.120387375 0.10306079 0.06986638 0.07725694 -0.036544323 -0.016853137 0.12194413 0.026569052 -0.03476155 0.10338921 0.01915233 -0.14095561 -0.10014967 0.0006828989 -0.018718401 0.0028809004 -0.1475278 -0.103366956 0.052240867 -0.05143984 0.027037654 -0.06191123 -0.037853442 -0.11911217 0.11431254 0.0025948805 -0.059429064 -0.11693792 -0.0035860352 0.03258788 -0.0364246 0.010745026 0.021567008 0.083493546 -0.050474834 -0.002985357 0.045797143 0.019350383 0.0939356 0.122077875 -0.016821938 0.024175612 -0.006633322 -0.11259184 0.11710956 0.078218065 0.063250296 0.045591056 -0.03828288 -0.08762406 0.03049024 -0.055527106 -0.14714774 0.038959183 0.07851936 0.10305077 -0.10289006 0.07381473 0.047946136 -0.07917617 0.065313116 0.07966758 0.06958769 -0.07008331 0.05483545 0.016842939 -0.09117884 0.006684854 -0.13117869 0.010949218 0.12942985 0.103297 -0.097560175 0.002681256 -0.00461909 -0.10092914 -0.029773502 -0.08590621 0.033779826 0.048086103 0.052608326 0.09054146 0.004889556 0.015166323 -0.075237095 0.0990567 -0.08657746 -0.05666968 -0.048415665 -0.03485808
-0.04819076 -0.0534691 -0.16755001 -0.082884155 0.044773072 0.03129343 0.0752316 -0.06152721 -0.00255897 0.11191937 -0.08954429 -0.08626951 0.002216389 -0.035247378 -0.022406906 0.092589006 -0.07770915 -0.02674895 0.023681842 0.007025156 0.043122098 0.037677336 -0.072969526 0.087035224 0.069838025 -0.07410895 0.005229377 0.073613904 0.103117466 -0.029706025 0.0006944329 0.032369945 0.05091505 0.060046278 0.046263345 -0.014292924 0.0026683693 0.035394818 0.08214119 0.042220064 -0.006524491 -0.009831543 0.027213946 0.07121808 -0.02280161 0.08290185 -0.04850171 -0.06942873 0.031585734 0.08561187 0.13106248 -0.08471714 -0.024361782 0.08957016 0.024739323 0.026025916 -0.07519779 -0.051498614 0.07855532 0.09224085 0.022305917 -0.061876312 0.011508605 0.036443077 -0.006136359 -0.020598643 0.025002612 0.018557688 -0.0072484356 -0.065714024 -0.1095232 -0.09330072 0.060691763 0.105598256 0.039862324 -0.075986035 0.06834681 0.098224 -0.0064964173 -0.07372945 -0.042494968 0.06371705 0.0887838 -0.033411656 -0.030590633 -0.04717057 -0.028948208 0.020853791 0.059953857 -0.05788697 0.04307786 0.018261326 -0.045719367 0.09202128 0.041392434 -0.042657908 -0.076631546 0.113544784 0.14596309 0.034045707 -0.13413085 -0.1242034 -0.058911484 -0.05657564 0.06774475 -0.003835693 -0.071999624 -0.09634634 0.04206047 0.10325481 0.068854034 0.047950424 0.050941702 -0.08662543 -0.06332745 -0.1590839 0.07324358 0.056326438 -0.037431166 0.08061936 0.10251945 -0.01695001 -0.09087085 -0.07436007 0.09198233 -0.0001877138 -0.0950846 -0.032468412 0.003848591
-0.087833025 -0.034478225 0.07376893 0.012464909 0.0330987 0.015202411 -0.0056132316 -0.1865503 -0.010573311 -0.051703442 0.036082976 -0.018255796 0.059329912 -0.018832762 0.019082943 -0.006655463 0.07200061 0.06743099 -0.04640807 -0.062116485 -0.06820129 -0.0505807 0.028761998 -0.019533211 0.051439404 0.08443728 0.005275105 0.1372356 0.06951439 0.09935826 -0.07861581 0.03332287 0.099172436 -0.040995717 -0.009908709 0.054181326 -0.06994521 -0.052022453 0.04577578 -0.012335043 0.04034401 -0.015614977 0.03183229 -0.11787413 0.052230623 0.017195508 -0.066536576 -0.10905893 0.02539844 -0.028638942 -0.07241027 0.04031306 0.026478248 0.026044933 0.0197304 0.08447823 0.00079888053 -0.056047782 0.09756282 -0.122426465 -0.0038116935 0.09177746 -0.015673373 -0.07947409 0.016722923 -0.015285847 0.09188073 0.028434351 -0.07131213 0.060781438 0.1475522 0.04696978 -0.00031059294 -0.045982316 -0.010168365 -0.037593324 0.042043004 0.017711941 0.0434135 -0.09277782 -0.07427285 0.08643173 -0.023810877 -0.10967221 0.015663017 -0.027696384 0.005786982 -0.05654088 0.027615454 -0.055779055 0.06877425 0.095866196 -0.0035808608 0.06101346 -0.077499695 0.058029335 -0.05675653 -0.047975026 -0.038459875 -0.10120728 0.12800698 0.06925343 0.080517635 0.003194749 -0.06622468 -0.023958793 -0.030174937 0.08512165 0.0915393 0.025382522 -0.006032192 -0.049898613 0.057545487 -0.050881013 -0.06495801 0.039416943 -0.023215026 -0.042966098 0.028439907 0.0997738 0.08082941 0.03596602 -0.057401706 0.004843175 -0.016205642 -0.102153465 -0.028515635 0.048588675 0.05617563
0.03598933 0.029416636 0.2003193 -0.023233268 -0.05568151 -0.07447655 0.035566255 -0.2526263 0.10412467 0.121143304 0.022502514 -0.10689925 0.0065439953 -0.097421385 0.022304516 -0.05859931 0.061003923 0.05151121 0.05390704 0.07547088 -0.02530981 -0.108317964 -0.097382754 -0.07154115 -0.04481215 -0.120548435 0.062439214 -0.0803879 -0.018296354 -0.0023413643 -0.022258932 0.07732758 -0.08339192 -0.08096532 -0.08810383 0.05787066 -0.008482564 -0.05305291 -0.0023759538 -0.0060414854 -0.05170991 0.01570455 -0.009583195 -0.058250654 -0.025678748 -0.07351843 0.08489955 -0.056684375 -0.06377372 -0.0026841862 -0.14557572 -0.0628541 0.055667717 0.07022201 -0.0003068317 0.038209174 -0.04271238 0.014362699 -0.012621721 0.08352868 0.057161484 0.009215735 0.019522205 -0.0320476 -0.067313425 0.06807352 -0.12984863 0.010338057 -0.03906067 -0.0072960174 0.094352014 0.12302749 -0.073800474 0.06671948 0.001180592 -0.085790195 -0.09119687 -0.00089511316 -0.0020534834 -0.0696041 -0.012540511 0.021945247 -0.017837565 0.020404719 0.02770244 -0.04763933 -0.020511402 -0.07221175 -0.0055884332 0.04540167 0.0091779 0.026601749 0.02507207 0.09621342 -0.03044187 0.048351016 -0.04070601 0.13410938 0.07122114 0.010696119 0.0689647 0.0042926255 -0.054235525 -0.005618503 -0.08299221 -0.0021787249 -0.07190868 0.037474763 -0.05779042 0.0050707934 0.015154425 0.060258903 -0.08661771 0.06369262 0.0012769849 -0.021689821 -0.033376925 -0.018546756 -0.048961483 0.11647831 0.07080179 -0.003064041 -0.043247744 0.054489408 0.09682404 0.08694704 -0.00965743 0.062183224 -0.008845675
-0.05270833 0.04364257 -0.0070234435 0.034650195 -0.013236017 0.01121751 -0.107168786 0.08499499 -0.107570805 -0.03816405 0.14912094 -0.12941222 0.017073024 -0.04966221 -0.056208603 -0.112899944 -0.058490936 0.0049223383 0.052650664 -0.015664082 0.014028159 0.078993894 -0.12087869 0.035879396 0.09434794 -0.10169342 0.05758574 0.13212767 -0.057159267 -0.059756882 -0.015554042 0.034035407 0.1270322 -0.06531252 0.09137019 -0.034281313 0.004616552 0.034707163 -0.022758467 0.036700156 0.012010369 0.047382083 -0.05490217 -0.10840134 0.03773812 0.10935714 -0.06264181 -0.03534245 0.0474961 -0.017801708 0.018834462 0.038972076 0.12712033 0.14021142 -0.06480746 0.0456672 0.101192154 -0.103309095 -0.06171961 -0.030825207 0.08649105 -0.008560207 0.13580997 -0.06656954 -0.06208915 0.07715655 0.07218068 0.033386294 0.014917106 -0.064034775 0.048551686 -0.123540364 0.04190488 0.095313065 0.08163731 -0.10616568 -0.017375553 -0.037328515 0.10216049 0.088331826 0.0940354 -0.023414044 -0.10844583 0.086702965 -0.009796913 -0.0040013352 -0.07321247 -0.07175544 -0.06671192 -0.01051784 -0.04608435 0.04068242 -0.07281068 0.020013256 -0.0002696407 0.012241942 0.018605588 0.018976044 0.02685051 -0.03057722 0.08114965 0.09705127 -0.01833912 -0.12860358 0.07105378 0.08908019 0.03546039 0.015053214 0.07571956 0.07479912 0.066041924 0.11087906 -0.02295928 0.02666928 -0.09590134 0.008396476 -0.10195339 -0.054497395 0.07291767 -0.08916806 0.031569168 -0.03396302 -0.031230327 0.04834262 -0.04869023 -0.015525187 0.07013049 -0.074276544 0.036824774
-0.17267153 0.037113816 -0.121977665 -0.067401074 -0.090296015 0.106577806 0.10319159 -0.036332928 -0.046911366 0.09369118 -0.00979191 -0.042598486 0.10871482 0.034881115 -0.014691343 -0.047566194 -0.06623997 0.056755874 0.006360777 -0.08723241 0.08393848 0.07251934 0.026498294 0.023167742 0.025545482 0.12539972 -0.044510625 0.022491613 0.14820391 -0.07588064 0.04120273 -0.0034074245 -0.07067976 -0.06517453 -0.06371574 -0.0014440535 -0.019968767 -0.092221044 -0.01413447 0.084470905 0.027369007 0.055467032 -0.01946793 -0.004874935 0.018622583 -0.025753746 -0.014334869 0.120477125 0.041384224 0.048275437 -0.0030451135 0.06663415 -0.044931117 -0.11351168 0.07526847 0.016376724 0.03964156 0.022246532 0.0010922108 -0.07004606 -0.03349927 -0.112974584 0.03859375 -0.01459547 0.06942956 0.07981871 0.032414667 -0.088097855 0.058673505 -0.07550979 -0.10250982 0.02244551 -0.078870036 0.067752026 0.102601595 0.0367101 0.041152563 -0.0016779747 0.028632943 -0.000035151643 0.08518854 0.012689875 -0.009094645 -0.061444297 0.013137384 0.030593699 0.039615843 0.07509339 0.014031103 0.02343799 -0.04857617 -0.022169892 0.06326293 0.03555584 -0.0890074 0.033413406 -0.09925944 -0.05756323 -0.0026529552 -0.017585672 -0.0028309713 -0.12539144 0.059767283 -0.11949788 0.001318708 0.0032966172 0.12897936 0.017525883 0.053057756 0.10953655 0.08479877 0.02140133 -0.13416077 -0.0020899593 0.01063798 0.00900602 -0.045864806 0.081025824 -0.08199821 0.039830886 0.062149443 0.013712503 -0.0627305 -0.05731834 0.12927681 0.026831342 -0.008196664 -0.021454183 -0.076331414
0.0575055 -0.07001264 -0.15439641 -0.027102819 0.0665356 -0.09143512 0.021305371 0.00067878724 -0.11438564 -0.11408859 0.05254951 -0.1548177 0.01582159 0.028267516 -0.116170354 -0.1293657 -0.04025658 -0.05183565 0.11463495 0.0769307 0.0234006 0.06687321 0.010252421 0.01849843 -0.01753141 0.08185461 -0.018334031 -0.037711058 0.05898478 -0.048035827 -0.045825955 -0.027238801 0.015008189 0.040540878 0.07855638 -0.0053694514 0.016320653 -0.038028307 -0.087462164 0.009276107 -0.04364352 -0.046091072 0.105085775 -0.0550926 0.027638579 -0.07770822 0.06954383 0.05426869 0.09114424 0.117888704 0.04110109 0.019848585 -0.09171763 -0.03710071 -0.06430292 0.02476757 0.03597618 0.0016283733 0.031985022 0.038177438 0.0538505 0.02847399 0.0012673724 -0.09174681 0.07444696 -0.09268757 0.049071856 0.13752335 -0.07810892 0.0709283 -0.031883303 0.059740268 -0.06558644 -0.055090938 0.009042238 0.071914315 -0.10161938 -0.02222782 0.06027098 -0.0156136155 -0.060875863 0.04900413 -0.0077132857 -0.012829341 0.093626484 0.029144222 -0.022703605 -0.025113428 0.05560726 0.1161235 -0.0188744 0.019335115 0.06715423 0.07697451 -0.106190786 0.012819918 0.02617906 -0.008129312 -0.05716501 -0.13369337 -0.08228422 0.017152095 0.11354295 0.042595167 0.020376507 0.0018433332 0.026358126 0.07068148 0.048863612 0.05670584 -0.029685203 -0.07597393 0.08455336 0.015357148 0.08897505 0.0821499 -0.020319574 -0.007937942 0.08282153 0.019217458 -0.11828554 -0.046700127 0.102765225 -0.018954935 0.044083893 -0.01528346 0.044246458 -0.00025651022 -0.07868927
0.05467356 0.021585368 -0.08757758 -0.023276523 -0.03507612 0.009495281 -0.058088876 -0.09910655 -0.0909251 -0.0023373142 0.021320775 -0.0327394 0.029721282 -0.01150234 -0.040037204 -0.050580144 0.07548059 -0.011711858 -0.041209675 -0.08239932 0.08346794 0.089263804 -0.06326179 -0.027086593 -0.023887657 -0.0918443 0.07444864 0.035474204 0.09505958 -0.07060108 0.050496824 0.052960284 -0.096610025 0.046572186 -0.06265345 0.05253627 -0.08710275 -0.011631511 -0.09355879 -0.0890336 0.011025831 -0.05735147 -0.017926693 -0.03427048 -0.02068071 0.063882 0.06605572 -0.073003076 0.021625951 -0.017713115 -0.021340229 0.030451246 -0.032730438 0.0529901 0.05714052 -0.0556134 0.083520584 0.042458944 -0.025653958 0.043623514 -0.08334885 0.07704721 -0.08838723 -0.050065067 -0.072076775 0.037645288 -0.0010448247 -0.056673195 0.07373125 -0.073058054 0.031692363 0.046366386 -0.020204447 -0.06279347 -0.06999548 -0.053056385 0.09116373 -0.056630064 -0.031353258 0.087195925 -0.09085243 -0.061327267 -0.026159808 0.060413666 0.024432257 -0.053845286 -0.07259295 -0.058212854 -0.0023732185 0.00447464 -0.012117818 -0.076858856 -0.06656794 0.0681896 0.015660837 -0.06821993 0.09495101 -0.074792385 -0.010828353 0.032281734 -0.040180493 -0.050779678 0.05611361 -0.024473213 -0.046545006 0.07769186 -0.007973954 0.066322975 0.025056742 -0.004556276 0.020508364 0.05370743 0.009023689 -0.014936112 0.04364019 -0.0053724796 -0.0721586 0.0021485537 0.011510871 -0.062095355 -0.07493553 -0.02173648 -0.04801221 0.052549817 0.00784564 -0.063488394 -0.008186698 -0.09618316 -0.095853426
-0.054631706 0.09449655 -0.21823663 -0.09927679 0.024859183 0.00026320678 -0.05414952 -0.009053695 -0.035346374 0.06851466 -0.03100134 -0.07942482 0.110335335 0.059582826 -0.06675254 -0.011472174 0.05416237 -0.06043173 -0.02694809 0.028408874 -0.07880876 -0.030923368 -0.009662882 -0.08729306 -0.03682947 -0.1160641 -0.022820506 -0.009307144 -0.13308133 0.055223312 0.06505277 0.069319576 -0.058438312 0.04988272 -0.0060041957 0.116515286 0.053603567 -0.031285733 -0.0076096603 0.007778475 -0.13286166 -0.042623688 0.08533919 0.0090819495 0.0334663 -0.006093448 0.112069085 0.03315206 0.03489209 -0.02185578 0.047015008 -0.01096568 -0.1350425 0.038217463 0.030483866 -0.022339802 0.020567736 0.012408818 0.071604446 -0.016644014 -0.08130893 0.082850784 0.03624374 -0.10723533 0.080229305 -0.07898752 0.05909544 -0.09958375 -0.02193472 0.05418008 0.020394972 0.0063797757 0.038006667 -0.020679243 -0.0032308695 -0.056443572 -0.040355973 -0.03363569 -0.061756533 0.028052093 -0.07156356 0.048046954 -0.0491969 -0.049694117 -0.020112138 0.008989645 -0.07723481 0.016972115 0.050108824 0.021065501 -0.0019560936 0.0075758756 0.045313817 0.10260997 0.08604133 0.049374025 0.060623184 -0.036423743 -0.026698811 -0.07432291 -0.10958911 -0.060532212 -0.04350322 -0.14987497 0.08110987 0.035291035 -0.04255577 -0.014606392 -0.012735393 0.11790328 -0.04517274 -0.064621896 0.041424185 -0.08834672 -0.028065275 -0.010680691 0.018641008 0.05096836 -0.028845485 -0.014950811 -0.07438983 -0.017183669 0.056640822 -0.056774028 0.028164377 -0.07022164 0.12288015 0.0014428548 0.04402149
0.013497556 -0.06339465 0.050106134 0.019326285 0.027725711 0.04809031 -0.035452146 0.07836812 -0.036928143 0.043152638 -0.08640771 0.037497383 -0.04052153 0.082738005 0.019573133 0.0055940147 -0.09214504 0.0069221007 0.050445788 0.04367933 -0.08217163 -0.10157874 -0.026874091 -0.10398373 -0.08318401 0.026011534 -0.045775536 -0.0073066656 0.047285274 0.022136211 0.031632945 -0.08126275 -0.06504013 -0.1083079 -0.018923877 -0.032746576 0.035681155 0.062813446 -0.045932803 0.0012719978 0.058817867 0.0038834212 -0.014387172 -0.0061223987 0.060335133 -0.09093243 -0.054355875 -0.09661615 0.052409224 -0.03112781 0.093278356 -0.033675127 -0.060469627 -0.009905653 -0.018989267 -0.033616386 -0.08428214 0.016530307 0.045956574 -0.036627624 0.062263556 0.022905177 0.040606946 -0.0049970825 -0.0773445 -0.040431153 0.06159446 0.0043647937 0.049719416 0.053236052 0.06521107 -0.081373304 -0.06859788 -0.007545906 -0.009500541 -0.03450287 0.0023446388 -0.034544457 0.058075327 -0.012025742 0.0054788464 -0.023625037 0.06668015 -0.10603823 -0.06053948 -0.05039216 0.068282604 0.071127586 -0.022014331 -0.061172232 -0.061778914 0.07234235 -0.10322103 0.03944653 -0.020102069 -0.027279528 0.07254948 -0.040994935 -0.05628197 -0.074897416 0.05447712 -0.0757798 -0.08162634 0.044160716 -0.09092379 -0.020864723 -0.06854945 -0.01693729 0.012978452 -0.04887615 -0.02941739 -0.10209425 0.038662523 0.056993626 0.08025563 0.07786417 0.037909787 -0.104425095 -0.03829374 -0.053254582 -0.028814765 0.020681739 0.026168304 -0.051057626 0.089644134 0.06529157 -0.040790576 0.040433206 -0.07370268
0.009816889 -0.03751686 0.05008577 -0.13795988 0.0049678897 0.074087106 0.12955195 -0.15408231 0.07394339 0.10269179 0.037088178 -0.0014462089 -0.007994113 -0.01971665 -0.011139884 0.13309461 0.09463974 -0.000976166 0.04251389 0.053378563 0.031226164 0.013238707 0.028372066 -0.03839371 0.009445575 -0.020125493 -0.08368837 0.0611997 -0.052538328 0.07744531 0.10847402 -0.015072809 0.02171093 -0.08258663 -0.090070404 0.064015664 0.0047304006 -0.039670262 -0.040762734 -0.061594866 0.08704193 -0.041119047 0.023380863 -0.04173338 -0.035287015 0.09411289 0.056501344 -0.09331602 0.093633965 -0.062267017 -0.0754914 0.03901165 0.0064384923 0.02317943 -0.05768634 0.025953876 0.010794899 -0.15660483 0.1217317 -0.02631239 -0.00941055 -0.101235665 0.012248587 0.077305995 0.06636276 -0.03962468 -0.09047166 -0.10528104 0.039228424 0.14473814 0.05170729 0.08780979 -0.05720795 -0.056938265 0.05152413 0.14379847 -0.008274695 -0.10965731 0.026807938 -0.0022590107 0.10190408 0.15332055 -0.0060757236 0.004164405 -0.060984835 -0.10186736 -0.056612533 -0.009971536 -0.071338005 0.07494058 0.0611071 -0.015247995 0.04960015 -0.06415828 0.071547516 -0.092015214 0.06010987 0.089973025 -0.025824187 -0.058085337 -0.015640935 -0.075609125 -0.044030547 0.086410865 -0.08344553 -0.043228503 0.12403394 0.0031760174 -0.06323267 -0.13840145 -0.0684737 -0.0043767896 -0.06346642 0.006927655 0.0643609 -0.038744718 0.029645365 0.041810255 -0.056611575 0.03596688 0.0847361 0.025586525 0.014120333 0.076308124 0.11112282 0.021154251 -0.055304274 -0.029277392 0.029705517
0.048846547 -0.036129035 0.117598444 -0.038152624 0.011824273 0.120072015 -0.04171823 -0.1618172 -0.08667303 -0.007987328 -0.034251202 -0.10241682 -0.15094185 -0.041034408 0.01231392 0.007535747 -0.0133191105 0.06844342 -0.078231715 0.05453889 -0.020080866 -0.12666771 0.09591886 0.05336438 -0.09221406 -0.055247247 -0.028965468 -0.011582656 0.030717598 -0.026605772 -0.0113360025 -0.004574425 0.1035238 0.041280273 0.053296942 0.04216944 0.053515233 -0.05705292 0.087007925 0.06126685 0.069959104 0.07765107 -0.090509266 -0.033749506 -0.06358807 -0.016575601 0.028566219 0.022326823 0.022489404 -0.15732042 -0.12655053 -0.021484958 0.10442512 0.08116623 -0.06592293 0.06686655 -0.009428671 -0.105731465 -0.032454982 0.06600665 -0.11206149 -0.059053876 -0.033282597 -0.06386392 -0.09924013 -0.017624743 0.031259313 -0.06222817 0.039156 0.028114524 0.020309847 0.004864284 0.04373963 -0.07901684 0.032615516 -0.011957663 0.032070167 0.016784202 -0.087204024 -0.15820166 -0.07003212 0.004383341 -0.076168925 -0.007799785 0.06711458 0.032573573 0.05341042 -0.037101932 -0.023925664 0.047833987 0.03910779 -0.052502733 0.04408529 0.06490592 0.030636393 0.05049211 0.08869075 0.004738984 0.066721484 0.035948757 0.10869576 -0.030239262 0.033881396 0.0543649 0.030896481 0.08627336 -0.008426835 0.035491418 -0.041127097 0.012878579 0.11133236 0.051993947 -0.013688043 0.00033242875 -0.019129356 0.03972486 0.0067074387 -0.095522285 -0.044290744 0.0060766595 -0.064769804 0.064709105 0.034817167 0.09694881 0.09061024 0.019629527 0.087425515 -0.031040562 -0.034197386
0.038208343 0.06302371 0.020102337 -0.07682319 -0.044126797 0.0076229125 -0.04099455 -0.0670867 0.027322792 0.086229585 -0.04122741 -0.03648355 -0.009596273 -0.09644556 0.09357574 -0.014871262 0.07949131 0.025467105 -0.007857397 -0.08990498 -0.09487634 0.084894665 -0.0852057 0.029014118 0.014169313 -0.037715744 -0.09795501 -0.07940545 -0.05841067 0.019900605 0.060945652 0.05300338 0.0924386 -0.049953606 0.01900506 -0.06467257 -0.065228134 -0.09856136 0.09794051 0.037889056 -0.050402906 -0.0036868304 -0.095377184 0.06927282 0.022656918 0.032170914 -0.02183678 -0.086861156 0.083341844 0.05824528 -0.040365554 -0.08687337 0.02365522 -0.03827641 -0.005792573 0.0077129826 -0.09777172 0.04666262 0.09731088 0.0063121542 0.094103225 0.0061882287 -0.094762065 0.066895254 -0.0950284 -0.07747571 -0.056066036 0.014540695 -0.08082292 -0.05031717 0.041642167 0.038076974 -0.075328544 0.04704637 0.018478297 -0.04675541 0.02096045 -0.063223004 -0.03270383 -0.057431985 0.073234566 0.067859106 -0.064569116 -0.007474661 0.041638903 -0.054436874 0.032476403 0.07293894 0.0870034 -0.039345693 -0.015324041 -0.03483908 -0.095417164 -0.06545389 -0.034601375 0.059313364 0.05047626 -0.042808153 0.021219634 0.0019801408 -0.029239342 0.03977222 0.015177108 0.06250105 -0.07528138 0.020750523 -0.09050977 -0.008556083 -0.0635006 0.084241085 -0.049046088 -0.033353828 -0.05839319 -0.096421696 -0.060164835 0.05186393 0.033997484 0.030522116 -0.066415526 0.0677579 -0.07298336 -0.06923969 -0.086295225 -0.028149888 0.058865853 -0.016321443 -0.019893363 -0.019633196 0.09311157
0.029721787 0.024660213 0.07529955 0.060767606 0.07424598 0.051822137 0.053322632 0.038807735 -0.11045963 -0.016964415 0.099848054 0.049476422 -0.07509245 -0.0045675454 -0.0027350273 -0.08085001 -0.017055873 0.025738377 -0.061448388 -0.043205407 0.09269045 -0.037404783 -0.030596258 -0.024839196 -0.07633986 -0.030835658 -0.07812343 -0.12755635 -0.020776244 -0.069876276 -0.0016667341 -0.105547704 -0.07514899 -0.025090326 -0.03863325 -0.08240448 -0.06118544 -0.03559429 0.08069494 0.09431033 -0.14812766 0.05297266 0.07559857 0.043869507 0.008895554 0.020758158 0.013529318 0.013528811 -0.091275066 -0.029507857 0.098092765 0.005872608 -0.020142768 0.08209953 0.01482459 -0.0004348347 -0.023825193 -0.0028757474 -0.026816446 0.08544384 -0.054533016 -0.026498625 0.07504739 -0.03510547 -0.020436643 -0.011327479 0.012383469 -0.024249377 -0.018342722 -0.11281098 0.020453023 0.034158845 -0.03919126 -0.10448655 -0.10591136 -0.051865492 -0.058388405 -0.04567912 0.0640201 -0.11029652 0.029625587 -0.047993284 0.13742171 0.034229 -0.08113561 0.005308313 -0.021450238 -0.065579444 -0.031953953 0.06139265 0.006747513 -0.058966562 -0.0141522605 0.044536904 0.027924268 0.04953161 -0.013079121 0.05008423 0.09409989 -0.13232931 -0.109505184 0.031182365 -0.047276083 0.092551015 -0.038793616 0.051724788 -0.07186933 0.032481115 0.09163643 -0.07781947 0.06863177 0.024326058 0.06897943 0.006671931 -0.022593029 -0.013532948 0.079419225 -0.0472192 0.05150668 0.10095977 -0.0077012586 -0.02358709 0.02076078 0.08332824 -0.026604442 -0.051169973 0.086973764 -0.021082813 0.07955973
-0.04390074 -0.05660559 0.07794726 0.010590675 0.06847429 -0.07445498 0.0025089625 -0.045085147 0.00061355456 -0.054119356 0.110177845 -0.040632147 0.08168507 -0.08649153 0.035340354 0.0431975 -0.010781682 -0.08993777 0.044418942 0.10335458 0.03712748 -0.018953292 -0.060081486 0.042981084 0.08842938 -0.063908376 -0.09660149 -0.024830343 -0.025147257 -0.010548998 -0.16711265 -0.08748153 -0.07787241 -0.07113757 -0.13601981 0.08550286 0.014707177 -0.04397557 0.011382724 -0.005451327 -0.010362209 -0.09984495 0.065020934 -0.024743387 -0.04160368 0.06059326 0.016923813 0.015687173 0.119232304 -0.0576003 0.009168405 -0.1524044 -0.06933421 -0.06443949 -0.1066201 0.07032329 0.031781252 -0.035571896 0.030725697 -0.07629873 0.007847971 -0.09561927 -0.07556512 0.029853009 -0.009308363 -0.068240926 0.05521562 -0.035130814 -0.03616846 0.013953094 0.010119315 -0.030327361 0.064971924 -0.03079707 0.05661989 0.08452294 0.0038876336 0.14530748 0.005848272 0.0899412 0.017146194 0.04937235 -0.09174344 -0.017999474 0.06621511 0.057927996 -0.067555085 0.12659855 -0.0020023445 -0.06628036 0.107682884 -0.0069542304 0.044497445 0.009402954 -0.10956217 0.059798654 -0.08064951 0.044232044 0.027160183 -0.08142927 0.10695233 0.066256925 0.041783947 0.06932988 0.0020923577 0.022950357 -0.06418456 -0.025588783 0.055081546 0.018114738 0.0021120615 -0.06583274 -0.05544823 -0.010816765 -0.104112 -0.13905218 -0.062913634 -0.01947406 -0.06914641 0.10437055 -0.0804404 -0.027780764 0.08002434 0.0694769 0.090048194 0.0029275476 0.091241226 -0.07856494 -0.034663673
0.034418028 -0.076543175 0.010348199 0.1267847 0.029603822 0.006568222 -0.08160505 0.023414018 -0.056848764 -0.096791126 0.062971994 -0.017854005 0.030021098 0.091467425 -0.012323896 0.012437538 -0.080863655 -0.06920819 -0.0595688 0.01420301 -0.053321913 -0.05479384 -0.005935803 0.018011475 -0.01158324 0.10458187 -0.0498211 0.09684012 -0.077508055 0.021699129 0.07315734 -0.15041472 0.06645942 0.065583944 -0.020622933 -0.042529218 -0.021840068 -0.09732212 0.071914576 0.09194896 0.10612334 0.008994696 0.021212192 -0.09310125 -0.1326948 0.032404672 -0.04827552 -0.017116187 0.09078067 -0.022600362 -0.026774462 0.11528363 0.1129155 0.0010746177 -0.0029695071 0.031433627 0.06875242 0.11116369 0.047605935 0.051576603 0.038372874 0.1140601 0.09106155 0.049748316 -0.06634824 -0.06647933 0.09294081 0.13492054 -0.062231913 -0.03707726 0.016217843 0.063517205 0.002496337 -0.014848189 -0.023896113 0.049962845 0.058275003 0.08594406 0.0462203 -0.035644773 0.0049993666 -0.083373584 0.099126205 -0.030313648 -0.077554554 0.10508339 -0.0054421886 -0.048005052 0.009789298 -0.075781636 0.05775501 0.03677224 -0.070393614 -0.035876982 -0.020244448 -0.08424608 0.09135557 0.09320703 -0.094521925 -0.09349371 0.033248905 -0.028958155 -0.10199507 -0.06035962 0.008688183 0.06339134 0.08550402 -0.041223414 0.08730686 0.11266534 0.033422355 0.06520023 0.10359819 -0.0049395924 -0.09009669 0.0977352 -0.010798791 0.08980243 0.028413368 -0.027935922 0.047434665 0.029336708 -0.0012770739 -0.011617562 -0.012264529 0.038260538 -0.073427275 -0.039665464 0.075439595
0.13652733 0.058045402 0.046313405 0.004341131 0.009476545 -0.05478754 0.091761984 -0.04868115 -0.09897666 -0.061901562 -0.053780686 -0.018636154 -0.048775673 -0.078552455 -0.03730367 -0.02156733 -0.00050023 0.036681104 -0.003866695 0.030914117 0.03804164 -0.006282476 -0.09936683 -0.14290468 -0.072207004 -0.059713457 -0.09007674 0.06492276 -0.14327693 -0.09816401 0.0670399 -0.008054484 -0.0063447286 0.0893242 0.06960027 -0.018448398 0.047588885 0.08507382 0.084665634 -0.07724875 0.008807074 0.05351102 -0.010625217 -0.07351094 -0.07490941 -0.034129176 -0.015610041 -0.061016332 0.056388747 -0.042327665 -0.021102576 0.015641175 0.09162165 0.024550715 0.038081758 -0.024677655 0.0014459167 0.12427756 0.11401331 0.052295648 -0.03179617 -0.01663187 -0.08156839 0.048958566 0.044575766 -0.018854052 0.02157289 -0.00421507 0.05553061 0.024157198 -0.07256198 0.06229918 0.0942825 0.086851075 -0.08292581 0.045311794 0.031914316 -0.04673826 -0.072170496 0.069453046 0.03712721 -0.00026901255 -0.03155277 0.036787648 0.055741012 -0.0533453 -0.0100901 0.039379295 0.020153457 -0.09030567 -0.09830208 -0.054018836 -0.067261584 0.0062981616 0.084510356 -0.007634465 -0.03843252 0.056854736 -0.04143554 -0.00020951052 0.03570925 -0.08170698 0.03208509 -0.047862414 0.10901016 -0.06503194 -0.0066832206 0.07502463 -0.023745634 -0.13973486 0.055515237 0.031227086 -0.07810127 -0.064927325 -0.02332606 -0.1129395 -0.05870007 0.0073689297 0.10149411 -0.027917815 -0.09738032 0.056863215 0.057613473 0.06804506 -0.03431538 0.009913723 0.06477844 -0.012912637 0.08953936
-0.050078202 -0.01955629 0.08828692 -0.031356853 -0.08393999 0.027254151 -0.049065843 -0.07644005 0.033698045 0.107118875 0.035515375 -0.020769117 -0.040176045 0.020206738 0.058154006 -0.039601725 0.06537882 -0.021400632 -0.10021322 -0.10932523 -0.021467887 0.059121583 -0.089024805 0.12093941 -0.011551653 -0.018333156 -0.06648841 -0.025231939 0.013955719 0.03826632 -0.12571071 0.035988443 0.01123975 -0.010021295 -0.010809885 -0.0037915315 0.06936175 0.032891273 0.04439649 -0.019763222 -0.035304077 -0.002824315 -0.11102133 0.107731074 0.0942433 0.09944397 0.11947619 0.02815832 0.099195816 0.081195354 0.022820052 -0.15446033 -0.006027608 -0.011839425 0.03124587 0.03420727 -0.061165195 -0.048941225 0.042859297 -0.11329676 0.022987448 -0.09041298 0.04324546 0.03308106 -0.011773119 0.068432525 -0.032199424 0.02110607 0.12608391 0.023422172 -0.046759218 -0.08973675 0.066246465 0.014913065 -0.047161095 -0.021959573 -0.01826191 0.11920074 0.025639918 0.034557074 -0.036623996 0.09281443 0.016746124 -0.06428427 -0.07366441 0.07719021 0.06963792 0.07423269 0.0011806195 -0.030061038 0.0225047 -0.03134866 -0.00018050599 0.06937348 0.07773368 0.09741802 0.034807656 0.009460702 -0.013181152 -0.08671573 0.009492873 -0.0069947955 -0.013147718 0.08344399 -0.0058115954 0.081480585 0.06820795 0.0057389913 0.03028595 0.097796544 -0.027095484 0.009786046 -0.07964822 0.066278264 -0.084012635 -0.065914184 -0.06543373 0.02482268 -0.012960182 -0.038417432 -0.047049634 -0.091371514 0.030263003 0.07309005 0.089036964 0.036370046 0.059374943 -0.06990792 0.073458634
-0.023264462 -0.0033866905 -0.056718938 -0.033781514 -0.0346945 0.03314535 0.09742689 -0.023273677 0.026794022 0.03459471 -0.021211073 -0.06308794 -0.071964264 0.08349598 0.032339 -0.07664683 -0.045869462 -0.10961119 0.019958135 -0.099379145 -0.0375407 0.017472714 0.0081726955 -0.019688511 0.0742064 0.035813577 0.020287886 -0.000029284658 -0.049746893 0.0006311879 -0.054644812 0.021660533 0.08171813 0.04601672 -0.08043905 -0.009251623 0.11989789 0.03871902 0.02242845 0.11227804 -0.07077669 -0.07814991 0.055204183 -0.017604928 -0.12555197 -0.07586798 0.045331214 0.0682527 -0.09085816 -0.10612051 0.032387078 0.04802621 0.07948512 -0.023350596 0.082750395 -0.034374036 0.010038306 0.089393415 -0.0055783745 0.079582304 -0.15691487 0.07672342 0.022349002 0.02545672 -0.0695867 -0.03604282 0.06938443 0.017154336 -0.06400166 0.024057353 -0.0057346597 -0.050753754 -0.019339038 -0.08164672 0.06437091 0.06811 -0.020638019 0.07071279 0.037655555 0.05700745 -0.05128631 -0.04047696 0.019793594 0.12488412 0.11570458 -0.00035588178 0.059222046 0.054430977 0.03877341 -0.10719652 -0.034379534 0.07398357 -0.12984873 0.09367905 -0.09299583 0.036431383 -0.016792476 -0.054635044 -0.015594652 -0.08071522 -0.07066066 0.059954442 -0.075516745 -0.03567987 0.041535705 0.097347796 -0.08648467 -0.03704527 0.11162943 0.118155055 -0.04981488 0.033496246 0.015994195 -0.11668638 -0.0081254635 -0.028481852 -0.046121545 0.08692287 -0.046107076 -0.08947427 -0.0077579618 -0.099898726 -0.0037732774 0.003313092 -0.092204206 0.005683509 0.08521614 0.0467037 0.08506203
0.048994634 -0.1081028 -0.12794788 0.033567775 -0.010678618 0.016922288 -0.14649166 -0.03858644 0.07029853 -0.009394547 0.081455216 -0.16438623 0.035097096 -0.018347772 0.12189794 -0.1507755 0.09770668 -0.05575363 -0.0597145 0.058233775 -0.0010994762 -0.017356494 0.071262926 -0.05037838 -0.1081398 -0.0628312 0.017454466 -0.0779167 -0.10183306 -0.056722384 0.018942501 -0.13142519 -0.0825831 0.039281864 0.09308326 0.026391549 0.06674206 -0.085004926 0.054341197 0.076121084 -0.033181526 -0.01470282 0.08636933 0.06301789 0.06595629 -0.074090734 0.07320899 -0.019672284 -0.0093050515 -0.05625401 0.07246462 0.08351513 0.070417404 -0.0010111535 -0.13504331 0.031406518 0.10648231 -0.108015016 -0.0875366 -0.064402714 0.013036055 0.058268912 0.03438354 -0.0109062 -0.02988852 -0.07766163 0.07879612 -0.050185803 0.039280012 0.0947109 0.03465631 0.060451835 0.035143808 0.002439723 0.066395596 -0.12505671 -0.052173987 0.0104115 0.071973205 0.012463866 0.047986045 -0.09346037 -0.11439124 0.0035302627 -0.11221699 -0.075465605 -0.07927468 -0.06625124 -0.09388612 0.08978499 -0.058776308 -0.06091756 0.022439778 0.051406432 0.043997847 0.050852302 0.069865175 -0.06381351 -0.06421562 -0.12319299 -0.014181343 0.056996804 0.02234826 0.028108893 -0.083604924 0.052276317 -0.08654031 -0.107722126 0.070203975 -0.024976082 -0.009135409 0.027901914 -0.07258938 -0.04600311 0.023236362 0.06682029 0.007187535 -0.004978133 0.062586926 0.027010618 0.018886019 0.048979305 0.039649814 0.07924217 0.017648889 0.026218971 0.039780214 0.024485772 -0.040942118
0.04528853 -0.047877196 -0.01589649 0.037356056 0.09015323 0.0920642 0.03237249 0.023489393 -0.07798278 -0.057566762 -0.046535227 0.015665814 -0.055228665 0.073074564 -0.051917396 -0.021649338 -0.028762244 0.016346205 0.022624096 -0.05630293 -0.043569997 -0.0912237 0.051186007 0.07326424 0.044937387 -0.016414126 0.044677712 0.05804987 -0.0065172818 -0.09964926 -0.042952687 -0.09463414 -0.09420156 -0.053170387 0.07418738 0.04009234 0.022329042 -0.07529219 -0.062344927 -0.006893241 0.0086939065 0.045471262 0.04450882 -0.048156787 0.044342354 0.061115153 -0.04585347 -0.08896486 -0.03536038 0.05763063 0.06913832 -0.0961621 -0.05774665 0.04762763 0.03334126 -0.074125715 -0.052958168 -0.040335823 -0.022971217 -0.06125906 0.011188612 -0.038897637 -0.06422421 0.0018436998 0.009796196 -0.043997895 -0.028048392 -0.03951437 -0.042460147 -0.06453348 0.031384427 0.041027423 -0.016191218 0.089466624 -0.02633167 -0.06411332 0.04465953 -0.0068872143 -0.015776053 0.07435524 -0.01871632 0.015011886 -0.052778162 0.057013642 0.0637146 -0.036304332 0.0630854 0.0066670002 -0.017969029 0.014420912 -0.02036669 0.023622457 -0.062885486 0.053387508 -0.056473926 0.08696355 -0.04972876 -0.07432508 -0.08644667 -0.06323609 0.04573653 -0.039945237 0.03268029 -0.028248023 0.08320277 -0.0051928824 0.04700228 -0.033515435 0.07597446 -0.10333273 0.021279536 -0.086626746 0.051149372 0.066433415 -0.02559995 0.009911182 0.046941455 0.01421754 0.0411195 0.06736146 -0.08573385 -0.03500103 -0.07792949 0.015940044 -0.090711385 -0.033621807 -0.013689023 -0.007802074 0.01613393
0.04696312 -0.10219442 -0.09040085 -0.018814387 -0.08110755 -0.09012743 -0.10865378 -0.018769253 -0.023166323 -0.1217982 -0.12715995 -0.05543934 0.07945725 -0.0495476 -0.07757625 -0.06752892 0.08098801 0.069642544 -0.03244374 -0.038760938 0.059229597 -0.054569125 0.059773598 -0.022287467 0.0118439365 -0.03320398 0.103421226 0.04035696 0.04317468 -0.066612884 0.047416262 -0.0531897 -0.011373998 -0.072909996 -0.043271914 -0.056074657 0.07512488 0.10728316 0.004610153 0.016195565 0.003125965 0.089152284 0.048691608 -0.0062926584 -0.10528433 0.012453282 0.0731317 0.041057646 -0.051706728 -0.094689555 -0.06482119 0.12283698 -0.091158606 0.057244394 0.087204665 0.14535092 -0.038193803 0.023805894 0.117710195 -0.04416814 0.024630751 -0.06662732 -0.021159884 -0.087393634 -0.035795014 -0.0004840715 0.052601133 -0.03508107 -0.051664952 -0.059092764 0.0006905874 0.10901376 0.026307162 -0.06965234 0.07399496 0.037378952 -0.09999141 0.041342624 0.00849322 -0.020940317 -0.0014919229 -0.059366677 0.0066295327 -0.01177522 -0.007365826 0.081415504 -0.011168283 -0.022494426 -0.0073890644 0.05448872 -0.053923734 0.03414237 0.06530749 0.01647653 0.040224176 0.068078734 -0.037475258 -0.058364317 0.05507177 0.04606901 0.01689954 0.09648963 0.05064743 -0.008969409 -0.094501965 0.05458535 -0.0644242 -0.028371496 -0.011039913 -0.09739451 -0.025643125 -0.08901314 0.09706892 -0.0069091916 0.059023913 0.015782138 0.0052025495 0.027217044 0.057569854 -0.049160566 -0.10793031 0.078283496 0.114726596 -0.012212888 -0.082433306 0.06559444 -0.018703898 -0.029234357 -0.10624536
-0.008944125 -0.104728445 0.04580875 0.062411048 -0.054152507 -0.04537322 0.0430081 0.036716558 0.11382468 0.041561883 -0.14101698 -0.03967768 0.0007130589 0.010506101 -0.023132265 -0.13653657 -0.052882686 -0.046101104 0.0499576 -0.106175154 -0.08253088 0.035371974 -0.07332568 0.0009542603 -0.032517903 0.07490887 0.05148955 0.007387976 -0.031614795 0.085182324 -0.057038866 -0.11932664 0.04890019 0.031247938 0.05814016 0.033646923 -0.014594817 0.015488863 0.05751715 0.084746994 -0.0112150125 0.03416116 0.061565164 -0.06595348 0.11535164 -0.0051990952 0.05271741 -0.023141911 0.092806414 -0.036201004 -0.07263546 0.0068077757 0.012770449 0.065038115 -0.075764164 0.14003019 0.013150244 0.001848324 -0.08685663 -0.15858431 0.04118041 -0.10365811 0.07350634 -0.06749419 -0.017106997 -0.049313143 -0.04338273 0.054702226 -0.027662609 0.08121987 0.026185535 0.07501247 -0.03272761 -0.023867814 -0.06922861 -0.029301703 -0.049751583 -0.07276569 -0.07890442 0.022732932 0.009073409 0.13692947 0.0014563394 -0.00471295 0.10509696 0.087832965 -0.0054233563 0.0048816977 0.091547795 -0.038128737 0.016492436 -0.04540441 0.096273646 -0.091708936 0.075980216 0.10808942 -0.0032860604 -0.107088424 0.011301203 0.048889358 -0.0297751 -0.018930955 -0.031139668 0.028132817 0.036814563 -0.15707141 0.037733674 0.04248176 -0.078378394 -0.08386114 -0.05268554 0.07792291 0.044735298 0.06276749 0.087603375 0.08747352 0.08558717 -0.022311376 -0.05025789 0.03686541 0.09432001 -0.039515804 -0.033870768 0.04315161 0.053289082 -0.05981406 -0.014215879 0.034629956 0.00395
0.008849337 0.006442555 -0.13487563 0.017692802 0.037672658 0.053989775 0.017373092 0.12335152 -0.026666809 0.009465898 -0.06446397 -0.029126082 -0.01731504 -0.09592323 -0.115343645 0.019599024 -0.03759477 -0.01476729 0.064407125 -0.09724967 -0.036828868 0.09785589 -0.021297907 -0.0061888676 -0.089421436 0.070305966 0.06373489 -0.12688471 -0.08682884 0.023698797 0.12615709 0.03644731 0.056442965 0.076367795 0.007760608 -0.021644449 -0.0949446 -0.05238228 0.084188245 0.080961265 -0.03676462 0.080361284 -0.0094223935 0.012751634 0.057916995 0.12543513 0.06211882 -0.0536963 -0.054879997 0.04184953 0.012220042 0.11844737 0.040790718 -0.009771797 -0.055930525 0.0056255446 -0.07891368 0.07548221 -0.075516716 0.04661224 -0.07789014 -0.07307958 0.06540353 0.044905864 -0.09562783 0.024308445 0.10683433 0.08983752 -0.07981065 0.018552437 0.031193146 -0.074725404 -0.024096211 -0.12690157 -0.061304625 0.105683915 -0.0076058824 -0.056000777 -0.07260449 0.083116606 -0.11675957 0.06547162 -0.058938835 0.008177945 0.0076064146 -0.03012678 0.0704375 -0.002877464 -0.06024179 -0.07621229 -0.07966555 -0.013765396 0.060085516 -0.092328385 0.131034 0.05894253 -0.09801852 -0.008561606 0.04875589 0.11873108 0.06006106 0.035683468 0.07721896 0.111011535 -0.08201912 -0.068951175 0.054094475 0.08372039 -0.015772946 -0.1113862 -0.10850979 -0.107084565 0.05891852 0.05973402 0.077901416 0.16350627 -0.035971835 -0.009220917 -0.076934285 0.0105004525 -0.041978642 0.10070326 0.00666213 -0.053348113 0.042744055 0.09934657 -0.07803773 0.12691502 -0.05714485
0.00038840622 -0.050390173 -0.08654421 -0.014335439 -0.05098033 0.0852238 -0.002920486 0.048217468 0.048160844 -0.024424598 -0.0141137615 -0.028977945 -0.03949063 -0.07922361 -0.03532908 0.0046076328 -0.0883461 -0.062219836 0.028184064 0.06965428 0.057511024 -0.08117445 -0.014460824 -0.038000654 -0.035849974 -0.09035671 -0.044814803 -0.022145294 -0.050874688 0.04004676 -0.09899121 0.025797538 -0.064672634 0.009347513 0.096651696 -0.02757492 0.08065937 -0.05740602 -0.025549576 0.040532283 -0.019294143 -0.000104025006 -0.0847791 -0.02117689 0.02186384 0.024441168 0.025419898 -0.07679059 0.032816984 0.01101134 0.09537261 -0.05681889 -0.013790801 -0.07081914 -0.06841347 0.011156917 -0.09745538 -0.059071016 -0.071440555 0.0055829734 -0.04276049 -0.039827418 0.08940118 0.016979791 -0.0831815 0.058567427 0.08606813 0.033657916 -0.017965958 -0.031192638 -0.015040323 0.060581572 -0.075299524 -0.050097037 -0.08121631 -0.07688341 0.0029486194 -0.04520316 -0.055856634 0.0512001 -0.08184989 0.0807574 -0.023134232 0.069040485 -0.062434386 -0.04827073 0.08797369 0.0094457865 -0.01712434 -0.06465666 0.062387593 0.09431069 -0.02130115 -0.08262286 0.024907425 0.071764044 0.020621158 -0.027650788 -0.053817965 -0.051891472 -0.09076848 -0.031466052 -0.07907462 -0.025513723 -0.025416419 -0.03209798 0.062526055 -0.0066411495 -0.05986352 -0.08073425 0.047738574 -0.089115046 0.09781117 -0.09533942 -0.074208595 0.02337189 -0.011481978 0.050940774 -0.08307366 -0.057961132 0.07678979 0.031498052 0.07051065 -0.07347898 -0.095470384 -0.004841283 -0.0896152 0.030984066 0.03139419
-0.010303074 -0.09106593 -0.23112057 -0.12484134 0.028069826 -0.07227955 0.028462036 -0.094611585 0.005516455 0.14161788 -0.0061406065 0.014167457 -0.06475287 0.017401965 -0.018043837 0.04831361 0.057511885 -0.091929056 0.02276075 0.05363467 -0.059248313 0.07957035 0.05934488 -0.049683407 -0.0874899 -0.06336259 0.0678449 0.06729658 0.051276956 0.071716 -0.082371496 -0.047147505 0.079472594 0.047249567 -0.07362553 -0.0135652665 0.07848007 -0.019692129 0.026400585 0.046239056 -0.16041079 -0.06963358 0.083640166 0.108514205 0.09305142 0.015346463 0.022124065 0.034257755 0.052786455 0.047153853 -0.05526264 -0.090499684 -0.07945819 0.018006086 -0.11858689 -0.028243367 -0.1526814 -0.030219663 -0.07979073 -0.0542788 0.0031086078 0.10028274 0.034464944 -0.06175816 0.055952493 0.013516995 0.12178192 -0.13538371 0.11554426 -0.025806414 0.03172372 -0.07031807 0.046629153 0.038308848 0.005366984 0.061713368 -0.012083673 0.016493548 0.023932613 -0.03285755 -0.039817903 0.03889545 -0.0505999 0.053091917 0.019651659 0.08358076 -0.060973972 0.01646105 -0.03975228 -0.029450791 0.07568281 -0.062015288 -0.051578376 0.024472125 0.06170155 -0.024235405 -0.03825894 -0.05674931 0.047799863 -0.03095842 -0.117822565 0.012925159 -0.05828197 -0.09979396 0.011364432 0.05485352 -0.12330961 0.032843214 -0.016861336 -0.03114592 -0.014048091 0.053675063 -0.0945193 -0.13710296 0.045283325 0.0049771415 0.108787365 0.07271409 -0.048562676 0.034685675 0.016557237 -0.00065610616 0.038489126 -0.081801966 -0.03248785 0.087862715 -0.08173436 -0.08702944 0.06613912
-0.0047468683 -0.07798467 0.08660456 0.1929408 0.049348775 0.0438094 -0.012369468 -0.14377896 -0.09336711 -0.15007047 -0.075063124 0.031551626 -0.0707862 -0.092905216 -0.0898837 -0.12892579 -0.030061742 0.08236352 0.07514722 -0.061567396 -0.023448413 -0.00044668364 -0.04694258 0.1001247 0.05566572 0.087554425 0.13439834 0.003998534 -0.122319356 0.006670103 -0.014211898 0.029837713 -0.07398434 0.03265616 0.054444112 -0.038955886 -0.03131024 -0.045710955 0.013973617 -0.06512733 0.03631126 0.011147975 0.010039843 0.034596834 -0.061415084 0.105295114 0.008449327 0.042709097 0.053512294 0.009883241 0.013687639 -0.001193858 0.05280167 -0.006802789 0.05476083 0.15547253 0.11355279 -0.0005608972 -0.035512865 -0.024680631 -0.07093999 0.09073623 0.097989 0.0938634 -0.04400486 -0.008818916 0.008510001 0.093523264 -0.10358817 0.02352532 0.09092077 0.049660146 -0.044495575 -0.0607573 0.047532924 0.08958451 0.07420344 0.023499481 -0.06775838 0.026377408 0.011075798 -0.055306803 0.07108781 0.011005048 0.018683143 -0.053930435 -0.051938325 0.032784905 -0.045181543 -0.01274362 0.057920534 0.0057061533 -0.03938402 0.0008552838 -0.00010539436 0.11746577 0.09931292 -0.017104065 -0.0036760296 -0.058607124 0.08181637 0.14585474 0.06822006 0.021121867 -0.0029711823 0.028735675 -0.021802839 -0.01600366 0.028148046 0.07077638 0.11063097 0.060215 0.05600405 -0.086230285 -0.012370857 -0.11046639 -0.094139285 -0.0855985 0.023485633 -0.057508044 0.103500076 0.097842686 -0.032016642 0.020202812 -0.0812614 0.022928247 -0.080530494 0.04527642 0.07097319
0.037974376 -0.11500336 -0.08855559 -0.16405098 -0.033557024 0.047829457 0.016712163 0.09829476 0.040858347 0.14791372 0.05354366 0.044253398 0.009182129 0.079232626 0.02288428 0.0007715508 0.04632633 0.05596041 0.020795558 0.02725777 -0.05402418 0.08731706 0.013488395 -0.08185403 0.13145661 0.09664668 -0.065123126 -0.054605827 0.13187683 0.13723299 -0.037988916 -0.109271556 0.06394652 -0.014641082 -0.036634456 0.03888102 -0.057271052 -0.041627433 -0.019873902 0.011888741 0.056249373 -0.07749598 0.059407603 0.04376135 0.08210538 0.05494504 -0.040268395 0.11504824 -0.065976724 0.02029448 0.13459793 -0.033907663 -0.0199886 -0.014660048 -0.009538147 -0.10173094 -0.028246256 -0.0031464333 -0.09720001 -0.12061194 0.12217096 -0.067257926 -0.05401777 0.035132837 0.029062985 -0.091137275 0.038205504 -0.015101404 0.0894882 0.06391594 -0.028983958 0.037092466 -0.07990166 0.09925402 0.108498275 0.0462136 0.039335962 -0.011520305 -0.05150696 -0.04831394 0.017592374 -0.051097844 -0.110686116 0.09248499 0.057628535 0.05219854 -0.024018686 -0.11734696 0.0054001277 0.004867307 0.02225401 0.10859803 0.12650296 -0.09604442 0.0030923223 0.05922662 -0.008848157 -0.02419729 0.12156258 0.14976832 -0.049811266 -0.046614584 -0.080523394 -0.051431116 -0.016197499 -0.09458263 0.03863224 -0.020060517 -0.004034462 -0.017515462 0.065966375 -0.06412271 -0.035872117 -0.10570165 0.08955806 0.12500511 0.04484864 -0.03577333 0.04057895 0.018524628 -0.014249267 -0.0667612 -0.068080276 -0.061765958 0.0719231 0.011474068 0.02029691 0.06945492 -0.035219014
-0.059174538 0.06481236 0.048990853 -0.09963872 -0.10209913 0.033486456 -0.091480896 -0.07911579 0.073174395 0.09818096 -0.0203815 0.092889845 0.03905382 -0.045715347 -0.063862644 -0.0846264 0.092515334 -0.09226065 -0.03762438 0.069492005 -0.0022541315 0.063674815 -0.009737537 0.091725916 0.07209985 -0.032436885 0.078977 0.0433663 -0.091051035 0.006223938 0.057937246 0.025381036 -0.029595917 0.08347349 -0.07836534 -0.012012913 0.020962266 -0.07461626 -0.070544906 -0.05390308 -0.10090785 -0.077302784 -0.07057334 -0.04802558 -0.05081346 0.011737142 0.054291364 -0.093709186 -0.002848722 -0.04037552 -0.08791566 -0.04838388 0.080972485 0.092913665 -0.079240814 -0.090962306 0.04516638 -0.031097628 0.004035376 0.05904458 -0.08437717 -0.007443592 -0.08014872 -0.070854284 -0.061667792 -0.023481427 0.003254705 0.06395285 0.054246068 -0.025844552 -0.027452674 -0.020736825 -0.016582577 0.06347462 -0.07147683 -0.071954615 0.018776575 0.057376903 0.0013565142 0.046289902 0.03114951 -0.00020294177 -0.036785994 0.05673852 -0.01622507 0.0022888428 -0.039834127 0.0010446414 -0.060375586 -0.0066988906 -0.029449165 -0.026917107 -0.0184738 0.05203466 -0.06638729 0.036731195 -0.103478216 0.020370053 -0.007363698 -0.01633195 -0.045370378 -0.054622687 -0.04232067 0.045866072 -0.01800478 0.016700672 0.031707935 0.040905956 0.07268035 -0.037576057 -0.077066645 -0.08535937 0.019591207 0.022920549 -0.09336077 -0.06845748 0.08715175 0.078969575 -0.0799939 -0.011556529 -0.10012454 0.017055804 0.09098162 -0.032733683 -0.009075373 -0.011003228 0.04545632 -0.07680709 0.05470685
0.0899987 0.03316812 -0.034300547 0.036210593 -0.074733675 0.03863491 -0.026961997 0.077340886 -0.03035695 0.0129108755 0.055137202 -0.03243503 -0.028836397 -0.08255508 -0.06577729 -0.11786278 0.0733872 0.06580361 0.008115305 -0.0727915 0.035051715 0.08543146 0.09449787 0.10493264 -0.029480835 0.08391993 -0.042378955 0.1477639 -0.011617799 -0.014146613 -0.073005155 0.039247815 0.019117726 -0.018051982 0.043056905 -0.03429675 -0.037279215 -0.092137784 0.119294174 0.02824261 -0.07650808 0.08773684 -0.07689995 -0.07356476 -0.02196297 0.013724238 -0.020628527 -0.07887068 0.064732075 0.041073926 0.055478536 0.15354967 0.051014606 -0.076048486 -0.052312266 -0.096192926 0.07968778 -0.008917745 0.00023700636 -0.084543645 0.0074957805 -0.08053901 0.007942635 -0.024262015 -0.06166423 -0.12786548 0.07972992 0.043680783 0.05237749 0.038750052 -0.029548258 -0.04490146 0.06907265 -0.08165501 0.08688735 0.06767704 -0.001504638 -0.00712656 0.027651027 -0.11099608 0.10747815 0.0120181125 0.066885225 0.013413859 -0.029800463 0.12103175 0.028291408 -0.10160678 -0.07613124 0.085985914 0.05775678 0.050221507 -0.09429853 0.07454395 0.048925456 -0.03639687 -0.066702195 0.041736096 -0.0011072953 0.08018142 0.025894826 0.03146557 -0.0777117 0.0197215 -0.05747508 0.11536224 -0.08384729 0.073078014 0.020769505 0.016624693 0.08160012 0.06890127 0.031104561 0.016807055 0.009722163 -0.021533052 -0.09825054 -0.0073483153 0.023144199 -0.045495182 -0.010933125 -0.031158438 0.014399447 -0.014018617 0.082811825 -0.003797648 0.07915672 0.04877789 -0.056222726
-0.0012433388 0.025679752 0.05882111 0.029451655 -0.075709306 0.02289611 0.10187279 0.020716328 -0.016920779 -0.05386405 -0.042170025 -0.1314134 -0.05130449 0.10620502 0.027552623 -0.06379466 -0.06507076 -0.038501386 0.08975848 -0.025368119 0.10890076 0.023690335 -0.092968784 -0.10007949 -0.019773176 0.005492319 0.075121336 0.17269577 0.08415523 -0.12992032 -0.102686994 -0.01904238 -0.031838942 0.076846495 -0.07984267 -0.012081541 0.05217641 0.10333711 0.031135207 0.07507349 -0.028138915 -0.05484738 0.0032974137 0.05139241 -0.08529665 0.01265979 0.118264385 -0.04741557 0.0675991 0.10859752 -0.19061151 -0.12099966 -0.031309642 0.0842956 0.05437651 0.034955 -0.091917574 0.023704875 0.060878515 -0.05430418 -0.012203016 0.08915783 -0.03479725 -0.109645925 0.10379681 0.04719186 -0.02372009 -0.09630347 0.04791614 0.04405343 -0.031352315 0.077360034 0.07787739 -0.008150834 0.06642178 -0.06948729 -0.009170891 0.15156113 0.07226916 -0.012082284 -0.04647174 0.035238042 -0.12482296 -0.084848925 0.06239339 -0.10465651 -0.08845265 -0.05854716 0.006398745 0.014674112 0.07922339 -0.05133613 -0.047759175 -0.005560885 -0.043472618 -0.07775034 -0.10148654 0.061206736 0.041330744 -0.047031116 -0.14410679 0.08708154 -0.043489527 -0.12260455 0.08278838 0.07344806 0.06984891 0.038037088 0.121208675 0.09252423 0.09569487 -0.10576863 -0.06302717 -0.1336444 -0.074282326 -0.038349405 0.059739973 -0.030195946 -0.028788729 0.046560064 -0.011819113 -0.07134116 0.043267887 0.06242589 -0.034650955 -0.07841282 0.008344803 0.05526078 0.015259926
-0.03460128 0.019439997 0.19756487 -0.08198168 -0.042417962 -0.09225398 -0.008639904 0.09671916 0.011334002 -0.13599598 -0.071059845 -0.035813387 -0.084960975 -0.10684991 -0.10308919 -0.045891497 0.041706394 -0.020636154 0.10868466 -0.009782084 0.018083278 -0.034138095 0.08087501 -0.08766926 -0.02188357 -0.09392228 -0.025826922 -0.18601705 -0.07685969 0.062491387 -0.012347175 0.032482058 -0.041794587 -0.058161438 0.076051466 0.11256181 -0.19335897 -0.12013582 0.0059042536 -0.09108138 -0.098781824 0.0026310775 -0.0103333555 0.0579406 -0.003203866 0.030287791 -0.043607414 0.084472165 -0.003156184 -0.09960337 -0.050620805 0.036008127 -0.08638312 -0.0780269 -0.048439246 0.034868583 -0.037487835 -0.10526917 -0.083012424 -0.006392774 -0.028023226 0.09027118 0.00093327445 -0.010354856 0.107077844 0.05535522 0.06722679 -0.0058728177 0.102287024 0.08603803 0.09090287 -0.034951486 -0.027510092 -0.017172437 0.023714287 0.03319203 0.017255817 -0.024050917 0.08845612 -0.056663573 -0.02818675 -0.14164944 -0.020323507 0.11317683 -0.18524781 -0.07301697 0.08962842 0.009689893 -0.07060807 0.033844873 -0.035081536 -0.13508803 0.0068531865 0.012419604 0.09133722 0.089702174 0.1139329 0.027350634 -0.08929021 0.0197986 0.056870796 0.021715056 -0.011150499 0.04791865 -0.0013550936 0.049458537 -0.07538012 -0.035847574 -0.009205644 -0.07791919 -0.03089311 -0.05819221 0.037649576 0.11235623 0.09667083 0.12103006 -0.036894493 -0.099499114 0.0975439 -0.023153836 -0.0074583255 0.0454634 0.050800882 0.034349695 -0.0625802 0.052134715 0.009266878 0.015406253 -0.010613889
0.01657436 0.07936476 0.01609137 -0.02853856 -0.062607385 -0.023376716 0.023984756 0.024544075 -0.05240912 0.077576175 -0.09995745 0.12251001 -0.05452459 -0.021558464 0.07749044 -0.066281006 0.000121619276 -0.006395461 0.088959955 0.015703399 -0.020725042 0.047212444 0.1085932 0.07214764 0.042877264 -0.018027674 -0.09545613 -0.06747538 -0.07869476 0.028440556 0.035496976 0.06562813 0.050219074 -0.0036559156 0.04026307 -0.08828252 -0.10743918 0.049907032 0.045068875 -0.013092188 0.053176124 0.09443638 -0.07807112 0.0021084936 -0.025656492 -0.011861863 -0.029109033 -0.0083155455 -0.13188276 -0.028811246 0.15018138 0.18172482 0.087855026 -0.075373806 -0.034780093 -0.030963177 0.061496045 -0.04829666 -0.09562724 -0.06323591 -0.038535286 0.10156965 0.041772753 -0.059029162 -0.033494383 -0.11852744 0.13697071 0.040836126 -0.12357024 -0.08001468 -0.041789874 -0.10044199 0.07409865 0.029227266 -0.01505706 0.047149345 0.04868229 -0.12641731 0.06005636 0.008072235 -0.06119463 -0.049814634 0.14745633 0.047902297 0.036020406 -0.052411698 -0.048266027 0.077785395 -0.06735176 -0.018243892 -0.04137853 0.09256212 0.054352596 0.03207995 -0.059407353 -0.083096705 -0.015275602 0.013628282 0.07276825 0.04129319 -0.02611823 -0.037978496 0.050184637 0.10918358 0.07507846 -0.07775956 -0.025226785 0.082420714 0.0033215238 -0.039313205 -0.04745375 0.03490825 0.040873364 -0.04516226 0.06527443 0.011408562 -0.110454485 -0.017310092 0.055767763 0.09077937 0.063149616 -0.07776197 0.046603307 0.06336766 0.09067778 0.048648406 0.06671575 0.04602093 0.0040697036
0.079500146 0.056012098 0.026225524 0.14160807 0.10959428 0.012039557 -0.049144458 -0.054656748 -0.09402366 -0.024698868 -0.044322148 0.13475621 0.03922148 -0.10351433 -0.119753495 -0.012648764 -0.03993602 0.0998155 0.076809615 0.08985178 -0.017113458 -0.0040436955 0.074602015 -0.08467166 0.053938404 0.055968687 0.07014752 -0.08093273 -0.12176709 0.09885407 0.047871493 0.030217938 -0.08812208 0.053100653 -0.022158088 -0.04583853 0.115377635 0.09619007 -0.030054081 0.12125834 -0.13155036 -0.04456545 0.030845497 -0.08383322 0.08308629 -0.0027328462 0.09450476 0.007987665 0.10843209 -0.0015697706 0.023554023 0.1793469 -0.0385565 -0.023910796 -0.03953169 0.14928502 0.0051591923 0.0432055 -0.07604106 -0.050632134 -0.050640225 0.070935935 0.048854504 -0.01721068 -0.016632825 -0.02107229 0.012712931 0.080334455 -0.02858922 0.043854155 -0.06519736 0.14918175 -0.013464669 -0.08271533 -0.059455425 0.061271153 0.034038644 -0.06350416 0.008384926 0.094823554 -0.110512845 0.014230178 -0.030821856 0.06373321 0.09846151 0.079406284 0.032728978 -0.021664416 -0.11974248 -0.095261216 0.08508597 -0.03791651 -0.029256891 -0.009641587 0.035194386 0.096529 -0.046640806 0.090644374 -0.023246368 -0.023100793 -0.0063905474 0.07751466 0.01364827 0.0021724708 -0.06367918 -0.013072963 -0.05986974 -0.06703115 0.06812386 -0.10046128 -0.08603827 -0.048229728 0.062211204 -0.066945374 -0.030891264 0.10453164 0.09125824 -0.08092803 0.013059763 -0.031163312 -0.03784073 -0.011773345 0.036738697 -0.057790607 0.0038742926 0.07882615 -0.060701326 -0.0042241183 -0.03019947
-0.10507213 -0.09721551 -0.026681134 0.060273312 0.021207683 0.070530936 0.038930874 -0.057284452 -0.087218404 0.07711627 0.047098808 0.06703544 0.017148571 -0.04874046 0.05949074 0.07093132 -0.004152665 -0.030305475 -0.09926055 -0.085405014 0.028509445 0.08120467 0.07573519 -0.043039024 -0.028255332 -0.06526443 -0.068217866 0.051972184 -0.085244775 0.07036894 0.024690375 0.046296366 -0.04629101 -0.068188295 -0.04883748 -0.04970305 0.081223205 -0.09362528 -0.016694747 -0.072372854 0.019741258 0.045501977 -0.036747314 -0.098522924 0.09389986 -0.09197793 -0.012888321 -0.014863799 -0.0664306 0.07162044 0.08165395 -0.026796341 0.059764393 -0.095888145 0.038249243 -0.001770094 -0.057894148 -0.071940616 -0.0132469395 0.047057115 -0.03860848 -0.053708006 -0.060145818 0.0014348908 -0.0005656631 0.07912308 0.027736362 0.017825723 -0.009238097 0.06369432 -0.104504906 -0.061239466 0.042613328 -0.004971811 -0.084144354 0.033850394 -0.020763803 0.064979054 -0.059068106 -0.09377909 0.033400502 0.019199483 -0.10249671 -0.03152082 0.0016829729 -0.031753916 0.06329419 -0.09012919 0.008040386 -0.0961349 -0.03232811 0.029061854 -0.07323445 -0.04354773 -0.050950795 -0.097612575 0.048295677 -0.05476097 0.079005435 -0.082703725 0.058839537 0.0061309123 -0.0049969433 -0.08798755 0.029025184 -0.10278233 -0.09256821 0.08872391 -0.10172856 -0.008938303 0.029820364 0.008421669 -0.042072915 0.043335635 -0.01910709 -0.028369829 0.017010389 0.07512499 0.07723374 -0.09116786 0.043372933 -0.076552734 0.023293238 0.07966919 0.065003686 0.0012027443 -0.030945862 0.02331544 0.018006165
-0.03038875 0.07584794 0.010716473 -0.08854602 -0.059946824 0.05574403 -0.048021387 -0.05129303 0.0058565983 0.028828152 0.07956682 0.104502134 0.10758306 -0.09061378 -0.042631894 0.06436245 -0.038775917 0.026234997 -0.074958876 0.013190837 -0.13214247 -0.1647718 -0.012890455 0.036665086 -0.034554325 0.09938775 -0.08542561 -0.110792235 -0.053417657 -0.044327874 0.017523939 0.010046163 -0.05236945 -0.09725831 -0.06439613 -0.06611174 -0.108357035 0.015873399 -0.016486011 -0.07464592 -0.052805975 0.079054974 -0.012884291 -0.017971624 -0.073113576 0.03712173 0.045062758 -0.029771205 0.115023814 0.040684164 -0.06362514 0.022314915 -0.07864123 -0.1373423 -0.057884425 -0.08201054 -0.06031056 0.052752398 0.0068138777 -0.026760813 0.0888141 -0.031767037 0.00047287307 0.017154166 0.0613812 -0.029281657 -0.09682712 0.025158405 0.08453337 -0.027140383 0.0001519354 0.07206178 -0.08423782 0.022537392 0.03528993 0.056931295 0.0065863384 -0.07337946 0.07450464 0.08683438 0.08647719 -0.062431883 -0.0007232169 0.048648153 -0.06967225 0.069255814 -0.022289632 0.015792027 -0.0105872955 -0.083309725 -0.012494738 0.057852805 -0.050096642 0.08939969 -0.021542313 0.093812376 -0.0014203459 0.10068861 -0.12693484 -0.062646784 0.028324902 0.09376237 0.057857912 -0.05233694 0.031281814 0.004532301 0.04855742 -0.026660884 0.08586027 0.059654236 0.055899765 0.03688278 0.06562578 0.038549308 -0.039869294 -0.04492188 -0.039655376 0.045599326 0.011736566 0.074293844 0.0449902 0.030096661 -0.052313063 0.06844796 0.065362915 -0.09547945 -0.030722413 0.0015142004 0.051869184
0.062578015 0.043161817 -0.0010498438 0.1324871 0.13235515 0.094524264 -0.03483731 0.04263885 -0.0061562923 -0.00760622 0.027879002 -0.06868289 0.01760993 0.07847591 -0.08065947 -0.06382876 -0.0537196 -0.088726334 -0.05508972 -0.041327048 -0.058483668 0.057929534 0.09752971 -0.04410463 -0.062186778 -0.055016074 -0.013468077 0.05839394 -0.045647778 -0.06103126 0.008334938 -0.09534968 -0.018879764 0.096955135 0.093838714 0.07359613 0.092078306 -0.017928347 0.0846949 0.039055213 -0.10033266 0.018499231 -0.0436813 -0.09672639 -0.10909518 0.08190915 0.028276429 -0.06777926 0.07775492 0.05514807 -0.09833169 -0.013065368 -0.12564963 -0.074741825 -0.06474828 0.04760382 -0.04556635 0.052615955 0.04667589 -0.036987547 -0.027825942 0.038388673 -0.034783415 -0.13443834 0.054483958 0.03446806 0.016156211 -0.12682368 -0.073378816 0.11157951 -0.056510027 0.086323924 0.09491594 0.060133845 0.030348843 -0.017953299 -0.003069532 0.047002133 -0.06906137 0.013158508 -0.013149909 0.038557824 0.057664774 0.009229627 0.13029955 -0.017157286 -0.067950994 -0.07813955 -0.042626552 0.06319313 0.08788048 0.10373839 -0.016696487 0.01682387 -0.13759376 -0.038342338 -0.07643306 0.007854681 -0.051149897 -0.04167756 -0.07443277 -0.11456996 -0.020688806 -0.1481755 -0.03371315 -0.07061524 -0.044439975 -0.034938328 0.10256254 -0.053757988 0.025108475 0.0461553 0.013481871 -0.09660211 -0.018983115 0.047642734 0.0912543 -0.046052404 -0.07829464 0.019800775 0.060947057 0.02697534 0.056003183 0.024482895 -0.06951523 0.05963764 0.0815319 0.009756019 -0.057782065
-0.1293318 -0.022556238 -0.14943556 -0.05703248 0.09625862 0.11531526 0.13446976 0.032087274 0.09856015 -0.016540742 -0.038902115 -0.13105132 -0.067134924 -0.05089509 -0.13135539 0.06282392 0.02185344 0.034947794 0.09868364 -0.058057353 -0.02535575 0.14335613 -0.09310171 -0.078956805 -0.10528815 0.11289218 -0.0059962417 0.103751995 0.12232107 0.03471663 -0.057939157 0.07061239 -0.07988685 0.10088979 -0.028713344 0.059933398 -0.051708654 -0.04563729 -0.009141649 -0.063292064 -0.029475166 -0.036691897 0.09310941 -0.08522739 -0.0120818755 0.123190746 -0.0012963605 -0.054505445 0.08214914 -0.009952604 -0.038634602 0.0745471 -0.020452755 -0.062216267 -0.081432946 -0.054588962 -0.0694354 0.031527486 0.08352194 -0.005711461 0.0948297 0.09687293 -0.058085587 -0.07376277 -0.06882006 0.05165676 -0.00011115118 -0.038894694 0.06472642 -0.003141401 -0.09408649 -0.010351338 0.10388791 0.03316068 0.098666385 -0.019640198 0.0022136192 0.040397536 0.04105582 -0.025556894 -0.097153194 0.032169823 -0.028879248 -0.077777214 0.017614832 0.068334185 -0.050122153 0.06812472 0.05090299 0.048755005 0.014912248 0.097653456 -0.01869988 0.050996643 0.014866471 0.05048098 -0.08480877 0.05685044 0.117417365 -0.009006456 0.04702432 -0.11936803 -0.009904911 -0.16038227 -0.08140103 0.01884581 0.0066362955 -0.04719401 -0.024160016 0.06260497 0.08101628 0.08479881 0.0102292895 -0.025777092 -0.017887613 -0.07633732 0.08017834 -0.0042805322 0.019010372 -0.02584695 -0.034940556 -0.027946189 -0.04934718 -0.006876244 0.010526492 0.0020071391 0.0029774813 -0.008509069 -0.09063509
0.066790454 -0.048381213 0.1975893 0.03749436 0.046485282 -0.025956932 0.061810203 -0.12692615 -0.043091957 -0.038803916 0.023066102 -0.06398107 -0.019942781 0.07493129 -0.09796637 -0.053313203 0.028485494 -0.011871556 -0.018324675 0.09840664 0.10116261 -0.09682363 0.054343764 0.05383995 0.017803643 -0.09203966 0.0242791 0.07229108 0.08236721 -0.076154314 -0.07367806 -0.058953185 0.005527164 -0.010888319 0.08337454 0.0436275 0.12501031 -0.09354098 -0.11239674 0.05025283 0.026771247 -0.0073619187 -0.046057105 0.0940911 -0.09766202 -0.033455424 -0.025636958 -0.087740436 -0.07132645 0.006062776 -0.0060746595 0.09283547 -0.0013740051 -0.056186035 -0.0055143517 0.05423221 0.0547752 0.05825623 -0.053450257 0.04809687 0.0050161476 0.05265136 -0.0010527192 0.14005668 0.0018962089 0.07110132 -0.044872966 -0.0017577253 0.025126187 0.052153498 -0.10642198 0.13834871 -0.055539537 0.0027102742 -0.09177205 0.031793397 0.07736233 0.06868193 0.08539649 0.077112325 0.059971206 -0.034203473 -0.017243499 0.021949524 -0.073415756 0.063866794 -0.018031534 -0.11298293 0.039761744 0.02004078 -0.054426637 0.025496595 -0.036451727 0.07809134 -0.045438748 -0.016043695 -0.02318937 0.036948558 -0.086053014 -0.04208578 -0.030902216 0.08722403 0.07278473 -0.05890652 0.051019102 -0.03145194 0.007947341 -0.07781116 0.021877624 0.092389435 0.00078677206 -0.031477556 -0.036499146 -0.073623024 -0.00760447 0.15448794 0.020961028 -0.033476863 -0.11653372 -0.0740645 0.0031128789 0.026296189 0.0962343 -0.01698018 -0.024837468 -0.0064209583 0.08225517 0.0020545165 0.052075267
-0.030562704 -0.08653268 0.15198515 -0.07745157 0.06037011 0.014349358 0.1038096 0.004245989 -0.012007415 0.03468008 0.046457894 -0.047301654 -0.08128905 -0.0029245168 -0.046304826 0.011384518 -0.0465461 -0.06949959 0.057736725 0.036933955 0.020229766 -0.07629746 0.031495936 0.00019109603 -0.074493416 0.12120837 0.035249222 -0.03886646 -0.042105526 -0.14149699 0.015350596 0.02994848 0.104283825 0.0911296 0.04482989 -0.07213067 0.09066364 -0.07112878 -0.11102962 -0.014763835 0.025316296 -0.012128252 -0.08404782 0.09962561 0.007953475 0.041521143 -0.0021494208 -0.03836631 0.094515435 0.02810996 -0.14522548 -0.061919373 0.035913173 0.029970128 -0.12151059 0.014820119 0.0021985094 0.0108700665 0.050524574 0.08412254 0.06819383 -0.045422684 -0.04706068 0.019996542 -0.02492994 0.063507035 -0.07619994 0.036087796 -0.0007337196 -0.039357018 0.077638455 0.045122087 -0.07200536 0.049528796 0.02363725 0.037055366 -0.0042483686 -0.025775678 0.017403826 0.08409117 -0.038421344 0.09674829 0.047661103 0.032113418 0.053471692 0.008970352 0.04590448 -0.025990268 0.02055333 0.044588245 -0.058412883 -0.058510743 -0.06722746 0.05890913 0.07311682 -0.046180114 0.05886854 -0.012512315 -0.08713395 -0.034198966 0.067924604 0.051081933 -0.017286764 -0.06792831 0.036186278 -0.0979996 -0.09411213 -0.022680279 -0.027511466 0.07676641 0.08547577 0.07480484 0.010770263 0.08307712 -0.09395924 0.028039593 0.06961291 0.019415133 -0.08656004 0.077522054 0.039220665 0.033608027 0.00015893049 0.0058528828 -0.021281563 0.04351516 -0.076197274 0.07693662 0.102057956
-0.06523657 0.06441475 0.016526874 -0.08210771 0.04174811 -0.04033003 0.090101935 -0.015461736 0.060279552 0.010540634 0.01783749 -0.05636154 0.06857507 0.08224956 -0.071470305 0.053588044 -0.058314905 -0.08459641 -0.02616409 -0.06116614 -0.009549517 -0.082488485 -0.027358897 0.04280061 0.0646219 0.06297331 0.012494973 0.07780068 0.07514205 -0.006434005 -0.047779728 -0.087280534 -0.046988398 0.089638285 0.10546976 0.08193677 0.0027515863 -0.01697334 -0.07740419 0.107757606 0.051000778 0.07139735 -0.043666944 -0.080960244 -0.072352454 -0.10604792 0.02164447 0.10455775 0.036560167 0.05864379 0.076275 -0.031901497 -0.080138296 -0.075083375 0.06360594 0.06416016 0.002765225 0.06870302 0.093597226 0.067941695 0.02016233 0.04922938 0.072263 0.09485076 0.0154229645 -0.07124043 -0.059454117 0.05548496 -0.06696481 0.04328744 -0.072910555 -0.05870873 0.031872753 0.055584077 0.031448003 0.08745299 0.07330928 0.04803148 -0.024130637 -0.10426721 0.043697078 0.0044120722 0.09973645 0.037727736 0.035450954 0.04638515 -0.047200125 -0.05753185 -0.01604324 -0.006378445 0.067968056 -0.06859834 0.06355677 -0.010155381 -0.07999249 0.002525254 -0.048635475 -0.038168553 -0.05197156 0.0041225487 -0.051615242 -0.06618923 0.035989933 -0.031747486 -0.057198074 0.101330094 -0.058669213 0.004075935 0.074952 -0.0721365 0.07374167 -0.096980385 -0.04995634 -0.011377181 0.018346908 0.028711021 0.084520675 0.026775513 0.022962188 -0.034354594 -0.038874187 0.07960653 -0.033611648 0.0030672448 -0.042876594 -0.07288315 -0.04497744 -0.08646696 -0.0735147
0.008109841 0.09381064 0.113867275 0.068930864 0.057351813 0.08117893 -0.101249054 -0.07989618 -0.028230296 0.08781881 0.09759122 -0.049590275 0.05864222 -0.0073783603 0.026154151 0.048008133 0.03469624 0.04833146 0.089450955 0.036287863 -0.014831277 -0.018930538 0.03476445 -0.12848972 0.031543914 0.061896916 0.07396842 0.11557663 0.051546637 -0.0059904708 -0.07368389 -0.09095977 0.094116785 -0.0072986134 0.11431076 -0.038074635 0.05690777 -0.0121268965 -0.08358215 -0.11334521 0.061755832 -0.0018533226 -0.013996939 -0.020182816 -0.052967507 0.039057776 -0.100347005 0.027843546 -0.07080048 -0.025819626 0.007497895 0.11206855 0.00053508737 0.053360533 0.02780114 -0.15062808 0.06851033 0.04827634 0.1032814 0.011939889 -0.008691063 -0.040137902 0.0026456935 -0.12941715 0.0782024 0.040469512 -0.040059168 -0.0005854309 -0.10620226 0.16083522 -0.07297672 -0.046267442 -0.090870425 -0.02038874 -0.016034322 0.09246764 0.0050936905 -0.07515952 -0.059996817 0.06964858 0.021967204 0.122055665 0.14189571 -0.108778715 -0.013941994 0.053830817 -0.05276319 0.03279736 -0.005491905 0.079173736 0.021609044 -0.009767302 0.029582106 0.04279687 -0.063212544 -0.04107457 0.019312194 0.11143798 -0.08818404 -0.0076668905 0.105834134 0.072694115 -0.018429887 0.03698777 -0.05143721 -0.03699802 0.038076162 -0.083796896 0.11606308 -0.062810756 -0.08183017 0.06661834 0.05120709 0.022212267 0.089294605 0.20962802 -0.059979428 -0.024192918 -0.08262286 -0.11701854 0.07454405 -0.08427098 0.01825392 0.016320108 0.038989566 -0.0049658045 0.027592147 0.053861853 0.08878642
-0.027352288 0.07154641 0.053547792 0.07775269 0.0096755475 -0.05907874 -0.076386355 0.058810286 -0.09554391 -0.010713577 0.07072491 0.03702519 0.013103627 0.02920673 -0.017204002 -0.018945381 0.052319355 -0.08764565 0.081416674 0.03565877 -0.012668297 0.0057783574 -0.008373 0.040267594 -0.06975327 0.03758543 0.08024912 0.08372683 0.08741487 0.07030106 0.082627945 -0.09654408 0.08395169 -0.030455925 -0.060764838 0.058455087 -0.06225164 -0.058064222 -0.0790951 -0.008968517 -0.08234801 -0.09910703 -0.09662755 -0.07297945 0.027719386 -0.07609765 -0.02356293 -0.027705833 -0.062505886 0.004026152 0.04629696 -0.082770035 0.037784122 -0.011949182 0.08355754 -0.07263193 0.09161944 0.03896246 0.07693841 -0.07341206 -0.07403605 0.007115558 0.023696497 0.07091934 0.05345673 0.03480161 -0.09148455 -0.07132258 0.02311194 0.009111665 -0.022527978 0.0020565018 0.04927314 0.08874688 -0.00248909 0.0815536 -0.0080134645 0.048146375 -0.096305184 -0.07493732 0.09658552 -0.042256046 0.040405683 -0.053707745 -0.039499164 -0.026089549 0.029766582 0.036452837 0.07030215 -0.09826665 -0.021230675 0.0049406514 0.006253265 -0.026149914 -0.03346791 -0.069796324 -0.018891737 0.031716518 -0.07105748 -0.07966256 0.0842999 -0.0143524185 -0.004270576 -0.06710498 0.032671757 0.026747413 0.028130703 0.08499751 -0.047321558 -0.06522524 -0.07493965 -0.090513945 -0.0126239285 -0.058183193 -0.09040828 0.08267493 0.006097719 -0.08615406 0.036961965 -0.0018440261 -0.034114555 0.07434266 0.047167428 -0.039346386 0.06274427 -0.099950366 -0.09543293 -0.08648517 0.00881882
0.05691886 0.059421707 0.011206292 -0.0059456574 -0.027827276 -0.048161875 -0.16430004 -0.1294266 -0.046977043 -0.010274042 -0.008158521 -0.009861544 -0.043194074 0.06875885 -0.00094432867 -0.0515716 0.11055693 -0.021604532 -0.08865421 -0.00006808971 0.031891897 0.10492594 0.090389684 0.08150036 -0.08407711 -0.03640466 0.08665681 0.06543126 0.03949996 0.062255092 0.07779683 0.15708804 -0.00068797497 0.047277097 -0.0040900833 -0.071525484 0.13257876 -0.070624776 -0.049061112 0.08433363 -0.00831418 0.112846665 0.0054733423 0.06180596 0.022075346 -0.074334174 -0.065678634 -0.04645903 -0.026565798 -0.043619305 0.0818301 0.15817177 -0.007950695 -0.032023434 0.026694164 -0.09187388 -0.037794016 -0.005315666 -0.0009792973 0.04488292 -0.042645216 -0.043379445 -0.09206112 -0.06739274 0.07668759 -0.06564783 -0.02360151 -0.04475573 0.013129621 0.007007126 -0.07871048 0.0004552883 -0.027472388 0.049279403 0.014359358 0.11488284 -0.021313693 -0.095049515 -0.08925934 -0.020892678 -0.07727252 -0.0017826285 -0.017607763 0.15362728 -0.031943824 -0.051527422 0.06883949 0.021511264 -0.013721512 -0.023425343 0.11796904 0.035021774 -0.042976607 0.045224313 -0.044832528 -0.098091185 -0.019030059 0.01986168 -0.08591653 0.047036063 0.005631376 -0.023621408 0.045592863 -0.051739864 0.004085718 -0.030778775 0.035005577 0.015129424 0.0010133585 -0.08187601 0.010962597 0.049591172 0.009853354 0.06403558 0.11600043 0.11654773 0.011675971 0.08369659 0.059193708 -0.090151966 -0.07921754 0.0019528327 0.11105047 0.07123445 -0.07125179 0.017593887 -0.054814946 -0.062617846 0.06683268
0.042113766 0.05143008 -0.193591 -0.061901387 -0.04118418 0.03070405 -0.15261096 -0.1530475 0.046764854 0.08346532 -0.021646079 -0.093661785 0.0048510726 -0.0035010655 -0.026715176 0.02304809 -0.087375045 0.00017004952 -0.03778106 0.091869645 -0.10197864 0.07284161 0.036052454 -0.11322727 0.08314962 -0.0019443489 0.083894275 -0.017508997 -0.039634682 -0.00071348925 -0.097255714 -0.08654251 0.08895964 0.10065173 0.056314237 -0.04102379 0.019156521 -0.0006667421 0.042818055 -0.05808984 -0.06257545 -0.027710496 -0.038107514 0.09894645 0.14020629 0.020563511 0.029253222 -0.046404444 -0.12658225 0.08812227 0.1582788 -0.013238736 0.025344556 -0.031195333 -0.11240337 -0.054858603 -0.040039107 0.02048651 -0.065039255 0.080784604 0.06555757 0.053774804 0.049241323 -0.018190494 0.050245214 -0.046282664 -0.034883868 -0.11110381 -0.088658005 0.04724552 0.005416658 0.04620193 0.04650351 -0.04211909 0.04057723 0.052465864 0.047200665 -0.08718654 -0.08316196 0.04842465 -0.08034431 -0.10673528 -0.011548558 -0.021082958 0.10730599 0.05940211 -0.0933762 0.029404953 0.036072113 -0.036448162 -0.030591086 -0.060153726 -0.04227904 0.10836488 -0.046156514 -0.088307165 0.032301273 0.020731464 0.16919674 0.048313305 0.06391162 -0.070720404 -0.046128217 -0.0005788756 0.06977438 -0.10850057 0.04649864 0.07301196 0.047950424 0.06613868 0.033340998 -0.06177559 0.14484847 -0.033400435 -0.15027475 0.01222429 0.05939388 0.05526925 0.027249584 0.031487525 0.0024612634 -0.012552405 0.04148583 -0.08157563 0.09997534 0.035210997 -0.015632583 0.03531307 -0.059273507
0.0029895587 -0.09088459 -0.118351 0.021991294 0.064630814 0.07229733 0.009203564 -0.03750039 0.052552048 0.020628601 0.013285005 0.13805853 -0.027227992 -0.020045692 -0.097728975 0.07252782 0.012230121 -0.028411882 -0.087085 0.042379618 -0.09026521 0.005535079 -0.008042362 0.025007922 -0.07480359 -0.12039301 -0.019128913 -0.016443538 0.02756003 0.0368549 0.086216085 0.087919354 -0.008423362 0.05765145 -0.07562848 -0.058781367 -0.010727363 0.009004016 0.062222794 -0.110223144 -0.018143633 0.008148138 -0.08183167 0.08668518 0.0005042895 -0.09472235 0.030642137 0.04017113 0.03529044 0.11121738 0.050451454 -0.03591595 -0.089717366 -0.0045061833 -0.10228883 -0.043630682 0.014603021 0.002205654 -0.01645345 -0.020070804 0.0854419 0.08485171 0.08831561 0.0034675272 -0.070802495 -0.1024695 0.013492368 0.013821201 -0.0183946 0.03908319 -0.0132329 -0.06748496 -0.031624734 -0.109430164 -0.040705595 0.0661865 0.0540481 0.05124051 -0.06418995 0.067258045 -0.070758685 -0.014094875 0.026936818 0.05206332 0.10993936 0.027925367 0.005748332 -0.07547956 -0.017924944 -0.0475016 0.0804364 0.040463448 0.014705818 -0.052579116 -0.069411576 0.07042683 0.04154457 -0.0062358454 -0.03999707 0.020980831 0.10242213 0.032641497 0.07095574 -0.06322759 0.11408044 0.12174722 -0.012475314 0.038067874 -0.067846574 -0.045235727 0.0562751 -0.02151341 -0.109727934 0.0868603 0.08659278 0.038613405 0.11670876 0.10253395 -0.04173736 -0.11043079 -0.052059945 -0.075869136 0.07173891 -0.0935678 0.006292751 0.09508219 0.10639459 -0.016509686 0.008125269
-0.073419064 -0.06984137 0.060459036 0.02143247 -0.05908991 -0.006667857 0.10320418 0.11002473 0.05488339 0.0013985484 -0.044271555 -0.051347144 0.09770493 0.033002157 0.0778151 0.022674669 -0.043889195 0.029604211 -0.046245217 0.025623504 -0.050034497 0.022576515 0.026637634 -0.033337303 0.062490214 0.032635845 -0.064023934 -0.13487227 -0.036008045 0.06638371 0.069170505 0.19064735 -0.08765773 -0.05699826 0.0623656 -0.05808821 0.06455543 -0.073764615 -0.028505761 -0.007512974 -0.101084575 0.050397225 -0.014624432 -0.04277653 -0.036036786 -0.05483374 -0.01902331 0.010422979 -0.12824002 -0.05060821 0.034036122 -0.04625537 -0.054584313 -0.10975538 -0.07593649 -0.057167474 -0.013702849 0.033571206 -0.05341869 0.1259225 0.060920026 0.097238846 -0.1029507 -0.09648049 0.02152976 -0.042108055 -0.07498542 0.061244823 0.04440137 0.08098986 -0.01380913 -0.062219907 -0.08291473 0.06852897 0.0047769086 -0.039192356 -0.029314723 -0.027034372 0.07272673 0.08452432 -0.010868668 0.1141561 0.032158297 -0.06348877 0.0069753416 -0.039211765 0.029343097 0.0011749007 -0.015620225 0.07841248 0.06470975 -0.13546596 -0.0063624154 0.005309315 0.12444703 -0.08003006 0.046055302 -0.029732378 0.062487766 0.03441178 -0.05442885 -0.03931873 -0.07463423 0.03243174 0.07782711 0.08755907 0.06256889 0.07010108 0.082189634 0.036919765 -0.045943443 -0.012857392 -0.14928016 0.1017403 0.094596095 0.09092649 0.1130598 -0.0035095713 0.04566114 0.12450209 0.02397368 -0.07117897 -0.0516079 0.06611352 0.036191504 -0.02397381 0.04884274 0.07570819 0.09667098
0.032923825 -0.12184913 0.06282255 -0.1706257 -0.041455764 -0.0565429 0.091544054 0.1441324 -0.04633142 -0.069830626 -0.060363412 0.09116773 -0.011604679 0.05094357 0.007971885 0.019911008 0.034627646 0.010260041 -0.07893082 0.09467616 0.07867077 -0.008978976 0.14335795 0.014324674 0.11796941 -0.012738204 0.09350853 -0.16988349 -0.119791776 0.04359594 0.064762 -0.116319425 -0.05660755 0.017010173 -0.10172553 -0.024605792 0.056950964 0.06792616 -0.0804407 0.037292644 0.12901044 -0.04514734 -0.02880511 0.06978104 -0.004211615 -0.060973167 0.10881236 0.019889498 -0.07614018 -0.08837307 0.13008292 0.06847493 -0.0069424985 0.038713515 -0.094727814 -0.040004715 0.0067867883 -0.118035935 0.04326381 0.07269265 0.0842047 0.092804335 -0.05498202 0.11094419 0.055464644 -0.064900145 -0.058753837 -0.07437879 0.005738838 0.059463132 -0.00915102 -0.087214135 0.006768989 0.036837347 -0.0041107833 0.0056666876 0.04484304 -0.09620639 -0.012283717 0.0025845822 -0.069001354 -0.10945577 0.13122684 0.06517085 0.0001963025 0.058691103 0.016546225 0.06406408 0.058546677 -0.078674555 0.034945846 -0.09598897 -0.03923167 0.0072697354 0.10240405 -0.069869 0.13538915 -0.069927745 0.08538055 0.09352899 0.018079668 0.033726186 0.06553477 -0.027050119 0.13836198 0.018734828 -0.070125885 -0.01445004 -0.029320005 -0.061961364 -0.10714828 0.058449317 0.055316396 0.0379386 -0.077995196 -0.023135021 0.07998387 0.042102866 0.08209457 -0.079969645 0.06616547 -0.08642989 -0.04982843 0.02264302 0.012673361 -0.08300765 0.010718369 0.016389715 -0.08501428
0.048882432 -0.06525378 0.026974507 -0.0777488 0.050777204 -0.07379963 0.099773176 -0.0050663725 0.08355596 -0.07798767 -0.039026976 -0.07153289 -0.086116455 -0.072860025 -0.026689865 -0.019985124 0.03422398 -0.019134425 -0.019893073 -0.03992598 0.014114521 -0.09554892 0.042061783 -0.0024533272 0.06961017 0.06680455 0.095422275 0.044783004 0.057540365 -0.07620947 -0.0713352 0.05427199 -0.03917556 0.03186553 0.029556327 0.085619114 0.09846049 -0.09601877 -0.09771991 -0.0525769 -0.0900887 -0.09697654 -0.06542313 0.04958587 0.016838357 0.045794033 0.0017017573 -0.008772731 -0.013247207 0.024327353 -0.031990245 0.045426615 0.06026406 0.07755623 0.031150721 -0.0870436 -0.06937768 -0.04559617 -0.09515601 0.085603766 0.0463069 -0.029103473 -0.055886842 -0.044657376 -0.022758797 -0.06837721 0.06534467 -0.09832189 -0.09685931 0.04078705 0.048388846 0.050691076 0.021837234 0.022333719 -0.08694525 -0.047686767 -0.06194539 0.03053341 0.024255395 -0.022187755 -0.03761158 -0.07968225 -0.093993925 -0.016507864 -0.028927445 -0.060619593 -0.021464966 0.08058386 -0.023499772 -0.06724868 0.038622804 -0.08797693 -0.015040562 -0.03288839 -0.02480159 -0.03137128 0.011838913 -0.061203767 0.0758378 -0.0015418977 0.057711072 -0.05042238 -0.098138504 -0.030422114 0.07008033 -0.02714689 0.04428985 -0.041098308 0.06619444 -0.021133378 0.08050435 0.05856449 -0.077127196 0.055727266 -0.007648155 0.024197005 0.06154988 -0.050190236 -0.068874404 0.067882754 0.012680456 0.040294178 -0.048873734 -0.09860206 0.052048273 -0.009662963 0.017386414 -0.04680965 0.07721991
-0.06498473 0.088045694 -0.043647487 -0.098252416 -0.009028889 0.05429653 0.08389128 0.010392248 0.05846581 0.011342682 0.05216645 -0.023391793 -0.0426254 -0.059026822 0.022132833 -0.039240174 -0.056141905 0.06261293 -0.069181934 -0.05321939 0.07880574 0.063763216 0.02083045 0.019343667 -0.039004114 -0.09663929 -0.06513936 0.018601224 0.018160462 0.016764222 -0.013167162 -0.047839068 -0.09677673 -0.02917748 0.06336853 0.017509012 0.05815455 -0.08226724 0.032801382 0.017742237 0.02009814 -0.06174208 0.08674027 0.025917668 0.056350026 -0.07688547 -0.0415536 0.051524833 -0.090471916 0.022183396 0.0011230484 -0.09143219 -0.093207054 -0.03615029 0.04177985 0.012125816 -0.04715406 0.033928953 -0.09264283 0.08881728 0.058541484 -0.07057998 0.05686159 0.06328037 -0.09673235 -0.064844966 -0.019626055 0.04757526 -0.026988788 0.0005004387 0.036754195 -0.084991194 -0.0084085865 -0.0191803 -0.026506264 0.030903846 0.018217657 0.029959032 -0.0824006 0.08286794 -0.09384177 -0.0017909107 -0.0078109098 0.055421475 0.04000635 -0.07332529 -0.057770938 0.032737933 0.048523687 -0.052430417 -0.10173748 0.081423685 -0.06589692 0.006517061 0.01510261 -0.027810104 -0.08227836 -0.0791623 0.093437865 0.08011647 0.016310187 0.08962181 0.08535864 0.07594679 -0.044674058 0.029406419 -0.0538745 -0.018163329 -0.101542436 0.06101374 0.08968836 -0.100539975 0.007111032 -0.050513115 0.03947963 0.06340815 -0.09524265 -0.043363076 -0.054937858 0.062783636 -0.010310483 0.021802217 -0.03583789 -0.09278338 -0.06719817 0.016128503 -0.030532263 0.0073800827 0.07083957
-0.0896264 0.08044085 0.06561421 -0.04989668 0.008317582 0.07569709 0.16716872 -0.048597287 -0.010624544 -0.032579828 -0.04184944 -0.0022563578 0.018092487 0.038818844 0.027133798 -0.060644116 0.04894974 0.11283359 -0.06623412 0.007417903 0.07084018 -0.026097745 0.04346911 0.05648392 -0.05658731 -0.032157883 0.07967523 0.07206314 -0.03384702 0.0029297825 -0.077891275 0.0257162 -0.041234467 0.010427195 0.05719917 -0.04046657 -0.019079005 -0.110665366 -0.0715161 -0.057299815 0.024660539 0.05730802 0.029222019 0.07686912 -0.09950777 0.11079909 -0.0842328 0.05283771 0.0977131 0.0011350262 -0.03767281 -0.055500615 -0.08901475 -0.070856445 -0.053384405 0.0187565 -0.03807953 -0.071196124 -0.05181056 0.035712477 0.005769913 -0.062716395 -0.046339203 -0.00025877877 -0.022418007 0.03484171 -0.029510709 -0.0427307 0.1235115 0.134824 -0.013772749 0.09546093 0.00999341 0.036785424 -0.057021845 -0.0003568552 -0.08858135 0.06908417 0.080940835 -0.082552314 -0.07793282 0.015577916 0.012712779 0.058984734 0.009891073 -0.1029371 0.052176844 -0.040411294 -0.032625727 0.02105315 0.048024803 -0.00998364 -0.006148515 0.04643186 0.04163194 -0.086799614 -0.064283155 0.08287888 0.059263803 -0.094896905 -0.080692664 0.07837913 0.08385713 -0.017511196 -0.05550573 0.06209256 0.08790396 0.079586655 0.08299293 -0.03549942 0.11635807 -0.06812837 -0.035259966 -0.025980167 -0.0699828 0.043477505 0.048617095 -0.053925384 -0.07218931 0.085019365 0.08374258 0.09683724 0.053228013 0.053405583 0.0875358 -0.029612308 -0.06903553 -0.09697916 -0.0061830315
0.15529685 -0.009416034 0.15629902 0.04027858 0.060234703 -0.013248805 -0.02167287 0.020230077 -0.048284557 -0.0023565912 0.017164107 0.04158311 -0.01514598 -0.03361385 -0.012395561 0.03881991 0.04563255 -0.032264344 0.103945225 -0.011024039 0.099470526 -0.09298219 0.042051118 0.008499348 0.016035987 -0.07182912 -0.057795476 -0.05658868 -0.028551532 -0.12637942 0.0057674567 0.019184217 0.027141783 -0.053636797 -0.06341197 0.029920692 0.004949221 0.012391361 -0.09856275 -0.0512205 0.13671471 -0.055669498 -0.042280834 -0.07667664 -0.061382134 0.064215034 -0.085169256 -0.01670231 -0.116895795 -0.041007325 0.0043691504 -0.039439198 -0.07293991 0.08308068 0.037834186 -0.12196999 0.019601481 0.10583339 -0.028741483 0.025820602 0.017085124 0.1395419 -0.019342542 0.024362043 0.089152895 -0.03283131 -0.007499208 0.06391476 -0.09479245 0.051593445 -0.031414475 -0.10441696 0.047108132 0.07059831 -0.024124414 -0.030113244 -0.025674745 -0.03410153 0.098479286 -0.0028017347 -0.040027387 -0.13815053 -0.06097224 0.062654 -0.060897283 -0.105008855 -0.04475953 -0.037859574 -0.035700202 -0.021675626 0.110413074 -0.03999014 0.06503294 0.082496285 0.07680534 -0.08131231 0.07150791 -0.029369336 0.06386455 0.050475344 0.022687918 0.13789107 -0.09845735 -0.109803736 0.026947683 0.0022562407 -0.025672477 0.044033986 0.15311585 -0.06349906 -0.083219916 -0.041598264 0.0907514 -0.003882324 0.009685039 0.0021930924 0.03125469 -0.032912612 -0.045413516 0.07685448 0.02028064 0.048441507 0.03779212 0.02088933 0.038357582 0.0070124804 0.025998123 0.033361226 -0.042280458
0.07889543 -0.05814555 0.09577621 -0.00061917305 -0.068236545 0.058156632 0.09827871 -0.092748284 0.05609537 0.028590612 -0.0761199 0.05238106 -0.07344389 -0.09436963 -0.010272287 0.08708205 -0.07652938 -0.03430204 0.0829782 -0.094013765 -0.026149154 -0.0018046349 -0.020520762 -0.024240062 0.0036172643 0.08418096 0.0792151 -0.07732308 -0.009006217 -0.061868813 -0.0681856 -0.02252169 0.05373583 0.056819446 -0.087846756 0.021217942 0.048047073 -0.010260008 -0.087251976 0.011409119 -0.08317862 0.028375648 -0.06542597 -0.040263843 -0.03473697 -0.08503137 -0.06479469 -0.09906705 -0.05811424 -0.03639956 -0.09833224 0.038337 0.009295918 0.094719894 0.013674453 0.014224552 0.043381102 -0.042119242 0.03549192 0.006751016 0.053258516 -0.029687047 -0.08531535 0.05241681 0.08180485 0.09856165 0.014941409 -0.012720846 0.01263769 0.09853294 0.01857891 0.047791384 -0.065947056 -0.02522888 -0.08458688 0.056596525 0.024730064 -0.098008275 0.052816086 0.08546259 -0.06807044 -0.0101553425 -0.09072657 0.040657647 0.013346031 -0.060888935 -0.092048384 -0.037390016 0.05736675 0.0209219 -0.051843334 0.07515743 0.0037571415 0.049294002 -0.013640046 -0.056761812 -0.023089364 -0.06938279 -0.02246914 0.05707302 0.09599016 -0.01550591 0.086648054 0.009065941 -0.043698765 -0.048237253 -0.08976193 -0.022945426 -0.01215215 0.029871054 0.049092658 -0.0059586316 -0.005064562 0.013751194 -0.026077464 -0.061089423 0.080095075 -0.08789768 -0.0701864 -0.017857 0.018087193 -0.044797372 -0.09794164 -0.04870031 -0.07618155 -0.07954247 0.050459318 -0.043044355 0.094170384
0.05204592 -0.044962596 -0.019650238 0.13307717 -0.050271966 -0.114385076 0.039904978 -0.007967047 0.039999954 -0.037248384 -0.0347814 -0.1029989 -0.009584339 -0.023142776 0.027104644 -0.13796763 -0.052830193 0.04041621 0.08087774 0.05222902 -0.016075721 0.07546891 -0.05395449 -0.08505701 -0.06864242 0.055948738 0.08441543 0.077905454 -0.03849331 -0.02067004 -0.01426052 -0.030598568 0.0670456 -0.09615204 0.109540716 0.114141434 -0.075972274 -0.050578427 0.010148114 0.061841533 0.09149686 0.018652871 0.011192046 -0.06918422 -0.07442022 0.099304184 0.00069540687 0.074080616 0.10661695 -0.1533386 0.0042256415 0.018316314 0.087238036 0.045915894 -0.044163335 -0.06256937 -0.013394394 0.023821479 -0.075796105 -0.015413516 0.036036618 -0.04701736 0.049065936 -0.045679353 0.013652913 0.12281634 0.08711487 0.10879004 -0.0843795 -0.04049358 0.034583647 -0.07538461 -0.029477267 -0.054234028 -0.03780919 0.029999154 0.07518134 -0.0248016 -0.025544273 0.04679167 -0.029515691 0.008411069 -0.05921061 -0.110925116 -0.12256233 -0.046928957 0.05801244 0.017148534 -0.0068468465 0.032845568 -0.078379355 0.09294836 -0.06686859 0.094071 0.017694129 0.08480275 0.050885964 -0.10743052 -0.10986262 -0.038276467 0.102193885 0.1462005 0.027149038 0.056388207 0.04775514 -0.014141642 -0.045708265 -0.098475315 0.026778203 0.027582454 0.08388804 0.05092394 0.07424346 -0.036859103 -0.08668676 0.12705077 -0.04704658 0.034928463 0.0017202336 0.00049104856 0.011171002 -0.012651961 -0.06495605 0.05929791 -0.016094713 0.041104715 -0.023693703 -0.05553678 0.101914935
-0.08790521 -0.018612018 0.13362442 0.020207012 -0.02543276 0.10269064 0.030428996 0.09685328 -0.029808832 0.006154971 0.005882024 0.047482222 0.08379076 0.016492097 -0.023565406 0.15337978 -0.045056425 0.1079833 0.032015663 -0.051548846 0.09779818 -0.014443565 0.021937225 0.054278705 -0.049529582 0.03145425 -0.07838168 0.04729165 -0.0037555087 0.08540971 -0.042736158 0.044672526 -0.048305627 0.06671516 -0.04794316 0.06196868 -0.056874983 0.052949023 -0.10394975 -0.021366443 0.062475447 0.07563871 -0.022714231 0.08881698 0.059745457 -0.14698213 -0.12521528 -0.024129275 0.0017273122 0.09325508 -0.007913021 0.02030836 -0.098375715 0.035272952 -0.10773479 -0.017558277 0.041337047 -0.026845496 0.10474345 -0.0114398785 0.12493914 0.049166802 0.045897443 -0.10664898 0.04317807 0.080234505 -0.061605427 0.023859134 0.003871394 0.09331406 -0.045753337 0.0697234 -0.10422511 -0.059101272 0.046601243 0.09969311 0.0146565735 -0.033629246 -0.03727299 -0.032802284 -0.092225835 0.0076517975 -0.0005000727 0.033386376 0.0072919396 -0.096566916 -0.006292258 -0.016932884 -0.08683128 0.1109774 0.054307614 0.03775521 0.06557909 -0.019277936 -0.0301737 -0.0062185605 0.106869884 0.064453684 0.077642344 0.00979411 0.057783607 -0.027741512 0.10016438 0.091235876 -0.1056681 -0.006593511 -0.013378445 0.0005731146 -0.052530922 -0.061188135 -0.0030854659 -0.0010863502 0.011339635 0.09610908 -0.06849499 -0.08654653 -0.07227365 -0.060424652 -0.030211821 0.009111601 0.07713293 -0.083275035 0.024438774 0.083660685 0.018821524 0.09791386 -0.05278624 0.026504558 -0.044808384
0.1189391 -0.0013096386 0.043503378 0.012824644 0.09451381 -0.024682246 0.09582812 -0.02828021 0.096795656 -0.025797071 0.058345307 -0.015796049 -0.09995753 0.077232055 -0.04569779 -0.17265455 0.08639097 0.03905174 -0.13595052 0.05867422 -0.046860613 -0.000057573412 0.029168136 0.10833139 0.037475508 -0.012795451 0.040143747 -0.059998818 0.08674805 -0.04525131 -0.023131145 -0.08359788 0.05863947 -0.02172814 -0.0815974 -0.08388088 0.022793375 0.003141952 0.085213915 0.0949853 -0.028754238 0.00342875 0.050104067 0.029581985 0.092727445 -0.045011465 0.0015781856 -0.007024378 -0.036353897 -0.068385914 0.066532314 -0.05962663 0.06571693 -0.06419925 0.020292895 -0.06860047 -0.030561836 -0.07219924 -0.07086087 -0.047180913 0.013113001 -0.03774135 -0.054723892 0.08328427 0.04574003 -0.029882392 0.12445586 0.0690075 -0.010058055 -0.016169883 -0.07885764 0.073610306 0.06316576 0.008693399 -0.05655454 -0.07047247 -0.026605953 -0.017955355 0.050791614 0.084053814 -0.03435816 -0.048898637 -0.055164553 0.14872587 0.05103441 0.09033241 0.041487128 0.023604942 -0.072762385 -0.042074975 0.04179647 0.036216017 0.050773494 -0.042172782 0.06994216 0.0005354272 0.101454265 -0.07927521 0.10923097 -0.03447959 -0.104724795 0.04476497 -0.10766895 -0.021665767 0.11946125 0.014436086 0.005581613 0.015968814 0.12615529 0.011707139 -0.016630068 0.03745586 -0.022777505 0.0069776597 0.024885798 -0.009465975 -0.09610625 -0.014121872 -0.023075618 0.094845004 -0.020234656 0.040844735 0.0035079957 -0.05037535 0.009845785 0.013128839 -0.09241061 -0.074578874 0.025908861
0.06102834 -0.010564364 -0.104360595 0.090003654 -0.07596625 0.039305244 0.06738941 0.05260915 -0.09405225 0.04151864 0.08954707 0.08955674 -0.039182503 0.07946952 0.07129182 -0.026972776 -0.004378432 0.067016944 0.019947104 0.06431158 -0.104251646 0.006417987 -0.051931094 0.05325417 0.042193886 -0.052108504 0.014787481 0.009270987 0.0801644 -0.04444635 0.07867488 0.06795526 -0.051492695 -0.024581652 -0.060026877 -0.027015334 -0.041632824 0.08052187 -0.078307144 -0.09969653 -0.06836457 -0.037982017 0.013114662 -0.058123685 -0.03159818 -0.050303932 0.03306181 0.013981917 -0.03971925 -0.09475014 0.052333858 0.033383593 -0.08108715 0.0065298066 0.042327564 0.016212435 0.044436846 0.028616806 0.055975612 0.04952233 -0.0457696 0.0770293 0.07730295 0.0062792567 -0.012145427 -0.07799921 -0.07555705 -0.044088863 0.07788999 0.008253183 -0.07865681 0.041692533 -0.09936527 -0.10726267 0.049413703 -0.06773327 0.07910029 -0.026893461 0.09048425 -0.10465676 0.04474256 0.000819252 -0.094015405 -0.013418159 0.038652692 -0.051570486 -0.08603678 0.08907795 -0.04229431 0.009741539 0.02980683 -0.058570627 -0.036909495 -0.0899625 0.042209636 -0.0790384 0.07188314 -0.077198066 -0.09989039 0.005720011 0.020563778 -0.08124036 -0.039354373 -0.0007950154 -0.06999296 -0.0905039 0.009768392 0.0389042 -0.020737361 0.019549267 0.048883498 0.0034852517 0.00201248 0.027391646 -0.04157875 -0.06040038 0.063701116 0.036020692 -0.08269914 0.03753279 -0.032284137 0.023931954 -0.09038294 -0.046506546 -0.05770564 0.070840515 -0.009211424 -0.10552241 0.010957072
0.024594666 0.047747582 -0.2246928 0.008239819 0.056204475 0.03471461 0.018934805 -0.0021199698 0.024518022 -0.090374194 -0.05023795 -0.036126595 0.079674885 -0.00003855185 -0.020475779 -0.057842188 0.036666624 -0.037771177 0.12619774 0.047333617 -0.08017113 0.009906822 0.07385464 0.0154493945 0.10816387 0.044963732 0.07640495 -0.013153703 -0.027482316 -0.028416911 0.03560278 0.026325243 -0.06985671 0.013199577 0.06669577 0.022221206 -0.006329766 -0.079087414 0.050731834 0.09654058 -0.013006112 0.040851593 -0.013169676 -0.020535845 0.10735061 -0.0336671 -0.030952666 0.026833437 0.073076695 0.076200895 0.20156458 0.024593843 -0.042062964 -0.0864778 -0.061032135 0.09615904 0.08162399 -0.0017706167 -0.00882348 0.090220995 -0.043833915 0.08141295 -0.06758239 0.022761667 0.016794218 -0.058883365 0.07088059 0.061272103 -0.06563634 -0.088332124 -0.11081522 0.08301546 -0.022992985 0.03314936 0.0076481826 0.028972674 -0.09247905 -0.012807072 -0.08611534 -0.069335006 -0.044499256 -0.013184799 0.025809223 -0.090223625 -0.025888667 -0.0649443 -0.09036674 -0.08028734 -0.011175447 -0.065774634 0.023945184 -0.06851051 -0.053873252 0.0945191 0.032831084 0.052978367 -0.09216168 0.05606144 0.16881338 -0.11554348 -0.060815535 -0.045210335 -0.046618678 -0.08607636 0.097893335 -0.056777857 0.014754931 0.118627355 -0.12527394 -0.14247862 0.000033564636 -0.054986287 0.031566646 0.015690766 -0.085963085 0.032366797 -0.070094645 0.08552029 0.014024374 -0.08310816 -0.08474241 0.07502974 0.023485446 -0.03592047 0.07846449 0.119110554 -0.049710687 -0.09128564 -0.011577184
-0.0978387 0.08804133 0.07505352 0.059716802 0.0521125 -0.047761228 0.08399324 -0.027494635 -0.052704867 0.044557545 -0.116912626 -0.009533133 -0.038154397 -0.062230777 0.0878323 -0.089184806 -0.04745376 0.02580965 0.094488226 0.08384616 -0.032619223 -0.120175816 0.01823796 0.09896329 0.035861757 0.03790553 -0.090354286 -0.083873354 -0.035169218 -0.03325429 0.0047300896 -0.11212359 0.04835197 -0.031527486 -0.042803105 0.07722233 -0.09345886 -0.01745513 -0.0007381569 0.024503311 0.10133391 0.048250332 0.11815667 -0.07081803 0.10811539 -0.0334464 -0.016747795 0.043787822 0.017909586 0.051304314 0.013431568 0.026541796 -0.008111888 -0.12099863 -0.0039512212 0.0027531113 0.0753735 0.045091633 0.06625388 -0.12561193 0.0653672 -0.014112263 -0.05116754 -0.008667895 0.03880941 0.08503824 -0.1336522 -0.03501475 0.12787472 0.051098865 0.09793168 0.0025091227 -0.08460792 0.058715507 -0.06397252 0.045054045 -0.05749397 -0.05857269 0.08950042 -0.13486326 0.06456265 0.07604626 0.023047652 -0.08989162 -0.021112103 0.05894899 0.09051909 -0.005639773 -0.059845474 -0.04525827 0.07852389 -0.058512717 0.07373252 -0.050489325 0.09069776 0.043380402 -0.036994055 0.054013416 -0.030244712 0.10250238 -0.055681713 0.06457667 0.03502653 -0.051303778 0.055842314 -0.06757422 -0.013316295 0.08573707 -0.0181364 0.050505087 0.040132206 0.07421906 -0.025866462 0.145998 0.024743387 -0.003163395 -0.012948708 -0.08901047 0.038321022 -0.005286958 0.06591324 -0.066738226 -0.080753714 -0.034896795 0.061167486 -0.072408006 -0.0006806132 -0.084565595 0.07441676
-0.11597526 -0.030666979 -0.022800617 -0.049579803 0.042897068 0.03597919 0.08249553 0.007932454 -0.0016926834 0.0798698 0.0950277 -0.0708586 0.03712777 0.059511658 0.12821287 0.0859286 0.0112686185 0.09942703 -0.0959638 0.06573455 -0.07741947 0.0058420133 -0.00020044339 0.10275075 -0.05436852 -0.086380646 -0.01571789 0.07908497 0.07138847 0.06931427 -0.09721815 0.11974281 0.008446302 0.071032874 0.044720255 -0.054439034 0.099749915 -0.07796577 0.026232723 -0.052904785 -0.09574841 -0.07077918 -0.09421542 0.11988702 -0.020907206 0.0004290456 0.06640296 0.091883175 -0.05747861 -0.07648562 -0.21587966 -0.028683797 -0.037293628 -0.06367898 0.07348053 -0.07561876 0.016278712 -0.061564453 -0.0692908 0.032742616 -0.037789695 -0.00026905225 0.07400175 -0.03304954 -0.0485188 0.06377918 0.023791593 -0.05287376 0.05453977 -0.010825356 0.0049621295 0.053360693 -0.09285227 0.026502047 -0.061067726 0.026217753 0.0878511 -0.015884431 -0.031037485 0.045266833 0.009238292 0.007630955 0.033281613 0.06877395 0.10808787 0.01699501 0.092660956 0.08231864 -0.056114696 0.0075625684 -0.11509208 0.02770352 -0.03391333 -0.0043432345 -0.12644272 0.044857852 0.045917664 0.07472923 -0.0046001584 0.009675685 0.07838246 -0.029819997 -0.05186588 -0.005415326 -0.04427485 0.05328864 0.08307865 0.08329407 0.08723626 0.10776602 -0.10692146 0.054686315 -0.09373108 0.094576694 0.06290456 -0.028266255 0.015213775 -0.06288126 0.06271712 0.06161313 0.08409383 -0.0060944506 -0.075370304 -0.05217777 0.092315696 -0.04486764 0.07106579 0.009038216 -0.053575777
-0.08130609 0.01489309 -0.14032277 -0.028294425 0.043190446 0.09963457 -0.096478306 0.088673726 -0.030833965 -0.020477131 0.11400722 -0.086784475 0.087087385 -0.076635756 0.020525627 -0.0043408414 -0.020825546 0.095374264 -0.032564692 -0.017729482 -0.059466135 0.09343736 -0.089799464 -0.11876123 -0.07576067 -0.04835207 -0.11015862 -0.054863576 -0.025399312 0.0878367 0.05302727 -0.04218333 0.007428839 -0.081296355 0.0067582927 -0.05962295 0.035143763 -0.013622865 0.021569153 -0.035504535 0.17671958 -0.122021884 0.105024524 -0.038607135 0.14017354 0.06926934 0.0035673105 0.112670936 0.086401224 0.14170055 0.12465838 -0.0761645 0.08358043 -0.05943268 0.07734799 -0.16152294 0.0011225645 0.047387585 -0.06220574 -0.042288344 0.12160619 0.040280763 0.0047161025 0.135068 0.047556374 0.022565769 -0.021419056 0.081973895 0.11796401 0.1166287 -0.028296065 -0.027760534 0.0074255844 0.060997892 0.049724195 -0.08204004 0.018720614 -0.008024988 0.0822996 -0.14687319 -0.069713056 0.060950063 -0.07250082 0.055277664 -0.06776293 -0.033766728 0.018317902 -0.034274064 0.028329868 0.060279503 0.15621662 0.042465053 -0.05189952 0.04397823 0.04160885 -0.014184263 -0.115724765 -0.13542795 0.04589287 -0.072713606 0.048883688 -0.001482649 0.067276865 0.0038022764 -0.11802665 0.022765698 -0.07612352 0.032982968 -0.16534999 0.055689815 -0.12225412 -0.018861141 0.061975997 0.031192994 0.04045482 -0.06496934 -0.09628672 0.079872005 -0.043895163 -0.049358662 -0.034144823 -0.05444618 -0.06257165 -0.03065412 0.057364807 0.060221236 0.062597856 -0.08685682 0.029886385
-0.15294838 -0.102656744 0.14435956 0.15296073 0.07178241 0.035248205 0.11213948 -0.044847306 -0.026273634 0.04662483 0.0021191943 -0.013405678 -0.08239149 0.05802234 0.16965353 0.11048302 -0.065925665 0.02986376 0.0027148956 0.07954558 -0.0378919 0.07105914 -0.07846493 0.02311299 -0.09326068 -0.016864471 -0.04543538 0.06180897 0.04876694 0.10642787 0.00039604455 -0.07290165 -0.021283912 -0.09644931 -0.03880586 0.056617945 0.13858356 -0.041811194 0.06569568 -0.097514294 0.030807337 0.028450845 0.07843098 0.09017441 0.009762519 -0.07153265 -0.00072088535 -0.08461308 0.12363367 -0.08017228 -0.03481987 0.0013889086 -0.07523096 0.036745317 0.07455552 0.013508732 -0.0356952 0.041540608 0.011277007 0.040286496 -0.030634547 -0.09535045 -0.013703202 0.0017444006 0.07338974 -0.01970375 -0.06984462 -0.009581985 0.021146052 0.078044 0.05496922 0.010533048 -0.0021900984 -0.058274563 -0.079609536 -0.005156816 0.043080255 -0.05963881 0.11111477 -0.09518193 -0.056175683 0.06277458 0.12403258 -0.022112377 0.01521097 -0.044378806 -0.018172495 -0.052829713 -0.056287717 -0.008451789 -0.009037333 0.049126375 -0.12401677 -0.06582144 -0.039285555 0.028081214 0.0947584 0.0977428 0.0009817646 -0.05510517 -0.008207844 0.08535102 0.061945636 0.087629445 -0.119769715 0.09560832 -0.010898736 0.009043557 -0.045855425 0.07942245 -0.06540551 -0.05270876 -0.11504274 -0.025136884 0.11376687 -0.019963056 -0.06958467 -0.10210155 -0.10311487 0.08811521 0.11805504 0.08837918 0.025424832 -0.005044319 -0.075597696 0.06318231 -0.078993626 0.06705939 0.012112093
-0.039563153 0.045058098 -0.26266617 -0.028435498 0.10751799 0.052067686 0.059174154 -0.06935266 -0.021825278 -0.010931887 -0.15256749 0.02870523 0.11834997 -0.070823655 0.0037730779 -0.07537077 0.076849714 -0.04221604 0.0086797 -0.06616987 -0.06122413 -0.028529262 -0.03741481 -0.08911635 -0.035615105 -0.056038715 -0.07255336 0.066356495 -0.14326355 -0.02831189 0.08167365 -0.053601738 0.0873835 -0.04107218 0.020119175 0.07615633 -0.045061294 0.01573301 -0.017447531 0.050549302 -0.060380924 -0.056797612 0.08804079 -0.08293604 0.10934782 0.052797023 -0.0055060005 0.009107757 -0.104423165 0.15624611 0.13180007 -0.07139451 0.043272264 0.09720701 -0.013071928 0.06679751 -0.067516945 -0.15140617 0.0044031045 -0.10695002 0.074343696 -0.02583588 0.05020685 -0.06645441 -0.017872186 -0.0011769861 -0.008918956 -0.005280086 0.019470608 -0.062312793 0.053661212 0.026598554 0.09475544 -0.01315608 0.059110146 -0.105498716 -0.04135549 -0.09399946 0.0068729296 -0.07061709 -0.07978685 0.101656415 0.057965737 -0.09505011 0.092275426 0.069521815 -0.042909324 -0.11595699 -0.1400409 0.10101392 -0.075448014 0.0011344082 0.079298586 -0.026397748 0.12095231 -0.08096122 -0.11967313 0.03898846 -0.025558235 -0.10740364 0.01435713 -0.051986523 -0.0036759463 0.051394105 0.06710299 -0.05572874 0.014628066 0.06366644 0.060670484 0.034659557 -0.0624595 -0.09482793 -0.027585119 -0.009891772 0.008366117 -0.024031805 0.07421953 -0.025384042 -0.061199762 -0.08579295 -0.02659899 0.064681865 0.07242086 0.010550098 0.024328832 -0.034580868 0.10586703 0.048759285 0.09768126
-0.11440314 -0.09845572 0.08870097 0.0033100967 -0.070708215 0.050180905 0.1503956 0.121801056 0.03969669 -0.120057225 -0.0052167294 -0.12624331 0.039401237 0.10186178 0.052321248 0.10923118 -0.06436319 -0.09087998 -0.08963029 0.018247431 -0.011352914 -0.0017717013 -0.08003229 -0.05026864 -0.052383278 0.048963316 -0.033328258 0.1728352 -0.07611788 0.048295893 0.054187797 0.018410021 0.04649414 -0.036693443 -0.0716131 -0.1071498 0.053014267 -0.02862912 0.036093384 -0.03580177 -0.028111957 0.059133504 0.017628321 0.080510385 0.056817774 0.08664681 0.018436175 0.117735185 -0.05198224 0.022753907 -0.1041458 -0.07677676 -0.015135061 -0.006567574 -0.07133199 -0.06290424 -0.11619817 -0.051168103 -0.043456726 0.101134256 -0.076886676 -0.0038771802 0.08413229 -0.01035221 0.09530111 -0.004608936 -0.0950066 -0.11975978 0.117029406 -0.028180413 0.013645014 0.02304476 -0.068426 0.087426245 0.0032499412 -0.03596916 0.08007359 0.13032858 0.100755885 0.12216125 0.021042319 0.054923255 0.047916953 -0.08109936 -0.063685186 -0.03129951 0.0385202 0.026729077 0.00072442304 -0.016923731 0.014362075 0.062368166 -0.04710502 0.08650961 -0.14639784 -0.004321912 0.011725181 0.0747349 -0.13558303 -0.09750647 -0.053283386 0.08068498 -0.05620111 -0.050101355 -0.10305455 0.06601794 0.087811776 0.11107254 0.08479305 0.037557393 0.046470232 -0.04184421 0.03399219 -0.17531618 0.039261956 -0.11292612 -0.019694045 -0.08046222 -0.0068724216 0.011666336 0.07020533 -0.06804988 0.03703937 -0.00691557 -0.06849589 0.006621349 0.028558562 -0.025365144 -0.038684186
-0.0050711427 0.064206384 0.23602109 -0.021421103 -0.01470309 0.1015196 0.0033410965 0.04584558 0.05122692 0.00095030427 0.037469037 -0.06128355 -0.107769966 0.029673342 0.04227721 -0.028742095 -0.015637781 0.003642796 -0.046266567 -0.008157596 -0.006564858 -0.15102118 0.06046793 -0.039868776 -0.039501317 -0.014007222 0.059588708 0.062588744 0.075586736 0.030899014 -0.040049396 0.06310109 -0.039607372 0.06531322 -0.091857135 0.05961169 -0.069446005 0.041315112 0.0006625349 -0.093180716 0.06627829 -0.061896868 0.06341829 0.095125176 -0.111630216 -0.09903722 -0.019388286 -0.07646449 0.05872631 -0.1508777 0.04773423 -0.04014727 -0.038309697 0.11150206 0.08653072 0.03987108 -0.01675321 0.0060350057 -0.048869006 0.123335354 -0.041363947 0.006087186 -0.03590414 -0.01977235 0.076168746 -0.00064034516 -0.09082293 0.10471849 -0.08356422 -0.051713232 -0.025797214 0.09883921 0.052110575 0.034435596 0.059326876 0.027154949 0.1394269 0.028161127 0.10343121 -0.10648753 -0.08519556 -0.07467973 0.04460104 0.121358134 0.04104611 -0.021515004 0.049216747 0.03362844 -0.09307581 0.062493593 0.020006193 0.07886219 -0.017413406 0.0432446 0.06517464 0.045002475 0.036925912 -0.029008085 -0.1415939 -0.106539115 -0.0832963 0.079952225 -0.008085361 0.06849776 0.033685092 0.06617239 0.0023873225 -0.107137494 -0.1551486 -0.01098746 0.044856943 0.07649669 -0.100568265 -0.029088585 0.056543678 0.08832047 -0.013097981 -0.020743743 -0.0881376 -0.09434111 -0.08109883 0.038911324 0.08538306 0.05949013 0.044737116 -0.09606265 0.027070373 -0.14316663 -0.059992272
-0.032939155 0.12628612 -0.059198733 0.023653341 0.055416554 0.07431626 -0.06268721 0.018148266 0.037162136 -0.054418474 0.07905524 0.009042679 -0.018306458 -0.021233395 -0.19087197 -0.10922505 0.094812185 0.07305327 0.13339178 -0.033193197 -0.09878488 -0.115157865 0.056189265 -0.037402205 -0.09821998 -0.11913237 -0.05917088 -0.017657386 -0.012073462 -0.025788607 -0.07848923 -0.09033627 -0.046774138 0.0749856 -0.045773204 0.006896971 -0.124543704 -0.13383177 -0.075129256 -0.085818455 -0.0090898 -0.040468823 -0.042991873 -0.045511637 0.10593156 0.11214373 0.08466155 -0.10282179 0.045905333 -0.0065296073 0.06924974 -0.039116584 -0.021113792 0.038613636 -0.023999257 -0.1032116 0.040312447 -0.16964915 -0.03732021 0.067770496 0.04874838 0.013077086 0.07177291 -0.07598975 0.09578138 0.013590322 0.09267786 0.049416423 -0.0831964 -0.017013082 -0.0030853364 0.09213025 0.07687484 0.102694295 0.0037822174 -0.03256726 -0.037193596 -0.06873299 0.03901522 -0.11124277 -0.001936271 -0.055895478 0.06620731 -0.06991819 -0.096581794 -0.04029642 0.006763605 0.009372888 -0.10385917 0.04248192 0.10487527 0.03784015 0.015372181 0.000030001742 0.102208376 0.0054839114 -0.054432344 0.11966748 -0.008220312 -0.0219024 -0.056352895 0.07895421 -0.05364608 -0.061754923 -0.009670636 -0.03266552 0.10116603 -0.032475956 0.024773087 0.029122172 0.03797133 0.029717045 0.06842342 0.084309325 -0.07331855 -0.026435364 -0.067594804 -0.041040435 0.007664024 0.09901994 -0.05909105 0.09473201 0.066421516 -0.01968468 -0.073600255 0.048224322 0.03025006 -0.039689235 0.09576528
-0.110215664 -0.03409589 -0.023549326 -0.065229185 -0.092236884 0.09509727 0.085604906 -0.012754799 -0.0885517 0.02808566 -0.03851851 -0.14901647 0.0029125724 -0.066177085 0.07113723 -0.09131695 -0.027908962 -0.019130146 -0.0024446046 0.11339914 -0.07561642 -0.0519487 0.092514716 -0.047200527 0.072357036 -0.031067425 -0.012839692 -0.08818224 0.06485613 0.050887384 0.060990226 -0.09176958 -0.03381845 -0.01543201 -0.044729527 -0.09594465 -0.046132386 -0.084325515 0.003837854 -0.019674975 0.074000575 -0.036047947 0.014587452 0.01917341 0.0739473 -0.07595674 -0.038274072 0.066113934 -0.008207827 0.09574389 -0.010861664 -0.04819435 0.015343181 -0.059316605 0.034195926 -0.060418498 0.098747134 -0.040437628 -0.122662455 0.052550208 0.11943251 0.060884543 0.09325537 0.13989793 0.07314541 0.071096435 0.02454995 0.029361669 -0.002839001 -0.036866523 -0.06168743 -0.047125384 0.044180073 0.09895392 0.023322321 -0.025325598 0.020513752 0.10693664 -0.04416222 0.022232674 0.035840396 -0.0745256 -0.119954094 -0.037209168 -0.01864106 0.002120838 -0.03683807 -0.054199994 0.09065112 -0.07906855 0.07652497 0.0729144 0.09883038 0.05731547 -0.055970624 0.003890877 0.08820406 -0.059112728 0.17236233 -0.041184932 0.020505838 0.036721427 0.08976908 -0.087447226 0.008920419 -0.055937286 0.08643401 0.0059012594 0.030795494 -0.06586482 0.0708102 -0.08240421 -0.05704774 0.06267793 -0.02174719 -0.14448076 -0.06828575 -0.04862454 -0.06317164 -0.010354063 0.013279016 -0.0016068167 -0.00033969886 0.068831876 0.054976366 0.11409313 0.026471708 -0.047526084 0.08384399
0.022148285 0.03616849 -0.07442975 -0.037131615 -0.06275793 0.025291145 -0.050399497 0.110459134 -0.044832703 0.008526132 0.054276373 0.043405417 -0.04001514 -0.005847227 -0.025929768 -0.020193357 -0.0062512937 0.080964684 0.05101938 -0.056658372 -0.06797717 0.00030287413 0.083355516 -0.07964831 -0.048066158 0.05321794 -0.02497093 0.08975846 0.067987554 0.0843625 0.07933156 -0.053572305 -0.009642722 0.07686639 -0.053470798 -0.047140807 -0.010713766 0.026754001 -0.06674159 0.00379493 0.043973546 -0.0058929203 0.0743442 0.015557859 -0.069862135 -0.00055700535 -0.024427287 0.106122784 -0.05686557 -0.029565705 0.122403264 0.061763644 0.06513696 -0.035763685 -0.09417435 -0.10121061 -0.034562502 0.061950337 -0.13144271 0.0027693482 -0.05271152 -0.023806581 -0.029790979 -0.036984857 0.0727432 0.070716016 0.06681619 -0.044712886 -0.11804447 -0.05078467 0.021119675 0.005444699 0.060570754 -0.061161116 0.074711025 -0.022973794 -0.057140615 0.12835054 -0.105472825 -0.009302511 -0.033191815 -0.02093605 -0.0061406046 0.045197148 0.09920822 0.036851376 0.07823157 0.060944717 0.07400436 0.031415958 -0.022227611 0.07517879 -0.038217798 0.087247714 0.016516004 0.071952425 0.10627674 -0.12203678 0.042865194 -0.10702536 -0.011137194 0.028574437 -0.03839912 0.06881151 0.055254865 0.06058877 0.07513565 0.07366905 -0.030204492 -0.03609016 0.061015394 -0.0544297 0.1286594 -0.10736947 0.10208871 -0.004153385 -0.08539975 0.038225375 0.013533378 0.037712593 -0.06965677 0.013832156 -0.044302788 -0.025542129 -0.07072935 -0.052045073 0.019806422 0.004629588 0.07840874
-0.038142074 -0.0012301935 -0.06718236 -0.01021286 0.03908764 0.010569868 0.07163657 -0.0050506606 0.119333334 0.09284751 0.0011749585 -0.029913 -0.037686504 0.059080638 0.045144875 0.09007003 -0.035030805 0.040326197 0.0052532367 -0.073792174 -0.1180622 -0.08234736 0.027485183 0.10705158 -0.05842605 -0.022563607 -0.029415157 -0.03800563 -0.027624995 0.09702102 -0.06187014 0.0071867565 0.05391327 0.09524615 -0.057948794 0.022676535 -0.021899173 -0.07252626 0.00061905565 -0.081525974 -0.093847536 0.0196015 -0.086690575 -0.05392038 0.020860586 0.10876896 0.009906992 -0.023101158 -0.11203865 -0.07717501 -0.074054085 -0.003297045 0.055857994 -0.0696659 0.033253178 -0.10958167 -0.20203339 0.027688675 0.07224053 -0.030073356 0.005978483 -0.07536244 -0.01575348 0.06440996 0.008008546 -0.03047528 -0.028550684 0.071287125 0.09132805 0.049981464 0.0063232197 0.015520961 0.051539745 -0.05175784 -0.026091281 -0.0028930623 -0.0066202967 0.1124957 -0.046198882 0.06987396 0.0575696 0.017040458 0.048426654 0.13868539 0.023662928 0.033005584 -0.11362545 0.07839532 -0.024981843 -0.009297787 0.05362636 -0.09879278 0.07616237 0.050913382 0.006937598 0.06966956 -0.01813792 -0.056422558 -0.07276407 0.066100426 -0.08225713 0.080223046 -0.0049347007 0.07581692 0.044700112 0.13511908 -0.075974524 -0.023162618 0.079374924 0.07888598 -0.0057525667 0.027576897 0.029122563 -0.064565115 -0.013225052 0.09999278 0.053656057 0.011352885 0.059725396 0.0019190168 -0.026109895 -0.043896273 -0.08370933 -0.0090851085 0.08776606 -0.09344917 -0.005284844 0.04665988 0.0072529432
-0.03144788 0.045421302 -0.07014377 0.053377397 -0.039014485 0.059883486 -0.026045322 -0.03143032 -0.00064626883 0.00657021 0.0065477747 -0.05196423 0.032861073 0.009412574 0.011149066 -0.022116099 -0.047854032 -0.052015148 0.01966634 0.057083566 -0.052002776 -0.023339983 0.03525827 -0.05590934 -0.07177871 -0.06496341 0.013793179 0.06113093 0.006146714 0.04584259 0.057202287 0.03680391 -0.06652638 0.016847527 -0.05059669 -0.05843677 0.021614036 -0.046635695 -0.036931463 -0.003018153 -0.035829093 0.058558986 0.0719592 0.08592689 0.0023259593 -0.10013018 -0.06919147 0.012387691 0.0136284605 0.0017071739 -0.065281846 0.061855383 -0.037689354 -0.10015564 0.041924223 0.03170409 -0.08942769 0.00864229 0.027423475 0.036478974 -0.012234785 0.0889395 -0.07160892 -0.018030757 -0.000004187235 0.018282263 -0.034475744 -0.039086223 0.043586414 0.070753746 -0.069137126 -0.09131181 0.029007427 -0.01746401 0.08222542 0.024213485 0.032405447 0.03425513 0.08080207 0.091685764 -0.001978528 0.021493396 0.032091636 -0.06724024 0.027684614 0.0034646818 0.0178952 0.07923254 -0.037050124 -0.087006226 -0.00092586066 0.044621058 -0.0611991 -0.08873841 0.09116844 -0.07050219 0.037338655 -0.065217644 0.091972455 -0.046033014 -0.028502317 -0.08275859 0.06287428 -0.08538569 -0.025986109 0.05977935 -0.034237277 -0.03949306 0.07059246 0.078515515 0.041219376 0.015225646 -0.07746232 -0.043843385 0.043781716 -0.0036758697 -0.07766641 -0.079267785 0.025070256 -0.030756213 -0.040848594 -0.056683443 -0.059201732 -0.07638406 -0.06477017 0.07449609 -0.09492276 0.0069151535 -0.0071011265
-0.08921714 -0.04611575 0.029208442 0.02297035 0.08464064 -0.02504299 0.059391662 -0.07930334 -0.0181705 0.09813013 -0.07768004 -0.20754623 0.0232797 -0.026604738 0.05071578 -0.0046636914 0.029252367 0.027437076 -0.0152744735 0.012467505 0.035686586 0.021366445 0.045024447 -0.060565047 0.0643924 0.038372107 0.0021948193 0.12482632 0.07138262 -0.015718585 -0.071937345 0.09120354 0.066510744 0.09306812 -0.030559905 -0.08060957 -0.019560644 -0.10261196 -0.080021225 -0.044327103 -0.009366407 -0.051142983 -0.008933344 -0.08353013 -0.07733385 -0.02935601 0.07224034 0.022246936 0.11171418 0.017692704 -0.051746257 -0.07454836 -0.096989304 0.05893363 0.058741413 0.037263602 -0.08954366 -0.086706236 0.14333574 -0.10274565 -0.058222085 0.006156239 0.0054200725 0.010747545 -0.00036339645 -0.085305884 -0.05042792 -0.021278182 0.012735068 0.010743605 0.074319914 0.05927996 -0.04010853 -0.016203769 0.06964476 -0.09336574 0.041247282 -0.007193628 0.0026528076 0.06377325 -0.05193577 -0.028980937 0.09732997 -0.053222414 -0.06888714 0.09196015 -0.028424263 -0.07027129 -0.07286853 0.00035688796 -0.0985886 0.109855965 0.03598747 0.04054319 -0.027915396 0.06462212 0.09149854 0.0077719153 0.00076398195 -0.028986517 0.0750606 -0.002529678 -0.023886397 0.087826066 0.05796566 -0.07468961 -0.02954534 0.04156008 -0.008033976 0.014976582 -0.0731667 -0.08576225 0.042831227 0.08136935 -0.0771794 0.05946963 -0.02128153 -0.008980002 -0.023059433 -0.029406814 0.036788102 0.10800912 0.09447958 -0.10320055 0.037401337 0.034889303 -0.086298935 -0.011725233 0.053741768
0.009651494 0.065276325 -0.028325595 -0.031126438 -0.07960738 0.0019429292 -0.036926344 -0.008035661 -0.025057107 -0.016448716 0.11001644 -0.20650452 0.18864493 0.0020607947 0.024187705 0.010248903 -0.04955502 0.02213859 -0.0383455 0.064197116 -0.044329274 0.104128085 -0.026257044 -0.024857597 0.071239725 0.07366645 -0.006964919 -0.030691283 0.022039814 0.04850978 -0.0275165 -0.05489244 -0.06171393 0.018682849 0.13865697 0.09755783 -0.035353962 -0.06856498 -0.05549891 -0.08502503 0.03353481 0.05391608 0.023559572 0.03337251 0.1307972 0.026704624 0.05773417 -0.047568433 0.042049747 0.0035118198 0.09941437 0.11592266 -0.121562675 -0.045678064 0.09173184 0.05695301 -0.11187709 0.065621436 -0.00823349 -0.080871426 -0.035240382 -0.077688806 0.06034544 0.035439532 -0.07017049 0.082554005 -0.05924249 0.08542865 -0.057587404 -0.05372866 -0.039883457 0.048014026 0.09551944 -0.06933679 0.059349746 -0.016217215 -0.09543907 -0.012847963 -0.039117448 -0.0075633377 0.040457543 -0.05769891 -0.04939272 -0.10536732 0.057261385 0.093497 -0.022526579 0.07626343 0.021491164 0.00024044557 0.07046578 -0.06787484 -0.023551458 0.034266163 -0.031293504 0.021489942 0.03744626 -0.0528268 0.0063671884 -0.043090753 -0.122943796 -0.053496547 0.0030971803 -0.019705072 -0.039197717 0.002849888 0.05963445 0.041106038 -0.02259681 0.08465933 -0.16640408 0.06717085 0.08987956 0.08791348 0.022654742 0.03095477 -0.017318819 0.09367982 -0.0029443407 -0.014355817 -0.08491039 -0.092616394 -0.017728906 -0.07023685 0.06845744 -0.05333113 -0.037879948 0.117846586 0.06792424
-0.047634494 -0.035074886 -0.029439509 -0.047879543 0.06647322 0.02372612 -0.084588096 -0.11537769 0.12859657 0.026473412 0.003057291 0.09149547 -0.0055683455 0.066158585 -0.01828538 -0.028330186 0.04480968 0.052998662 0.011724829 -0.0035589584 -0.051647555 -0.09391623 -0.025593296 -0.01252252 0.025291802 0.0022149328 -0.061228435 -0.020889016 -0.11345757 0.015580104 -0.073276356 0.09629782 0.017339382 -0.08981617 -0.1103106 0.021550598 -0.04569882 -0.01788715 0.078795195 0.097408906 -0.0946343 -0.1001879 -0.1027205 -0.028287254 -0.071691945 0.10024111 -0.008163485 0.08658935 0.05681103 -0.06366059 -0.10485854 -0.111401774 -0.014366486 -0.088912316 0.07276303 0.07995311 -0.09586153 0.0839327 -0.042995457 0.012545588 -0.029244266 0.05776318 0.07375072 -0.062257186 0.047329582 -0.04634857 -0.1180296 -0.0928541 0.08308094 -0.007675161 0.047692843 0.113518655 -0.027134636 -0.009594436 0.10591549 0.026374808 0.036158755 0.06059762 -0.084729955 -0.005854917 0.05797088 0.08813566 0.07799987 -0.05420229 -0.05656648 -0.02374483 0.07004563 0.053840004 -0.04895406 0.0068038874 0.07083772 -0.03419189 0.022941116 0.018814584 -0.07839503 0.04487654 0.0060920357 -0.02893625 -0.07972882 0.044043668 -0.0016402019 0.046458118 0.10634262 0.06527305 0.11191341 0.06416086 0.08477496 -0.05449092 0.023660703 -0.016431764 0.042130135 -0.071195595 -0.06717739 0.033781108 0.0285115 -0.13063426 0.061582178 -0.013956448 -0.077907026 0.057416476 0.04708665 0.12553334 -0.030038541 -0.104575165 0.030502671 -0.008779525 -0.052482028 0.028239112 -0.019182986
0.028592128 0.09504931 0.03881031 -0.073416606 0.06553707 -0.058395974 -0.11745573 -0.13516168 0.037092082 -0.026094506 -0.066180944 -0.008591015 0.008259606 0.100434884 -0.0065535624 0.04871005 -0.004208962 0.055368133 -0.022690773 -0.039308373 0.10238355 -0.024014696 -0.09262545 0.03234504 -0.09333842 0.050085798 0.0528765 0.01686866 0.015547851 -0.06566798 0.044532143 0.0042058374 0.0739369 0.07322832 -0.0884923 0.070459716 0.046781052 0.096512005 -0.088286124 -0.0073483125 -0.1529286 0.03230899 -0.011635002 0.09085372 0.0028298094 -0.01779108 0.060134184 0.16113749 0.10431473 0.009587812 -0.060953368 -0.0053480957 -0.053261556 0.032005027 -0.060410563 -0.02502159 -0.099126995 -0.038580313 -0.019308072 0.070369735 0.04625956 -0.008978063 -0.008566593 -0.009704452 -0.096778154 -0.04812064 -0.08734753 -0.13314518 -0.0031072302 0.05958416 0.1096835 -0.043321095 0.15453373 -0.0365186 -0.053854197 0.024786593 -0.014110367 0.04943636 0.024404151 -0.022755709 0.01750703 -0.11991587 -0.12165714 -0.07724754 0.10421465 -0.08949629 -0.05666714 0.11165643 -0.052133847 0.07033587 -0.033665385 -0.1613199 -0.026371181 0.07329707 0.11640928 0.06983277 -0.062322237 -0.020477505 0.055321228 0.009413605 -0.0006834765 -0.011769542 0.040799517 0.017522655 -0.055174407 -0.05660988 0.0027299658 -0.12899695 0.08124972 0.008048605 0.08821316 -0.054062344 -0.06381342 -0.08054097 0.076031424 -0.14723612 -0.015456995 -0.04618082 -0.042503882 -0.050981477 0.12661566 0.11062901 -0.085158005 -0.07293515 -0.030205714 -0.0035986109 0.0444711 0.08014484 -0.08974525
-0.014285768 -0.0638404 0.12969396 0.07846353 0.04787578 -0.15192871 0.1317927 -0.005693322 0.0330151 -0.08704848 -0.0719704 0.15086834 -0.06157056 0.06867927 -0.08826817 -0.018751955 -0.056983452 0.089002855 0.052732144 -0.07414626 0.037056644 -0.053643823 -0.09117019 -0.07069766 -0.09609785 -0.11167575 -0.016724577 -0.013927145 -0.022457406 -0.07814107 -0.03301833 0.09458223 -0.03455654 0.07075964 0.024163492 0.035737142 -0.0937686 0.028473819 -0.063081436 0.07760088 0.049458582 -0.046888813 0.015449193 -0.07208299 0.043487716 0.06163261 0.057077844 -0.09534002 -0.06984423 -0.028797124 0.039260298 -0.002718929 0.065330714 0.079442635 -0.016229935 0.0754961 -0.057859316 0.021267595 -0.014374702 0.100203216 -0.04179159 0.05003306 0.027638186 0.031549584 0.07477705 -0.08079409 0.08807297 0.06508085 -0.11879575 0.07107288 -0.0029991076 0.102825046 0.101229124 0.0042813173 0.029915333 0.06010706 -0.026048515 -0.1178248 -0.10351496 0.06724295 -0.044608474 0.013731224 -0.019278174 -0.005982399 -0.08244483 -0.0015271812 0.018414037 -0.08320593 -0.027839934 0.055156898 -0.034358364 -0.11150312 -0.024697293 0.043614328 -0.04925847 -0.09197078 -0.012801779 -0.051067766 -0.11002455 -0.06349022 -0.024157275 -0.0352998 -0.09202617 0.050743606 0.0026337625 0.014131406 -0.007020279 -0.004888156 -0.016615499 -0.054399863 0.039778326 0.025989221 -0.0520009 -0.0074056373 0.054146323 0.08773801 -0.07801137 0.030702272 -0.09465306 0.10376762 0.021574585 0.08803067 0.09149605 0.08555614 0.08907234 0.014224429 0.0643453 -0.092136145 -0.07533451
0.0932585 0.0865537 0.019327607 0.1291678 -0.0556752 -0.036036663 0.01895338 0.11752345 -0.0783896 0.059456695 -0.13086206 0.052977186 -0.1221029 0.020399125 -0.10855451 -0.01956958 -0.0011889228 -0.033358287 -0.10311416 -0.039584972 -0.043683384 0.008296826 0.06211155 -0.026048565 -0.029574286 0.098326795 0.054326653 -0.16112491 -0.049279545 0.103613116 0.022781374 -0.04665541 -0.035921898 -0.07610491 -0.016052881 -0.0005947603 0.0048814793 -0.0033468986 0.0066806995 -0.009999945 0.024480127 -0.043719996 -0.10039873 -0.02024317 0.059144136 -0.045602858 0.035912324 -0.00818702 0.02067939 0.040518552 0.037739113 0.096940175 0.048090555 0.07101594 -0.04503123 0.10365572 -0.11347655 -0.02291839 0.00007501361 -0.14487518 0.04047406 -0.13430704 0.09250658 -0.061552603 0.030937452 -0.011110274 0.052226316 0.009575243 -0.047539767 -0.08909877 0.07092001 -0.010039934 0.08439528 0.059067685 -0.037239496 0.0017242049 -0.023427838 0.031602886 0.006715678 -0.077337764 -0.035342515 0.02452708 -0.006521787 0.08197748 -0.07471141 0.044147167 0.06408026 0.05857924 -0.03247694 -0.090588294 0.000740599 0.07972128 -0.010441882 0.0066664303 0.10922258 0.0030440819 -0.011215729 -0.001704776 0.04804904 0.07624163 0.019106518 0.053739637 -0.06601218 0.004284881 0.054985043 -0.1022152 -0.09871942 -0.11219282 0.08256497 0.01336178 -0.043466453 0.01964322 0.06563451 -0.051293787 0.020487698 -0.018628845 -0.058262702 -0.00983572 0.08046245 0.119724125 -0.053290408 0.016245099 0.069263205 -0.026504701 -0.06995871 0.017199324 0.06393491 0.007562768 -0.06165023
0.09958703 -0.052087426 -0.024138853 0.024911165 -0.01579883 -0.054691315 -0.05134189 0.011383295 -0.016436622 -0.09886785 0.06500686 0.058208637 0.046071716 0.04951229 0.02428262 -0.08849261 0.06579945 -0.00045736134 0.0037599802 -0.09475901 -0.0008477941 0.032967634 0.03181102 -0.011592269 0.039633177 0.05065959 -0.066971466 -0.05971911 -0.0128772035 0.04808309 0.071534134 -0.019745588 -0.029091671 0.009390019 0.029919557 -0.08456516 0.032441355 0.040512376 -0.070367 -0.06712358 -0.07184322 0.07866063 -0.05659926 -0.0591511 -0.01230707 -0.027811192 -0.0026986152 -0.037502646 -0.008418724 -0.011050321 -0.04398177 -0.08364968 0.06608269 0.08205075 -0.06812909 -0.059946466 0.040677644 0.03919012 0.0042058975 -0.050536204 -0.015117958 0.08996887 -0.071109846 0.053684898 -0.018474601 -0.0956739 -0.065946266 0.074009486 0.085334726 -0.0355566 0.09413428 0.024692371 -0.06326902 -0.09985554 -0.08099401 -0.0927598 -0.01819253 -0.09087737 0.03443911 -0.041314032 -0.017708398 -0.073860385 0.0948231 0.026546814 -0.06711951 0.055074044 -0.08700001 -0.039944123 -0.048938967 -0.021439835 -0.025366925 -0.026525423 0.013716176 0.06417603 0.08896234 -0.06822494 -0.086974435 0.074693136 -0.0027857274 -0.059851862 -0.05003009 -0.04465425 -0.042289402 0.043229274 -0.08500588 0.055205055 0.029240184 -0.051215768 -0.050061133 -0.086632684 0.058076195 -0.02643764 0.092489414 -0.005108215 -0.04047675 -0.010106519 0.05258522 -0.07508323 -0.015513301 0.045832254 0.008323573 0.007560514 -0.06772208 -0.06593392 0.09450307 -0.048386432 -0.09017928 -0.059708048 0.05455775
0.11593527 -0.084301785 -0.10120358 0.10128688 0.04980186 -0.06690185 -0.0033712373 -0.014763399 0.034325086 0.04425544 -0.014863804 0.010551992 0.009421274 -0.0030190488 -0.17141144 0.0250494 0.08739749 -0.09516727 0.019539248 -0.020457719 -0.039701067 -0.03522324 -0.07235921 0.07451077 -0.0046100887 0.049527142 -0.08987561 0.06976345 -0.073528275 -0.045846008 -0.0022394815 -0.12330718 0.033026803 0.031140396 -0.037668165 0.093559064 0.0696205 0.0060696686 -0.073683485 0.037107214 -0.10960628 0.078301266 0.022999948 0.04030768 0.04023618 0.0003682582 0.0042716726 0.05649625 -0.090039484 -0.031330295 -0.047978103 0.025949348 0.035519566 0.07610351 -0.04113427 -0.044168912 -0.15211307 -0.036962096 -0.051280186 0.05618042 -0.021788705 0.030112261 0.014962154 0.007861879 0.123677135 0.007976485 -0.000043193133 -0.047745682 0.0116727445 -0.04371949 -0.093336456 -0.05612028 0.07395825 -0.008043159 -0.009959837 -0.11911343 -0.01778319 -0.07664501 0.084088825 -0.08400794 -0.05776475 -0.036316264 0.037933864 0.002529316 0.03701348 -0.04895109 -0.045385256 -0.04408706 0.009019567 -0.10027581 0.068250544 0.073539436 -0.013345606 0.057154953 -0.022240328 0.04239487 -0.010708732 0.10623197 -0.031023273 -0.10298354 -0.02717194 0.0054010223 -0.0873811 -0.14097314 0.0119824475 -0.027557638 0.057257857 -0.07144323 0.12512569 0.041608285 0.04122416 0.10322067 -0.072488315 -0.19772811 -0.038459267 -0.008301088 -0.029880501 0.004581299 0.04242579 0.011682554 0.048296314 0.07023311 0.028799614 0.054709204 0.017569944 0.06117649 0.06007426 -0.10875025 -0.08726654
0.042701602 0.097841285 0.10837816 0.006817947 -0.10229762 0.014474949 0.039960127 -0.12769479 -0.043194715 0.052351166 -0.012266384 0.01872458 0.068898186 0.12288414 -0.087321594 0.06322858 0.07214259 0.09094947 0.085686296 0.09294754 0.07064991 -0.064547434 0.043718256 -0.06284351 0.06866035 0.060326964 -0.03423579 0.10169083 -0.043050587 -0.116743475 -0.14950658 -0.13465898 0.0021830883 0.083522804 -0.036292225 0.07791397 -0.07676683 0.08190834 0.003649811 0.054505687 -0.024930099 -0.053375486 0.0405887 -0.08732802 0.06650414 -0.09543288 -0.066692956 -0.0050287554 0.038044922 -0.032166522 -0.1321744 -0.14354399 -0.047299933 -0.0017105138 0.020021359 -0.051415715 0.0011616843 0.012745761 -0.068919 0.07257352 0.05433011 -0.09866092 -0.08564699 0.045826808 0.00050391647 0.057094537 0.00874398 0.0066855657 0.021188691 0.11391653 0.039753247 0.090621 -0.066145524 -0.075942695 -0.05043621 -0.04149696 0.043662533 0.09974169 0.064347945 0.06463319 0.12072593 0.07283489 0.012174291 0.10014795 -0.09198497 -0.025340274 0.07111628 0.010081329 0.029946255 0.019926578 -0.056781676 -0.1088967 0.08289252 0.09626149 0.07445371 -0.06926121 -0.034502745 0.071512826 0.032498717 -0.009392428 -0.048230313 -0.0034384485 -0.008332827 -0.004912931 -0.012953006 0.06621886 -0.06133013 -0.0052478835 0.006374877 0.12130965 0.0891206 -0.07794826 -0.07001416 -0.0068480824 -0.09165419 -0.03875973 -0.052872498 -0.06396556 -0.0026435447 0.066400304 0.08673506 -0.110768445 -0.06292939 -0.031388197 0.0830562 -0.03431312 -0.08879224 -0.03328932 0.08436309
0.032969162 -0.12950146 -0.05448919 -0.011822199 0.026047917 -0.05683491 0.061676342 0.0640967 0.03901539 -0.05617889 -0.0078396415 0.09266186 -0.008192506 -0.06582708 -0.0061119273 -0.057061538 0.019142164 -0.06608583 -0.070770785 0.070839 -0.027001036 0.016339311 0.0098264925 0.039711386 0.026094783 -0.1049309 0.1195553 0.071214125 0.07178766 -0.011032056 0.081915826 0.0045088143 0.061259158 -0.058132064 -0.07541133 -0.09244182 -0.06840733 0.07213163 0.10150206 0.10222762 -0.12584963 -0.0319559 0.053118434 -0.0123435585 0.06313033 -0.03380115 -0.04599458 -0.04612758 0.0374393 0.054020144 0.19447301 0.07182367 0.0063479077 0.013222132 0.10165614 -0.012816274 -0.035883497 -0.017509587 -0.045603193 0.13920021 -0.0010208071 -0.016710032 -0.09239567 -0.05661178 0.07673976 0.014481421 -0.018528793 0.095679045 -0.0042329486 0.04279302 -0.13810706 0.08529005 -0.06321177 0.084079646 -0.036803126 0.102689385 0.12655245 -0.0042620315 0.03773488 -0.007636082 0.046803676 0.09869531 0.011358939 -0.014645704 0.00924154 0.09917974 -0.027066635 0.07622059 -0.022781344 0.009921549 -0.0030700576 0.08861455 -0.01111847 0.0053253686 -0.08166634 0.039223354 0.028744938 0.059699047 0.03518299 -0.003197319 -0.061688516 0.008879706 -0.03563724 -0.057970732 0.0045887413 0.05757982 0.0182069 -0.07851538 -0.024394333 -0.008180608 0.019031363 0.037671026 0.018853577 0.06315002 0.11303187 0.025232254 0.006272659 0.026697388 0.052085727 0.0946469 -0.063704334 -0.016105542 -0.06686035 -0.058094334 0.017574811 -0.048944682 0.058125753 0.03398825 0.04569639
0.037086923 -0.07521889 -0.07832766 0.009195927 -0.101152554 -0.08809432 0.040004883 0.07519189 -0.08768662 -0.010666481 -0.0048361197 0.061893325 0.023223307 0.08983684 0.036044855 0.019727036 -0.06582343 -0.003477923 -0.05443174 0.0030738506 -0.098896116 -0.09242064 -0.044878833 -0.10794054 0.0034203404 -0.07188963 0.03291973 0.024127243 -0.0016123733 -0.06409183 0.0070756227 0.09560626 0.042856555 0.06614618 0.013227997 -0.04824543 -0.02554521 -0.008576126 0.025472231 0.00721595 0.019671991 -0.07727284 -0.076777436 -0.05110889 -0.016209038 -0.05053647 -0.04343202 -0.0578349 -0.053513646 -0.0063135624 -0.07577865 0.056618903 -0.07702803 -0.011840303 -0.05009199 0.079537936 -0.07836316 0.07597512 0.006682367 0.110390395 -0.0375767 0.054942645 0.052638847 0.08351641 -0.06104448 0.04046973 0.0003340491 -0.037465665 0.01056301 -0.05740045 0.014820181 0.08591551 0.00018626556 -0.013886236 0.0400378 -0.022245508 -0.03269669 0.008312443 0.054107655 0.039124407 0.06425471 0.008520274 0.07853817 -0.1044265 0.090552606 0.09412397 0.018646516 0.027571771 0.05853157 -0.03410543 -0.09548729 -0.045534194 0.04881693 -0.10356282 -0.082608454 0.046705484 0.038358342 -0.1079649 -0.10519202 -0.06172873 -0.06746393 -0.057632543 -0.02531451 0.0793211 -0.0711379 -0.114930116 0.08275281 -0.03311887 0.0033724897 -0.092522 0.06643929 0.024166426 -0.067128904 -0.043835305 -0.08726705 -0.01463426 0.010060348 -0.072422765 0.022958588 -0.08076482 0.07813526 0.08816392 0.014796309 -0.056278437 0.012956619 -0.09846442 -0.09533075 0.013965238 -0.0510051
0.018598923 -0.0008546587 0.10448485 0.09112692 0.088918544 -0.11492487 -0.12021299 0.04586932 0.073163114 -0.06383903 0.057520784 0.0030333784 0.030465141 0.051767528 -0.1566616 -0.08645442 0.080447584 -0.03403577 0.060127467 -0.03525927 -0.0049549504 0.045314062 -0.015032244 -0.0684926 -0.059665687 -0.03549814 -0.0072379895 0.1282804 0.0049227886 -0.1429691 -0.080378026 -0.057044785 -0.010294318 0.028242825 0.03939027 0.014236115 0.09989306 0.0810635 -0.024438903 -0.0055364124 0.10104046 -0.11019407 -0.03505938 -0.11388759 -0.09435704 0.081233285 0.081681095 0.044086415 -0.012198849 -0.016089125 -0.04203088 -0.064766385 0.007964012 0.12800772 0.04791315 0.058047812 0.05718981 0.06817427 0.06555636 0.09269596 -0.010924969 0.048088767 0.08478614 -0.06731186 0.027443266 -0.077492 -0.061433267 -0.09630193 0.021512179 -0.051233098 0.045439158 0.067009784 0.07170427 -0.00696372 0.092699386 -0.08402169 0.073857725 -0.024640765 0.034878876 0.0947747 0.0766404 -0.14952742 -0.034045767 -0.042052824 0.079104014 0.048108786 -0.080715194 0.028694231 0.08160137 -0.012592848 -0.06257811 -0.070264444 -0.03221113 -0.053970303 0.059433628 0.07409843 -0.05198491 -0.09027203 0.084944054 -0.023255825 0.02492822 0.13263795 -0.010666337 -0.117792614 -0.012821779 -0.08316785 -0.07161735 0.09869111 0.09143104 0.16149569 0.07971549 -0.07811915 0.090827525 -0.039685875 -0.040555004 -0.13848019 -0.102273196 -0.06394602 0.0021616006 0.06548239 -0.07901872 0.065875016 0.06153629 0.010734832 -0.09496868 -0.10624129 0.06603005 0.09332739 0.062713645
0.013092566 -0.06560192 0.015572823 -0.020664591 -0.044015255 -0.1031306 0.01189705 -0.057830993 0.015203369 0.05685468 0.023604004 0.13827728 0.03297498 0.10645988 -0.111343175 -0.07703271 -0.07227105 -0.09075027 -0.035203934 -0.07757985 0.0524647 -0.012162176 -0.0913814 -0.01120874 0.07883856 0.09285078 0.059391227 -0.008254412 -0.10933903 -0.1024003 0.0637105 -0.10066668 -0.047296654 -0.07037483 0.012632465 0.08710227 0.14763314 0.066294365 0.004663178 -0.048390362 0.05510747 -0.057743955 -0.059854936 0.06577281 -0.003820099 -0.041242775 0.06306278 0.03538347 -0.08748447 0.072216004 0.043160748 0.051036116 0.0625763 0.13382672 -0.010547294 0.006565081 -0.08964419 -0.0059631076 0.06554944 0.15021123 0.108891994 0.02675373 0.056006342 -0.022568172 -0.04941457 0.065215275 -0.08986644 -0.0523359 0.07072342 -0.11733767 -0.036659937 0.027330153 0.006416335 0.032797415 0.046230834 0.04237862 -0.02074847 0.0140850805 -0.012711532 -0.0034611963 0.0872613 0.003935598 -0.074268796 -0.060913958 0.06415059 -0.02155207 0.13771042 0.12150883 0.038172632 -0.08189514 -0.03842786 -0.09466174 -0.033234697 0.090672284 0.032060567 -0.008422918 0.09270584 0.09757652 0.00062918564 -0.07456498 0.017371794 -0.010443363 0.012864639 0.07917385 -0.00025145884 -0.065679654 -0.03443485 0.060910817 0.16960873 0.01044101 0.01941504 0.10963835 -0.062169746 -0.05951053 -0.011752127 -0.19631514 0.0335706 0.022919754 0.08321821 -0.017214894 0.01117597 -0.01785152 0.017696967 0.05096894 0.0061441315 0.022071617 -0.10834102 -0.041231375 -0.09729588
0.08647857 0.035095375 0.1302243 0.06908069 -0.09503968 -0.05228356 -0.086859375 -0.12620683 0.01322876 0.020920096 -0.025437744 -0.1576642 -0.044729125 0.007682426 -0.046312578 -0.07589226 -0.039473403 0.0681627 0.012781812 -0.039100636 0.08339007 0.003870253 0.004852971 0.000697666 0.03352104 -0.008642945 0.015262648 0.057030518 0.045465775 -0.026840346 0.04282273 -0.13354182 -0.06017442 -0.0075273174 -0.021881822 0.08656525 -0.05391516 0.010434134 0.08343597 0.032582447 0.019132584 0.06535847 -0.030197654 0.042197462 -0.011297212 -0.06891913 0.06376845 -0.045169994 -0.047121044 0.022548582 -0.0708804 -0.04541959 0.07457045 -0.007838408 0.044289596 0.10048126 0.05652009 0.032072876 0.092542924 0.038921796 -0.009345504 0.11470118 0.02150962 0.06484383 -0.06568667 0.06981724 0.09952529 0.101235375 -0.005478297 -0.023974054 0.01749791 0.11292958 -0.09680404 0.035542246 -0.012441213 0.06662895 -0.07497488 -0.08055565 -0.0111406185 -0.085337214 0.07074715 0.05248639 -0.13414273 0.026303569 -0.010381831 0.04734576 0.075654335 -0.043452334 -0.017293032 0.07162073 0.08949602 -0.016975654 -0.08758363 -0.056656633 0.038256336 -0.06364961 0.1046216 -0.028041063 0.052054793 0.011409277 -0.028683513 0.16424674 0.029346209 -0.019467788 -0.055239186 -0.08789601 0.055387657 -0.0662004 -0.052339885 -0.047220618 -0.052103385 0.084759 0.08071569 0.10773241 0.029154029 0.004973591 -0.09590238 -0.0651374 -0.06641192 -0.09266825 0.092787005 -0.033127416 0.007902044 0.09271694 -0.0916652 0.09485435 -0.0755449 -0.023641968 0.03236685
-0.06457182 0.072875336 -0.030760016 0.10398565 0.07403141 -0.01655347 0.07562992 0.07723497 0.050113305 -0.018378314 -0.058224652 -0.08848049 -0.03228418 -0.011080342 -0.08386735 0.07132769 -0.03948634 -0.0473528 0.09240917 -0.036231343 0.08041221 0.08007861 0.032762572 -0.044332244 0.035462458 -0.05331958 -0.006648918 0.072333746 -0.094793156 0.0042285123 0.06265644 -0.054625463 0.026595136 0.0685239 0.062904686 0.05110118 0.04689637 -0.045196332 -0.09968984 -0.1080362 0.052274037 0.08626785 0.06953637 -0.005409667 -0.083651856 -0.09115255 -0.061930887 0.14660116 0.010257107 -0.0017385965 0.032158036 0.0023705198 0.0030349642 0.07004309 0.082623735 -0.020758472 0.093198776 0.12391914 0.08758918 -0.020695936 -0.024925632 0.011525047 -0.06515667 0.08968618 0.04413621 -0.02129861 0.04396264 0.10768136 -0.0636404 0.099881746 -0.042539887 0.043500036 -0.02578123 -0.10806046 -0.09338445 0.019950518 0.091015555 -0.043183353 0.042077176 0.06287203 -0.07906488 -0.10612139 -0.041401956 -0.13835585 0.02742129 -0.015427096 -0.087348916 0.042443126 0.0032953038 0.0033608996 0.004640717 -0.04034571 -0.06041085 0.003012694 0.04330505 -0.063408196 -0.090322055 -0.04396216 -0.07058062 -0.029277809 0.08416555 0.05623151 0.03203407 0.010809238 0.025566613 -0.010964777 -0.02064784 -0.018793657 0.001350746 -0.08137057 -0.08066108 0.082532935 0.08507259 -0.021896267 -0.02565413 -0.0104957735 0.0054922085 0.013803883 0.077487476 0.03302008 0.039293822 0.08670001 -0.011813215 0.09385643 -0.03601892 0.028956426 -0.036159437 0.03566902 0.003109977
0.08861462 -0.005030545 -0.00521591 -0.04352914 0.09379126 -0.038703687 0.08423486 -0.03887023 0.034608927 0.07756911 -0.04083292 0.008317535 0.003888431 -0.062054895 0.06968297 0.049972933 -0.027921759 -0.061137717 -0.08384398 0.039264668 0.021600507 -0.16462821 0.053268764 0.00027108085 0.00033067237 0.04906547 -0.025610702 -0.15955004 -0.11504201 0.078809984 0.08010189 -0.050833225 -0.07621025 -0.026114909 -0.03246528 0.06747098 -0.109528385 -0.10863722 0.031955857 -0.064465135 -0.0265784 0.061157666 -0.013531008 0.07517463 0.0013771354 0.07206416 0.0725293 -0.021858612 0.044210475 -0.024588281 0.076661706 -0.08727651 0.01046273 -0.057183683 0.012584734 -0.048199654 0.11192558 -0.0012968165 -0.042283397 -0.0076749153 0.112720676 0.06465202 0.09942625 0.047111545 -0.04755399 0.058581427 -0.02272536 0.076537006 0.12321161 0.039686713 -0.06776313 -0.09580454 0.006785551 0.067804836 0.049928702 0.06889525 -0.0343984 -0.10575249 0.05508038 -0.104503356 0.06570575 0.0018250528 -0.0378816 -0.049131345 0.0731667 -0.11367596 0.055327497 -0.12051498 0.0058657336 -0.019244451 0.040250726 0.031782422 0.065902196 0.0039082197 -0.07014356 -0.010282617 -0.033469062 0.00156706 -0.06800371 0.07806935 0.12996863 -0.053852275 -0.016862664 -0.071075134 -0.05137817 0.022655318 0.085694626 0.003267131 -0.04904732 -0.0082549555 -0.0697932 0.0005272334 -0.0383637 -0.03889682 -0.09598903 -0.036783975 -0.053447396 0.00028375737 -0.08421968 -0.09999705 0.077893145 0.03202258 0.061206907 -0.018119851 -0.010369317 0.044383697 0.101552255 0.014401183 -0.055979274
-0.10543648 0.11565 0.111537 -0.07402561 -0.0062461128 0.013151627 0.044382665 0.0009959996 0.03531005 0.007923227 -0.054015465 0.030423086 -0.062962875 0.094520345 -0.0037252712 0.0890333 0.014209729 0.015600824 -0.041579243 0.048997812 -0.0035165006 0.016008902 -0.07500519 -0.035137996 0.0039853198 -0.11556036 0.08655637 0.0948088 0.07817807 -0.03175511 0.11938005 0.09679632 -0.09572094 -0.000050913397 0.078767106 0.06602726 0.02766695 -0.011566373 0.066639684 -0.07297186 0.105705775 -0.102301344 0.06285724 0.08385954 -0.0052923146 0.03578713 0.04230959 0.020981608 0.11789878 0.005001053 0.100526534 0.045797385 -0.045259032 0.012472829 -0.046222147 0.08432109 0.09666671 0.059824903 0.0015088139 0.02289435 0.019298524 0.011642346 -0.055584297 0.00048032773 -0.097225234 0.1074715 -0.07498995 0.08031511 0.053338673 -0.026882077 0.05798258 0.029262647 -0.11649295 -0.028385917 -0.018509554 -0.0580704 0.04465581 -0.03850682 -0.093201615 0.062049963 -0.088301174 -0.043094713 0.09963593 0.03669618 0.07793248 0.05300732 0.07432064 -0.011317251 -0.00031877385 0.07161163 0.10091579 -0.073214516 -0.04402555 -0.05506162 0.00012508675 0.0059684776 -0.088476494 0.060114242 -0.046635557 0.033590153 -0.0008547162 -0.021686073 0.02619761 0.00953368 -0.08960081 0.022388583 -0.024057833 0.09001601 -0.08683795 -0.12511362 0.071865074 0.030864667 0.05647591 0.025331097 -0.074785665 -0.050572403 0.012310057 -0.04782866 -0.068252794 -0.07586427 -0.0028920518 -0.028316857 0.075656265 0.05895073 -0.060220797 0.010370912 0.097736485 0.0008381761 0.022530364
-0.04833971 -0.031649724 0.049103655 0.028093291 -0.11697752 0.027779011 -0.027920261 -0.051002264 -0.009169363 -0.06308214 -0.04958604 -0.17479743 -0.09718153 0.06011262 -0.0031327836 -0.0028839917 -0.0426867 -0.051728137 0.08483805 0.0125406645 -0.021708176 -0.081615865 -0.079299696 -0.09980869 0.032631088 0.0879929 -0.038342897 -0.011031122 -0.10510984 -0.1201475 -0.028311715 0.03071388 -0.0025939045 -0.03199428 0.07903454 0.011862404 -0.012428521 0.025868844 0.06370234 -0.09051011 0.005566213 0.021109179 0.049404178 0.0077162217 0.090646885 -0.03892786 -0.006609999 0.029813353 -0.05101111 -0.08207551 0.013103571 -0.04714895 -0.10162691 0.042770267 -0.087396845 0.01773043 -0.019698134 0.057719212 0.061870545 -0.0383503 -0.064901344 0.062807634 -0.031518187 0.13667256 -0.07676326 0.12642168 0.0342632 0.079424225 0.028159076 0.13354994 -0.059421428 0.020208344 0.010317887 -0.06659478 -0.037941128 0.01952649 0.026218293 0.08376847 0.07297238 0.02024018 0.031461954 -0.048412427 0.12480319 -0.11320098 -0.09718849 0.0014946372 0.03080232 -0.027665764 0.061131276 -0.09403384 -0.014233572 -0.05858499 0.102522515 -0.008695565 0.06905085 -0.0029655087 0.029096171 0.06930122 0.103119895 -0.11259313 0.10834621 -0.0031321817 0.059711244 0.025207689 0.06968052 -0.06714224 0.008921934 -0.088067874 0.016552337 0.049921077 0.03596142 0.088721536 -0.02785319 0.015779752 -0.011449303 -0.14503719 0.061699115 0.0103501985 0.018946737 0.02131401 -0.024539957 0.014794938 0.0019177538 0.05738343 0.014195768 -0.08914681 -0.08028111 0.07447026 0.050755773
-0.012405854 0.051826257 -0.055512805 -0.020569207 -0.07424237 0.038839214 -0.000712251 0.03053262 0.10881779 0.110500544 0.044099245 -0.0229349 0.07860587 0.0017287777 0.013312229 -0.007567894 0.1090753 -0.06697733 -0.06674509 -0.06369269 0.032365784 0.018495545 0.08639353 0.079367645 0.08161283 -0.03293853 -0.070820324 0.099794805 -0.011931573 -0.07965113 -0.042897336 -0.09634438 0.040477715 0.0605311 -0.006834184 -0.023090085 -0.026728213 -0.0660382 0.12560324 0.0020482454 0.0078066736 0.019157717 -0.045690242 -0.045790598 -0.045421492 -0.11243732 -0.1448827 0.0056857206 -0.042684827 -0.10815592 0.09711417 0.07013209 -0.03494036 0.028541613 -0.110156454 0.040400207 -0.05335024 0.07336126 -0.007833276 -0.06456584 -0.12008259 -0.033123687 0.025286915 -0.027775306 0.089292735 0.07636281 0.1223633 0.06922664 0.07771944 0.118777946 0.04433078 0.091851205 -0.044479772 -0.07983659 -0.028869355 0.054631114 -0.04976213 0.1197074 0.026916705 -0.09379498 -0.05347297 0.027529567 -0.041836623 -0.03201137 -0.03894282 0.041522615 -0.10346404 -0.0828342 -0.0078840675 0.10426995 -0.010705903 -0.016442332 0.075593695 0.040323477 -0.10435605 -0.120914415 0.104492836 -0.0020500782 0.021025077 -0.09419199 0.046760704 -0.028391518 0.044797044 -0.026415681 0.031481706 -0.013153932 0.09850702 0.03146157 0.063185 -0.05557984 0.004547542 0.042063434 0.124729864 0.12782234 -0.061847333 -0.037611514 -0.069302306 -0.09465069 -0.051572934 0.009734053 -0.04195392 -0.010492862 0.08951799 -0.031287726 -0.042069953 -0.051096275 -0.073583186 0.002176567 -0.011030688
-0.14535858 0.09813743 0.13444008 -0.076091655 -0.059960783 0.1028435 0.009920808 0.0951347 0.081448674 0.09211187 -0.04962722 -0.044721402 0.07095922 -0.0134313945 0.0981213 0.020681169 0.062070683 0.04206438 0.043694295 0.015927274 -0.040125612 -0.0907541 -0.022886371 0.10166785 -0.04426737 0.009612559 0.10852807 -0.02130159 -0.07001206 -0.050838605 0.038039215 0.006365438 -0.034623444 -0.035302117 -0.0017263411 -0.006545118 -0.06231178 -0.012156022 0.037266906 0.05178554 0.003762652 -0.08657553 -0.08308751 0.07374714 -0.042417105 0.04058741 0.018550286 -0.048587993 -0.024418108 -0.106939346 -0.15619975 -0.10800486 -0.041511558 -0.028239766 0.020748386 -0.033540178 -0.032419134 -0.12822618 -0.0032826215 -0.16804746 -0.026549742 -0.15476392 -0.081847124 0.05619285 -0.10157102 0.040166635 -0.080980934 0.007875626 0.028184779 -0.03105184 0.13507977 -0.01754009 -0.005369841 0.04868498 -0.04539327 -0.023717504 -0.030788843 0.075183645 0.035921507 -0.0891823 0.12785344 -0.09133996 0.08087427 -0.056386165 -0.102948174 -0.07436911 -0.092644915 -0.09077746 0.048332468 -0.029741196 0.08347154 -0.1135716 0.05336814 -0.107644275 -0.016115528 -0.07203484 0.08079234 -0.05572232 -0.031185465 0.06479703 0.09529518 -0.023510471 0.061568346 0.038291313 -0.059927724 0.011552783 0.0028676707 -0.12210283 -0.040137094 -0.0014753236 -0.05068673 -0.08135439 0.045669034 0.11385101 0.08667482 0.028694108 0.05460069 -0.07233689 -0.03086502 0.027611434 0.07070248 -0.020666722 0.078018196 -0.044738848 -0.020188507 0.091831066 0.06316057 0.091746815 -0.044124875
-0.0050541204 -0.028433977 -0.03998609 0.050812572 -0.010019582 -0.091809 -0.10719394 -0.00775366 -0.032395966 0.058532603 -0.040575247 0.07184929 -0.04611439 0.053762227 -0.15787727 0.10657985 -0.05208613 0.03488794 0.0994699 0.081375696 -0.065152325 -0.074789934 -0.12276499 0.010606722 -0.08134905 -0.08998232 -0.06322418 -0.0028321662 0.04455224 0.02728555 0.10354643 0.08690678 -0.05899109 0.029082378 0.010642702 0.0835591 -0.060330946 -0.035707418 -0.036320947 0.022534737 -0.08395735 -0.015653174 0.093930006 0.0045708367 -0.02907908 0.01714288 -0.037652563 0.049713325 0.007984651 0.096232995 0.1071966 -0.0131271845 0.06914493 0.1014505 0.044957604 0.062307283 0.094946235 0.120939456 0.061117075 0.0867112 -0.0242003 0.04184858 0.0630886 -0.015366121 0.02538291 -0.0083379755 0.02402848 -0.07305635 0.07157154 0.11005158 0.078919984 0.07528126 -0.03135488 -0.042081736 0.029750085 0.029211847 0.02928269 -0.10596759 -0.029686343 0.067133114 -0.087559335 0.0038473587 0.10127191 0.0020581507 0.0031715322 -0.024441421 0.006192387 0.031125117 -0.002595876 0.04242734 0.047506995 0.038086742 0.012085473 -0.063542835 0.011005798 -0.042221036 0.08896038 0.0882916 0.052705724 -0.10014051 0.051961 0.046153422 0.09718511 -0.08706676 0.09048895 -0.083123885 0.044916146 0.019512732 -0.094872706 -0.06459971 -0.07794376 0.065141924 -0.101490505 0.09443391 0.0010451147 0.060948987 0.001700787 0.045232944 -0.025720693 -0.0038507937 -0.10987444 -0.025020974 0.019062076 0.044019047 0.02866485 0.02580519 -0.089761995 0.100966066 -0.098597795
-0.08338209 -0.018388582 -0.09674809 -0.0050065694 0.017270733 0.00085278915 -0.07605241 -0.12060221 0.019288806 0.105378136 -0.07542339 -0.013398234 0.029112486 0.04816969 0.081817016 0.089755245 -0.042662397 0.011950509 -0.0788036 -0.12774591 0.076992214 0.020099327 0.029225066 -0.068891704 0.01981544 -0.024363156 0.019513004 -0.003833337 -0.025908232 -0.034325555 0.09888363 0.033571348 -0.015815865 0.10409442 0.12000231 -0.021560043 -0.059144925 -0.01273699 0.04393869 -0.011434418 0.09028674 0.06106438 0.09614695 -0.027239693 0.07060478 -0.07888807 0.053413056 -0.040165834 0.0463999 0.058745872 0.20960617 -0.03469651 0.028042018 -0.12786107 0.015602187 -0.0038750602 0.11064457 0.05562915 0.09813284 -0.03702097 0.06397479 -0.0050934297 0.04634861 -0.11343964 -0.04317401 -0.10559272 -0.0018229816 0.014810148 0.12605608 0.049215764 -0.0785385 -0.03208365 -0.046723876 -0.11992058 0.033829663 0.08009632 0.03317183 -0.026265813 -0.04546617 0.023799347 0.054577284 0.074356705 -0.010383264 -0.05951991 0.11045544 -0.0265381 0.014296232 0.004071609 0.0560424 -0.02793132 -0.00830902 -0.064348586 0.07948161 -0.017923372 0.035139248 0.08366509 -0.120340094 -0.07349958 0.06358414 0.08177063 0.059401687 -0.08316436 0.08173342 0.009747986 -0.019428339 0.026709205 -0.06209807 0.07121855 0.00780006 -0.070400834 0.12683584 -0.08140044 0.08464865 -0.10895906 0.118981756 -0.06873757 -0.031305134 0.04645728 -0.106184594 -0.07122485 0.08235994 0.103636935 0.012119311 -0.042870425 -0.079847395 -0.019720234 -0.06827561 0.08584588 -0.046938404
0.10040726 0.06806566 0.18119013 0.20837611 -0.12018475 -0.012277185 -0.041407395 -0.029160442 -0.0011039568 -0.08938348 -0.0598732 0.06061994 0.014747941 -0.0125962645 0.077978656 -0.04241161 -0.07497991 0.05245756 -0.0020088453 -0.025758663 0.05674204 -0.045952808 0.10709071 0.06778333 -0.03937919 0.045474526 0.06614452 -0.09278329 0.08060659 0.0040817494 -0.020329092 -0.08197972 0.090066805 0.0023734402 0.08263438 -0.09705275 -0.026089534 0.055301372 0.023386797 0.09987259 0.093915984 -0.090300746 0.042664375 0.07297067 0.0058724326 -0.07990964 0.026718864 0.06737408 -0.044888906 -0.0031188515 -0.05588541 0.047550764 0.091728665 0.03071404 0.03100215 0.11247657 0.01812429 0.034162696 -0.04922491 -0.046328194 -0.022163471 -0.012491472 -0.011093328 0.016138839 0.037203137 -0.06681541 0.045280658 -0.031497013 -0.05670468 -0.0024317177 -0.024597142 0.1251665 0.07466082 -0.06082034 -0.047428563 0.021476049 0.09549101 0.06741132 0.028955346 -0.022357067 -0.074522234 -0.011052593 0.02551894 -0.083836265 -0.12659544 0.07543874 -0.03877217 0.06733694 0.07706328 0.09323685 -0.055382732 0.025793025 -0.027492315 -0.0039843963 -0.012512201 -0.031749498 -0.048614163 0.10554968 -0.03265934 -0.020613795 -0.08417078 0.050653916 0.08506272 0.049279526 0.006514867 -0.070452556 0.073736906 -0.05301219 -0.0052707135 0.10265963 0.059147216 0.038525056 -0.070982546 -0.030637307 0.08314064 0.085621335 -0.07634978 0.034129236 0.012551359 0.0010150091 -0.08535241 0.058915585 -0.0018110436 -0.098219186 -0.051636297 0.025341786 0.030724095 0.024546117 -0.08585195
0.12559444 0.10714672 0.15789509 0.07038664 0.07634852 0.05268152 -0.07964575 0.022766653 0.075370915 0.012729711 -0.010418109 0.11069605 -0.04623123 -0.04106635 -0.021269796 0.085047305 0.03376045 0.09401345 0.035320062 -0.044290714 -0.083655655 -0.14836803 -0.031076929 0.023419257 -0.035865027 -0.12279765 0.026055599 -0.027365701 0.034867927 -0.029066121 0.114327624 0.004299502 0.03075394 -0.047032956 -0.113356255 -0.029825201 -0.05162691 -0.033359323 -0.07592128 0.051483534 0.032828793 0.0354186 -0.055382617 -0.1007186 0.06038569 -0.11116246 -0.09667909 0.11863522 -0.12412165 -0.20897181 -0.095130645 -0.0581344 0.031356506 0.07408152 -0.060484335 -0.02542526 0.07220173 -0.030373974 -0.10303758 0.14720559 -0.04109421 0.124515206 -0.0078034215 -0.032623038 -0.078322776 0.02770764 -0.06229763 -0.048448544 -0.072064966 -0.016043564 0.051485278 0.085383795 0.0331629 0.09804885 -0.0095870355 -0.0752489 0.11606467 0.01076076 -0.081305124 0.07672317 0.09688709 0.029565249 0.03367871 0.11811187 -0.09871601 -0.084914014 0.047003757 -0.024155548 0.06370551 -0.09778206 -0.056733645 0.010515104 0.051256683 0.100535884 0.07730202 0.02742269 -0.05294813 0.007253222 0.047093682 0.10896819 0.027884692 0.1292498 0.019228319 -0.018489886 0.10344279 0.013287417 0.102338575 0.0043840245 0.14670542 0.08979549 0.038307298 -0.08190975 -0.03142497 0.074636355 -0.024780834 -0.002289572 -0.06119842 -0.073299535 0.014209289 0.0788969 0.038029198 0.07179125 0.07581022 0.0816613 -0.049725547 0.06444515 0.0009310153 0.020467313 -0.028938323
0.015691452 -0.03308078 -0.007162035 0.033460397 -0.0069252676 0.03193063 -0.07920478 -0.14609078 0.02568103 -0.022976603 -0.08952362 -0.15192558 -0.016506836 0.0047311564 0.048720114 -0.0812833 -0.025643205 0.020154871 -0.006538076 0.00579748 0.033866823 0.060925137 -0.05944771 -0.037931323 0.07502496 0.07531229 0.028732447 -0.052851655 -0.0020528939 -0.096527144 -0.033123218 -0.05593144 0.025627093 0.09346389 0.08856005 0.08272492 -0.10385739 0.071044095 -0.053422645 -0.07028079 0.05042252 0.0046097334 -0.04371114 0.0086938385 0.056492534 0.09464429 0.040838487 0.07990651 0.0027945293 0.00022210937 0.060336635 -0.17731577 -0.050841004 0.0054238047 0.06386027 -0.024600409 0.031908475 -0.031276457 0.009809828 -0.044902816 0.07323512 0.080434605 0.07469786 0.12637855 0.07078382 -0.0010001074 0.052890357 -0.04415339 0.024172196 -0.0066599846 0.021479534 -0.018717976 0.048661668 -0.056169882 0.095959544 0.0007762453 -0.08191019 0.051111024 0.07290221 -0.023484107 0.04103933 0.053348362 -0.13143638 -0.100303784 -0.041638784 0.0703669 -0.046109136 -0.094633676 0.00819675 0.010117508 0.0942655 -0.0116240475 -0.048997473 -0.06105939 -0.0635354 0.016907409 0.038222678 0.018120788 0.12030557 0.0015239161 -0.02501238 0.084380075 0.078502804 -0.020260628 -0.092862405 -0.01170761 0.009650612 0.074029565 0.104689546 -0.020912157 0.11910136 0.06001288 0.10273636 0.04354125 -0.013520157 -0.17536251 -0.010898137 -0.039653882 -0.028278127 -0.096252225 -0.066569276 -0.08962088 -0.047974117 0.048962828 0.07343287 0.09494856 -0.076830424 -0.06493008 0.019925622
0.08678596 -0.08233179 -0.019668045 -0.10499168 0.07594385 0.034834974 -0.017215274 -0.14182244 -0.09537564 -0.03674515 -0.081585765 0.048545316 0.087068126 0.022704277 -0.0956321 0.14550102 0.0136863645 0.036414593 -0.0072730295 -0.024522018 -0.014963627 0.09593189 0.039291225 0.075889595 -0.072088875 -0.03019007 0.034369797 0.05285787 0.038762897 0.001395024 0.1100669 0.033961244 -0.059431612 0.046769638 0.11419611 -0.05339933 -0.06413734 0.05725002 0.06411302 -0.02163795 -0.059901223 0.06448943 -0.077817075 0.018549778 0.084321864 -0.08804006 -0.08738448 -0.034561776 -0.05957244 0.040717512 -0.00414377 0.012615685 -0.103576146 -0.14603706 0.03273136 0.08575334 -0.017329574 0.017124893 -0.017824182 0.025588278 0.081083044 0.09336896 -0.0037337572 0.005078901 -0.039450526 -0.06975618 -0.05907674 -0.068192355 0.11543277 -0.035535686 -0.09416584 -0.0048856013 -0.068327054 -0.095592625 -0.010593671 0.0032933846 -0.1037704 -0.093973085 0.0015615401 -0.021355301 0.054939058 -0.009225348 0.0077390587 -0.050345026 0.0050943443 0.016968215 0.026274499 -0.041593183 0.023027869 0.06284736 0.00042015026 -0.060097817 -0.052736923 -0.09266615 0.0749472 0.049443267 -0.08067713 0.01974869 0.10509324 0.008623328 -0.009346613 -0.1160786 0.03252169 0.123160936 0.09408693 0.07030672 0.08181492 0.0035920176 0.009948742 -0.0888553 -0.030227482 -0.03395606 0.053200226 -0.07222064 0.053855155 -0.11749222 0.05322571 0.08069427 0.034066767 0.09291589 0.054337077 0.036694963 0.09570259 -0.09996243 -0.0350902 0.04483135 0.033895276 0.057475034 -0.087648
-0.011178459 -0.05251432 -0.031188805 0.011945138 -0.0013458855 0.01704002 0.09061955 0.058349784 0.03140355 -0.07264632 0.044757277 0.03974074 -0.066508576 0.085230276 0.09463911 -0.027021835 0.071270734 0.09274647 0.008163152 -0.015657391 -0.080681354 0.076932326 -0.010114495 0.030866075 -0.022456449 0.13565691 0.011710263 -0.092439815 0.025506504 0.1254858 0.04630215 0.037603237 0.0045748767 -0.063580595 -0.053152908 -0.096089326 0.028136035 -0.0289986 0.07196702 0.1148522 -0.016071478 0.017120162 -0.05561995 -0.10736081 0.065886475 0.13281117 -0.08258733 -0.15864114 0.037642606 -0.059258044 0.027031027 0.019625025 0.0234174 -0.0114497505 0.08249766 0.055685528 -0.07828162 -0.1077749 -0.0038103715 -0.04585505 0.11121653 -0.07224649 -0.010016372 -0.07298588 0.113120005 0.031434927 0.1003704 0.00010573029 -0.05517867 0.025917085 0.05113494 0.04938131 -0.05734638 -0.013094088 -0.028925348 -0.098739386 -0.02470861 -0.07465112 0.05582146 -0.014726061 -0.03899306 0.15010598 0.035027403 -0.019276736 -0.03993059 0.03984532 -0.05324623 0.042887285 -0.0004493645 -0.10474046 0.02000748 0.033043515 0.08845575 0.050362464 -0.123686455 0.050274603 -0.0010348996 -0.057150155 0.11353913 -0.022540504 -0.11383181 -0.090943776 -0.0065802326 0.0045111584 0.031289544 0.011765568 -0.09995993 -0.039500527 -0.029269123 -0.066965036 0.01881119 -0.0014886074 -0.020475043 -0.05934628 -0.109328575 0.033869296 -0.017577635 -0.06806862 0.058434803 0.07486118 -0.07384013 0.025568504 0.030709073 0.025226755 0.10242056 -0.06086438 0.10048987 -0.12169302 -0.05384385
-0.12686124 0.04957505 -0.0807366 -0.047383517 -0.005279157 0.041966118 -0.14736377 -0.09448641 -0.10773864 0.05410597 0.006629566 -0.119784795 -0.064831346 0.024705173 -0.11223515 0.011600287 -0.087755516 0.08378734 0.060019318 0.02469855 0.09489061 0.03337557 0.0024165004 -0.029482398 -0.105892025 -0.027589021 0.08807902 -0.04118473 -0.08096677 0.027443165 0.04050653 -0.041502256 0.0054045254 0.07543907 0.087758094 -0.11054764 -0.046469025 0.077878796 0.083610855 -0.10643112 -0.111860834 0.0047630835 -0.053152382 -0.07388617 0.032549042 0.098235115 0.13688889 -0.035339996 -0.081475645 0.19723701 0.052078314 -0.06918356 -0.020394556 -0.0044529513 -0.0434886 -0.025576418 -0.020049782 -0.019633874 0.024083514 0.022922475 0.053705342 -0.10012844 -0.085954174 -0.042168554 0.051628787 0.06618264 -0.030324915 -0.07358813 0.100933395 -0.07233249 0.039123017 0.082632214 -0.02181317 0.08915857 0.018829096 -0.013938016 -0.012732857 -0.025950922 0.021930937 -0.041979853 0.054205015 -0.045347966 -0.16825992 -0.06723204 -0.035789523 0.06439517 0.07720215 -0.09535531 0.013045305 -0.093831636 0.031617124 0.012669108 -0.109349184 -0.061218634 0.02318123 0.0055696648 0.044674024 0.101134315 0.04317392 -0.12703286 -0.06976985 -0.014232507 -0.01571938 0.015413636 0.07279537 0.033556502 0.08150037 -0.04667724 0.00238856 0.049864996 -0.05836939 -0.10125993 -0.027699174 0.058692362 0.010782127 -0.108494595 0.080039196 0.026616128 -0.084575064 -0.032728564 -0.049359865 -0.03971476 0.020458883 -0.12058794 0.06266891 0.008216288 0.0494817 0.012874469 -0.04542141
-0.08735072 0.043540075 -0.03732915 -0.056091066 0.022774233 -0.048378415 0.003365695 -0.06728775 0.14515655 0.03635321 0.08957693 0.09906132 0.11082315 0.048962213 0.13721702 0.029937426 0.01238866 -0.06612174 -0.053609904 -0.11865667 -0.0061198696 -0.0025457977 -0.038629603 0.0066711465 -0.021210957 -0.045115963 -0.09863603 0.058358967 0.0722634 -0.028931547 -0.008961022 0.021061666 0.10754256 0.09088384 0.066893004 -0.020578312 -0.056163102 0.051612575 0.04801443 -0.057650678 0.042762723 -0.052917473 -0.09151924 0.010104039 -0.050129585 -0.043924958 0.018030437 -0.032744974 0.019836795 -0.058725398 -0.09618634 -0.011905687 0.056105427 -0.06568698 0.07425775 -0.11447311 -0.15928057 -0.046343397 0.038274042 -0.11023486 -0.032795243 0.00095420686 -0.009845961 0.070568435 0.09457127 0.0029591483 0.0012326601 -0.12045723 0.09973132 0.057718344 0.03335686 0.0840721 0.11923715 0.047892697 -0.013181278 0.069285065 0.07900269 0.030605381 0.0068813036 -0.006437943 0.056872867 -0.0037313597 0.00066016265 0.02324191 0.0040061143 -0.058727656 -0.05726036 0.062207382 -0.03825726 0.07552265 -0.020042587 -0.083022706 0.0012201009 0.035784822 0.06891428 0.09083173 -0.049721815 -0.026462965 0.012773727 0.14395458 -0.07499768 -0.0013493227 -0.031365775 -0.041604657 -0.072953366 0.013243369 -0.06487797 0.01152675 0.0697001 0.021907423 -0.026990823 -0.0035477316 -0.07888755 -0.043937214 0.0022757598 -0.016705345 0.13717476 0.10661091 -0.014421412 0.10378518 0.11658728 -0.041142944 -0.07985778 -0.067821324 0.035200194 -0.0030036534 0.05533817 0.002324166 0.051266123
-0.08431103 -0.0054470794 -0.21670148 0.014382715 0.018001739 0.038507268 -0.12108731 0.0029864646 -0.017840028 -0.084021814 -0.046952635 -0.04166576 0.08343523 -0.025684787 0.08578417 0.13509482 -0.014019481 0.1070319 0.069226265 -0.050040536 0.06036256 -0.06890065 -0.057073507 -0.0651006 -0.029336978 -0.03782435 0.058768224 -0.058527607 -0.01490882 0.03152307 0.03382704 0.13353188 -0.029584588 0.034333725 0.097015865 -0.06104689 -0.026442274 -0.096662804 0.067391045 0.01217075 0.05718648 -0.035210446 -0.05137575 0.06710027 0.024934478 0.022651833 -0.11389121 -0.03593139 -0.13107431 -0.0088712685 0.16585284 0.13480188 -0.14082007 -0.013769289 -0.0412372 0.0074256724 -0.030159088 -0.10131005 0.09790825 0.012519395 -0.07462337 -0.07266237 -0.0025661485 -0.10198239 0.033666033 0.082381874 0.11936351 0.060059473 0.07388689 -0.030084493 -0.0030803413 0.04130757 0.02888302 0.013833299 0.043973245 0.11962342 0.101870894 -0.047698386 -0.10988751 -0.040316664 -0.023363274 0.010704594 -0.0068076206 -0.076545134 -0.06661242 0.0021416584 -0.068624504 0.0027526587 0.0061840354 -0.04324517 -0.010833994 0.083776124 -0.0019204023 -0.05185429 -0.022867225 -0.12972365 0.027363686 -0.10744881 0.054530066 0.09238924 0.098384075 -0.07952587 -0.020477362 0.02922197 -0.059026424 0.0035791826 -0.070402056 0.052703086 0.05264811 -0.083305426 0.057733845 -0.00726918 -0.052807603 0.021608269 0.021415034 0.12047236 -0.04989091 0.05842964 0.062885486 -0.07652129 -0.07533925 0.07011246 0.10813695 -0.056025654 0.09335478 0.021633292 0.087405965 -0.06886351 -0.039869115
-0.05288193 -0.024345785 -0.12405677 0.018345483 -0.019788442 0.02793219 -0.07838754 -0.046191186 -0.05943168 0.07486456 -0.038350005 -0.17510684 0.06950505 0.03726006 0.050990827 0.0005812947 0.011977201 0.074313715 0.053918324 -0.10508163 -0.037517913 0.12826705 0.050870914 -0.05918293 0.058949497 0.0010002061 -0.09129091 0.0019832088 -0.08878491 -0.018153522 0.1029224 -0.0771734 -0.040569734 0.07553897 -0.078594856 0.039786305 -0.027936941 0.06105328 0.07724512 -0.037623923 -0.012814331 0.037520315 -0.07245144 0.038159512 -0.060535166 -0.05553278 0.09645178 0.031431876 0.040996738 0.11462785 0.043389395 0.10785448 -0.021207336 -0.07154547 0.004683559 0.016485741 -0.035185672 0.0003430258 0.094140485 -0.029018769 0.054376323 -0.058638055 -0.0042961044 0.05199731 -0.054220654 -0.042315613 0.010352014 0.016259255 -0.059096977 -0.019096354 0.06497611 -0.008179121 0.09494297 0.027779805 0.013055411 -0.1297065 -0.0016783413 0.116271205 -0.053349786 -0.013722207 0.09660023 -0.006581204 -0.14060576 0.018075978 0.11671393 0.038003605 -0.08325939 0.029614665 -0.03062088 -0.06346064 -0.08777971 -0.01341475 -0.04934356 -0.061517633 0.06432404 -0.10182465 -0.09200901 0.05849178 0.033077355 -0.0908695 -0.06310618 0.10311795 -0.05176725 -0.09730255 0.11382743 -0.09648664 -0.0787301 0.006557541 0.060987156 0.09413951 0.0766929 0.054564722 0.07750909 -0.03838925 0.082842864 -0.16182002 0.044854186 -0.1025126 -0.07040862 0.010624599 0.059650365 0.04876423 -0.10830217 0.024218082 0.077329196 0.04002592 0.07733554 -0.10149476 -0.061807312
-0.09335694 0.0135283815 0.1869806 -0.0718818 -0.060708996 0.046222094 0.08714833 0.0649182 -0.0022538218 -0.09221842 -0.029353818 -0.021682074 -0.013220759 -0.005608369 0.006365564 -0.104847625 0.060303345 0.06571812 0.063659556 -0.017900918 -0.10370549 -0.13682161 -0.06208343 -0.032167118 -0.010903495 -0.05598712 0.10641148 0.07606636 -0.06928946 0.048114862 0.042641435 -0.057335496 0.003010365 0.009275534 0.022917185 -0.09231875 -0.012218578 0.007827521 -0.026552618 -0.04381363 0.0135731 0.012801195 0.009714997 0.042316288 -0.07670768 -0.099970154 0.061536502 0.0070496155 0.061299074 -0.10087117 -0.0039136857 -0.060680717 0.10138034 -0.08078683 0.019336782 -0.02924842 -0.01575132 -0.03678305 -0.04542978 0.02883713 -0.09207632 0.01784137 0.09038806 0.0024489106 -0.04188947 -0.07765757 0.020274376 0.13915215 -0.086949974 0.058978163 0.0040127137 -0.07049916 -0.09642842 -0.004343304 0.06522469 0.09285583 0.11031972 0.10665753 0.06960508 -0.07201761 -0.00915691 -0.009901977 0.041625157 0.14213452 0.024597693 -0.05613143 0.036028072 0.009759166 -0.025032252 0.06347239 0.045441035 -0.041819654 0.06615321 0.067292735 -0.07683892 -0.0785123 0.022972237 0.02277522 -0.07027737 0.05431244 -0.01741892 -0.0077645057 -0.016031938 -0.020370437 -0.00096456334 0.014461592 0.0676928 0.051265754 0.08053802 -0.0125269955 0.033232067 -0.083676994 0.026129756 -0.0033373393 0.06065169 0.0777473 -0.09574288 -0.11754442 0.047918696 -0.024445506 0.083270736 0.043284904 0.08433208 -0.011245851 -0.02576012 0.0048963185 -0.07506636 0.08182033 0.0030600918
0.028066114 0.039371315 -0.089331724 -0.11968357 -0.049396485 -0.046824373 -0.14389078 -0.0109709995 0.026529381 -0.047899615 0.046239108 -0.045304384 0.05461281 -0.08297793 -0.049889546 0.15357728 0.0927246 0.028147483 -0.049846172 -0.070746675 -0.10372286 -0.07473733 0.0108861495 -0.046722975 -0.040538203 -0.020949112 -0.047965977 0.06569688 0.04982846 -0.016411763 -0.08377105 0.056740478 0.107390344 -0.048753187 0.07130306 -0.011320577 -0.11558178 0.037342228 0.06368111 -0.09893669 -0.12379949 -0.059698287 0.02328557 0.0009975737 0.02645185 0.06523806 0.035690296 -0.0572889 -0.015804231 0.040476654 0.105800286 0.0796143 -0.10449644 0.03605242 -0.036996413 -0.10031512 0.110418424 -0.016876593 -0.026357625 -0.06270112 0.047136743 -0.022630563 0.042659637 0.019913193 0.07612716 0.042246208 0.07324526 0.037290495 -0.0371724 -0.02837416 -0.13498652 -0.019604431 -0.05790856 0.08129767 -0.06645593 0.041731857 0.075798236 0.06632161 0.08425277 0.07532617 0.095198944 0.03585866 -0.00033632346 -0.029487465 0.15374215 0.011487802 -0.0025436205 -0.092774704 -0.01145199 0.07217355 -0.0066591785 0.0096518835 0.047427244 -0.0733121 0.08458117 -0.019083546 -0.035507325 -0.0354888 0.14462806 -0.019889724 -0.073988415 -0.062074926 -0.10680085 -0.07113047 0.15604497 -0.024210239 -0.048940863 0.044737857 0.053171072 -0.0797858 0.021361519 0.094406866 0.008547103 0.06207291 -0.061756056 -0.18821202 -0.042860765 -0.07708491 0.057090446 0.004676041 -0.08951568 0.062229563 -0.013848091 -0.017661836 0.02535969 0.096308425 -0.0056596026 0.037157167 0.049454015
-0.03880527 -0.00049116946 -0.07230548 0.0030357153 0.049871765 -0.012439663 -0.01262993 0.16964285 0.05099914 -0.04316061 0.09815816 -0.01059548 0.05683815 -0.012835046 -0.04904397 -0.03786917 -0.034853924 0.08483903 0.07205768 0.02497303 -0.017341295 0.063998595 -0.10586888 0.030668464 -0.12042254 -0.047557168 -0.12319201 0.094955064 -0.06300517 0.06540734 0.009814667 -0.011321339 0.00395841 0.054776527 0.048850868 -0.0590987 0.092700005 -0.060976867 0.039110184 0.070913516 -0.01583008 0.0055650515 -0.0042154724 -0.09941056 0.07846531 -0.0713313 -0.049574524 0.0022754013 -0.027516978 -0.0029200513 -0.059669852 -0.000095474934 0.010680177 0.123809196 0.096490756 0.01020382 -0.16700995 -0.005910606 -0.023244474 0.058858633 0.057750545 0.026761118 -0.013089625 -0.0094253225 0.1168192 -0.071345404 0.015072597 -0.08421358 -0.05168123 0.03782629 0.049572654 0.08925626 0.058960244 0.027580503 0.031018276 -0.0062509836 -0.028781736 0.13971584 0.038696878 -0.04530263 -0.04838422 -0.014936866 0.08229589 0.0416005 0.017664798 -0.06783782 0.03159513 0.023972461 0.027129754 0.0745218 0.05430261 0.0003468761 0.081344016 0.064536326 -0.02994442 0.10852229 -0.02317052 -0.027699681 -0.028674107 0.012099338 0.014580818 -0.10249748 0.07437876 -0.08969423 0.05641834 -0.00802976 -0.012490094 -0.036374424 0.014228264 0.14925277 0.04302454 -0.115125135 -0.04910667 -0.0006276662 0.012757646 0.086212195 0.010593556 0.036404535 -0.06988636 0.09791418 0.05232399 -0.033247266 0.042054538 0.04071058 0.038697187 -0.057729375 -0.057366427 -0.033542454 -0.025285928
0.039213967 -0.037708722 -0.13221876 -0.025550567 0.027344208 -0.103920214 -0.04436834 0.029570788 0.07164061 0.036520224 0.024858443 0.10687155 0.05361303 0.02637492 -0.057384416 -0.10516174 0.04937261 -0.038931563 0.05390076 0.0502379 0.035100847 -0.048905667 -0.010251355 -0.043397628 -0.034553837 0.05459895 0.059785563 -0.01740407 -0.010486896 -0.028965013 -0.018847235 0.06772778 0.04907724 -0.10543438 -0.048398253 -0.066488005 0.088582754 0.066914305 -0.0039248676 -0.0031138803 -0.0604015 0.053898618 0.058332242 -0.069221236 -0.0012301543 -0.02741496 -0.018882554 0.0957726 -0.11477155 0.0694822 -0.06689148 0.10067063 0.101864874 -0.051202986 0.10819868 0.0809097 -0.0439832 -0.015360321 0.0714516 -0.050926667 -0.047629915 -0.09366573 -0.042578485 -0.084860064 -0.018742654 -0.05361969 0.06753179 0.012778677 -0.022635916 0.011973578 0.13581805 -0.0037271609 -0.017622821 -0.052412797 -0.10204094 0.059741456 -0.112155944 0.05988177 0.026174556 0.091499135 0.05054374 -0.032556638 0.07145151 0.006761159 0.0005261486 0.095411025 -0.1071221 -0.12871212 -0.030630542 0.0716599 0.013273107 -0.09945262 -0.047278557 0.06733292 0.07823706 0.06912132 0.014792124 0.044285566 -0.024350766 -0.06249425 -0.072452374 -0.09111388 0.039002307 0.14879754 -0.0635401 0.04533078 -0.0057100663 0.038798776 -0.08925469 -0.10347017 -0.0415429 -0.027445052 -0.105496906 0.062469844 0.1340288 0.10798711 -0.018491998 -0.06523826 0.0033295902 -0.09269382 0.0683724 0.0776443 -0.07488893 -0.13484778 -0.047416724 0.030350022 0.01174971 0.091322 -0.03632238
-0.05374384 -0.0038140097 -0.074812844 0.08766916 0.08181767 -0.080121376 -0.040246718 -0.016982153 -0.031217394 0.020441748 0.07643547 -0.0875267 0.07293716 0.076511204 -0.048063636 -0.055089187 -0.04064112 -0.022652162 0.077413805 0.08570371 -0.010058282 -0.043577332 -0.0874558 -0.03558083 0.08293838 -0.02362487 0.045296006 0.0009507513 -0.06452298 0.033258032 -0.03742685 -0.08085048 -0.02206423 -0.0886715 0.020314628 0.066168234 -0.06460934 0.0059558037 -0.09075802 -0.051624037 -0.05448007 -0.08821555 -0.018100167 -0.100531764 -0.099582605 0.07922247 -0.03705505 -0.025961377 0.028369553 -0.054983426 -0.066188335 0.059454136 -0.047418214 -0.09157767 -0.034422204 0.044186287 0.030769967 -0.07165589 0.014219761 -0.07085569 0.07064981 -0.0042369813 0.028980456 0.009655878 0.0688033 -0.036700506 -0.019314086 0.057810474 0.096616566 0.032830376 -0.0836376 0.036616463 -0.06859054 0.08668679 0.0010441522 0.012524889 -0.040469326 -0.09570839 -0.029998193 0.082039595 -0.08239831 -0.020627845 0.07886238 0.0367205 -0.013297259 -0.04932487 0.0115687875 0.04773945 0.09300221 -0.07116328 0.011776349 0.0767933 -0.06473492 0.04942427 0.07192412 -0.08909749 -0.0003862664 0.030932961 -0.06678696 0.08953466 0.003941228 -0.05861555 0.009503952 -0.09871311 0.016166877 -0.048456635 -0.040760823 -0.014653499 -0.04013309 0.021202488 0.009648719 0.015475464 0.0629171 0.029351076 0.04814937 -0.05099447 0.04619155 -0.09216586 -0.09403158 -0.021939462 0.004741094 -0.04298875 0.011281954 -0.072958164 0.035276078 -0.08853077 0.018815925 -0.06662202 -0.052794497
-0.0025766708 -0.08409925 -0.092865504 -0.0050958795 -0.05602484 0.021651333 0.08852921 -0.20450811 0.019817986 0.074418254 0.0462933 -0.08138295 0.014660894 -0.048129033 0.04780166 -0.0074166916 -0.059117083 0.03815725 -0.06586488 -0.013663897 -0.094585 -0.09368091 0.069827735 -0.029360514 -0.094749734 -0.021465022 -0.07874184 0.0042312434 0.019439276 0.0002448158 -0.03721919 -0.012484702 -0.043981563 -0.07874576 0.078175515 -0.016025545 -0.055017658 0.03177098 -0.072889805 0.018132946 -0.11969059 -0.07053059 -0.030696804 -0.057435904 0.049851496 0.04123348 0.0318119 0.016317228 -0.012088126 0.057077087 -0.039374888 -0.10341762 -0.039917525 -0.048445284 0.032907594 -0.025443304 -0.06010716 -0.008947073 0.07705124 0.05604193 -0.037800834 0.04905531 0.04851243 -0.09729066 -0.02859871 0.053272553 0.033610802 -0.061394826 0.01895682 -0.028407326 -0.037419427 0.070999034 0.09318546 0.0068094465 0.043580364 0.09453698 -0.004700327 -0.03327971 -0.06940701 0.011152894 0.05454539 0.12845846 -0.026375081 -0.039078616 0.030336313 0.021323789 -0.057691332 0.032236513 -0.11904714 -0.121671535 -0.102670655 -0.043746844 0.035592865 0.09857319 0.100629024 0.072001725 -0.006028807 0.050493557 -0.037097227 0.053825635 -0.04540258 -0.07872137 -0.13282542 0.070064686 -0.014936169 0.018664792 0.07000952 -0.031320166 0.09566301 0.06924454 0.08066946 0.06071086 -0.1176248 -0.1443565 -0.03036756 0.06847106 0.08175731 0.065819405 0.08306383 -0.06024589 0.034356147 0.028915968 0.033344764 0.03129514 -0.022603437 0.03037258 0.049805224 0.07511011 0.052509215
-0.07597706 -0.054871216 -0.033615287 -0.022123933 -0.08322694 -0.029060487 0.046139494 -0.12132494 0.06205188 -0.0041222083 -0.08299208 0.026260125 -0.026632199 -0.07303363 -0.0061871414 -0.035993006 0.06610047 -0.0014989963 -0.07659623 0.07522312 -0.08491656 -0.05737067 -0.015412601 -0.09281242 -0.042587124 0.015523872 -0.059721176 -0.03366912 0.0123491725 0.13846888 0.050267335 0.025148647 0.032711025 0.10184727 0.06382126 -0.017439635 0.07871659 -0.008812588 0.00036459725 0.06670711 -0.0034079747 0.107104994 -0.061218522 -0.0044093523 -0.0032623834 0.016254764 0.02478567 0.078604996 -0.027622396 -0.09044851 -0.04605816 0.13325615 0.0723415 0.021238845 0.053919483 -0.033692162 0.04505083 -0.0034938871 -0.046386145 0.013315279 -0.025636857 -0.11220717 0.021052506 -0.0812606 -0.076305576 -0.027287554 0.038838454 0.13898347 -0.088554785 0.039626114 0.082208775 0.043260615 0.014864806 -0.06812209 0.10869006 0.13356063 0.044182274 0.011075621 -0.037568897 0.06502708 -0.046963315 0.08384783 0.061040763 0.06463088 0.058944188 -0.024914231 0.030421985 -0.056281406 -0.04483705 0.08596567 -0.044336695 0.059965722 0.09171676 -0.07986347 -0.080968 -0.09208638 0.078743495 -0.035441052 0.03242169 0.13898194 -0.04076139 -0.05629172 0.11247534 0.14471474 -0.004245249 0.09596292 -0.05059625 0.10533355 -0.012080748 -0.1178586 -0.1083974 0.00938672 0.037821025 -0.0024043408 0.13447183 0.13221288 -0.017214416 -0.02385888 0.043449644 0.0042068674 -0.098554745 0.022986135 0.08040122 -0.0515238 0.06987574 -0.019327488 -0.04871717 -0.030545963 -0.0595902
-0.088926524 -0.040436752 0.07851559 0.0617163 -0.07253583 -0.0128888395 -0.0044114934 -0.13578792 0.02799521 -0.040799122 0.065895714 0.0072203013 0.025441153 -0.062982686 0.073494665 0.031849064 0.097837925 0.09449097 0.036031827 0.051507708 -0.071012385 -0.09385582 0.029854344 -0.059364308 0.06353739 -0.058889337 0.10353862 -0.06642056 -0.019530809 0.019476905 0.003034899 0.019234687 -0.06943415 0.06033106 -0.08371423 -0.102463745 0.06068563 -0.056445286 0.039926466 0.12343082 0.016923187 0.022883272 0.06438802 -0.081595525 0.058152027 0.011697681 0.056807455 -0.09404095 -0.06350369 -0.18605112 -0.12746625 -0.016929181 -0.0036231563 -0.015624603 0.017195968 0.019925272 -0.061247997 -0.03558815 0.10415036 0.110226326 -0.06286044 -0.025642416 0.0066593466 0.021220474 0.011656805 -0.023584627 -0.07508385 -0.091164105 0.04579794 0.045984138 -0.0710778 0.026074374 0.036253925 -0.11345612 0.09100478 -0.07463023 -0.007564028 0.08839769 -0.031194715 0.016606528 -0.01599558 -0.029968934 0.11381459 0.02303742 -0.018378958 -0.005283101 0.005933883 -0.041765843 -0.03877691 -0.100827046 -0.07951284 0.03932588 -0.01872432 0.10152607 -0.12825955 -0.08506752 0.03052918 0.114758916 -0.12352022 0.07077579 -0.059848804 -0.020375159 0.024503611 0.1053935 -0.061909698 -0.015987976 -0.0104691945 0.044645205 0.07165486 0.010014929 0.038755845 0.09987337 0.00945624 -0.08144908 -0.010949943 0.084753774 -0.040786542 -0.07465204 -0.07102749 -0.029736059 0.045577362 -0.082435764 0.05650549 -0.02950162 0.0071787066 0.041597456 0.06425842 -0.12711117 0.067994
-0.08476778 0.02383527 0.017702231 0.084199786 -0.021277465 0.07095965 0.092277855 -0.015553913 0.081774816 -0.065963455 0.12038952 -0.14216194 0.033484578 0.08693529 -0.014589832 -0.047845595 -0.07733126 0.066409566 0.007462578 0.11136521 0.07464374 -0.06693105 -0.031246513 0.06359437 -0.06365646 0.09584024 0.008964437 0.020672034 -0.046679966 -0.16019009 0.059131604 -0.0320551 0.019916827 -0.061195467 -0.034302212 0.03814896 0.13199389 -0.07256228 -0.083774 -0.049667764 0.051801797 -0.053629406 -0.039081063 -0.10712241 0.001961564 -0.07863211 -0.0153551735 0.009587484 0.03397671 -0.011129546 -0.15262292 -0.10684112 0.026064215 0.1263561 0.04529714 -0.11206478 0.103755854 0.063181914 -0.05504067 0.08764064 -0.11224221 -0.005760681 0.06722725 0.024804637 -0.07269237 0.08773562 -0.05475712 -0.036537137 0.008450318 0.026306592 0.06810093 0.09071729 0.07609732 0.015126568 -0.068242975 -0.0005962797 0.12643768 -0.039865814 -0.07337719 -0.09601307 0.042025566 0.07406365 0.10634166 0.07910427 0.086454295 0.050377414 0.015533744 0.0107714245 -0.007873599 0.01901695 0.03082448 0.013683728 -0.066817254 -0.041141793 0.039865 0.03382404 0.032413434 0.08261376 0.03369422 0.033428255 0.101596676 -0.0621996 0.06844501 -0.040840704 0.053228557 -0.019372437 -0.060358517 -0.11047935 -0.03670301 0.12657385 -0.01596496 0.007521024 0.115432665 -0.06745925 0.06039536 -0.1378243 -0.0885013 0.04297275 -0.025200734 -0.026675075 0.0034916543 0.034044128 0.07480877 0.014365102 0.033083778 0.043174256 -0.071109615 -0.031098593 -0.037235457
0.0073499368 -0.021711938 -0.11231533 -0.016331607 -0.014273996 -0.05542884 0.041325208 -0.050841685 -0.017805109 0.051001877 -0.036688816 0.021333428 -0.0125333425 -0.05395145 0.0065132836 0.03196471 0.06576218 -0.058037706 0.023723628 -0.047232796 -0.10222431 -0.039848488 0.017598527 0.011872559 0.0018288747 0.09529567 0.028448405 -0.04795346 -0.012603047 0.029667089 -0.022129185 0.10824026 -0.08526506 0.020573135 0.13768786 -0.041872326 -0.0077323834 -0.099250175 0.039836843 0.045240104 0.013122099 0.037624422 0.060536362 -0.11940988 0.017818918 0.030736847 0.0474022 -0.01546912 -0.021196445 0.014619076 0.038139407 0.12590055 -0.102384016 -0.12241042 0.04223855 0.01331328 0.056924738 0.076856025 0.09944692 -0.049539644 -0.05868198 -0.043365788 -0.0020768326 -0.05964515 0.07749235 0.005577217 0.005475529 0.0965484 -0.040213004 0.13075495 0.03470925 0.009990668 -0.10879436 -0.0070324834 -0.04710508 -0.04388404 -0.069943294 -0.051949583 0.015645048 -0.069879495 0.028208548 -0.029714799 0.0553994 -0.075465925 0.095390484 0.014548352 -0.06327928 0.017352667 0.0429965 0.10077997 -0.101115175 0.10479135 0.014327124 -0.033645175 0.094572745 -0.07303819 0.05073706 -0.10316293 -0.009255157 0.015598365 0.11082609 0.023431877 -0.053929232 0.080639124 0.059505083 -0.12603496 -0.051231854 -0.059814017 -0.019571368 -0.03084766 -0.07146001 0.037757304 -0.045099154 0.13538153 0.15907593 0.05189559 -0.058438417 0.02750346 -0.03707696 -0.033625096 -0.09421257 -0.0073078563 0.0533189 0.065114155 0.010873185 -0.035381176 0.109450705 -0.10262526 0.07693685
-0.02021671 0.039285276 0.08644957 0.042300235 -0.11548034 0.015161062 -0.1065193 -0.029303972 0.088867284 0.0192964 0.019899355 -0.07040009 -0.06434827 -0.0012385165 -0.0333785 -0.028976535 -0.082249336 -0.066411026 -0.08963828 0.01203678 -0.0002934542 -0.054315045 0.05720769 -0.035776366 -0.03050697 -0.016935589 0.02783714 -0.007105425 -0.084474385 0.10537936 -0.021384778 -0.13096596 0.074535124 -0.06003228 -0.08302097 0.03598799 -0.1003926 -0.06626754 0.06261984 0.08949645 0.14356646 0.0903304 -0.0555356 -0.028715555 0.031428047 -0.014001534 0.0154518755 -0.069317706 0.02792111 -0.059199847 0.07550799 0.05013269 0.06351679 0.0058361506 0.09035051 0.029130379 0.06728053 0.06932416 0.04404895 0.0050732964 -0.025753168 -0.08058252 -0.04500052 0.080169685 0.039090794 -0.075598225 -0.05893084 0.031723324 -0.025639521 -0.09281453 -0.0024362025 0.01497496 0.040712338 0.029990524 0.028328406 0.05559176 0.096801974 0.070360444 0.10278607 -0.09315657 -0.016580436 -0.04101007 -0.077273555 0.07110278 0.04135775 0.11511795 0.028828321 0.090433724 -0.100497 -0.110308744 -0.021316135 -0.05949003 0.03160866 0.09965091 0.07842601 -0.09000638 0.1253544 0.013413859 -0.005425325 0.04958222 0.028225804 0.11963727 -0.057074733 0.059216537 0.04231642 -0.071314886 0.032356665 0.009319457 -0.11863924 0.031819787 -0.06399295 0.084784634 0.020035889 -0.04009922 -0.0059187887 0.06793885 -0.11551215 0.023836233 -0.026563244 -0.0046746605 0.056960713 0.015254766 -0.009147504 0.05720493 0.09677481 -0.08765505 -0.011946476 0.04964892 0.0048724054
0.04054144 -0.048149455 0.043405812 0.05824279 -0.065258786 0.074036226 -0.001581818 0.093108766 0.05033238 -0.0023936504 0.01417261 0.082211025 -0.036600918 -0.02862253 -0.030828493 -0.11362727 0.1213361 0.024348537 -0.03324383 0.07440955 -0.06442717 -0.02120573 0.071465544 0.074426375 -0.031396825 -0.01441944 0.047384113 -0.09284078 -0.078069486 0.06936934 -0.14297082 -0.011662253 -0.034466047 -0.02530402 -0.059489947 -0.057321474 -0.01155039 -0.073249556 0.10615662 -0.04002314 0.0721971 0.06767244 -0.017381752 0.0735758 -0.0089718085 -0.06652799 0.07861766 -0.07131315 -0.05250701 -0.11584676 -0.030141167 -0.03971038 0.06968232 -0.015906619 0.04484107 0.050360758 -0.018473405 0.02155411 0.027947608 0.04503537 -0.07095065 0.028294282 -0.029445417 0.13344248 0.0073699597 0.06450847 0.008282608 -0.0037488432 -0.0048784437 -0.038359605 -0.06255918 -0.08419134 -0.0053192554 -0.07408304 -0.07503876 -0.0020526354 0.019908441 -0.047669206 -0.060579445 0.026512418 0.1496733 -0.10929621 -0.068646304 -0.0070109726 0.062103655 -0.05221049 -0.05944565 -0.04957185 -0.08013376 0.013730415 -0.022999514 -0.05409867 -0.016211534 0.074820936 -0.008500794 0.11840113 0.05142299 -0.024584023 -0.05603403 0.037332837 0.07189296 -0.016546668 -0.06135833 -0.03154973 0.07856048 0.03067697 0.05552679 0.02172723 -0.03567936 0.065291345 0.033235945 0.07802035 0.13270776 -0.039113346 -0.10857169 -0.026856342 -0.10509371 -0.08074632 0.029936781 -0.035113838 0.101628736 0.08037734 0.040783904 -0.0009179669 -0.012269838 0.04199131 -0.030121863 0.031107165 0.057685133
-0.15494318 0.07160046 0.12542847 0.0394777 -0.08095113 -0.019975673 0.04821948 -0.091287084 0.065884046 0.09813991 -0.045771226 0.034736354 0.08674079 -0.0035169323 0.017302023 0.027945815 0.052184187 0.10423972 0.12413345 0.05863679 -0.08277214 -0.0151601285 -0.021485763 -0.021158438 0.0071375933 -0.026775965 0.051944852 -0.048488528 0.09512864 -0.10061127 -0.019143855 0.14232032 0.025321832 -0.01558774 -0.06749398 0.06687511 0.015802896 -0.001889483 -0.068319015 -0.08818322 -0.043392375 0.07962065 -0.050535347 0.046770107 -0.050175097 -0.06364145 -0.0029462029 -0.04174597 0.021731276 -0.06688689 -0.20994775 -0.07153039 0.1107642 -0.024776522 0.0036026698 0.03016799 -0.08773455 -0.013088009 0.05859894 -0.0068832356 -0.11701196 0.0008898915 0.06360157 -0.10046562 -0.07951282 -0.045951653 0.0418312 -0.09160346 -0.12705572 0.029572977 0.054467287 0.12286864 0.07520647 0.06372056 -0.068525665 0.08554083 -0.032133255 0.0023706346 -0.08286997 -0.07958694 0.08638567 0.06840113 -0.00037431816 0.047611512 0.0729552 -0.07616301 -0.056286894 0.071362026 0.003939041 0.08742167 0.009229783 -0.04409462 0.005000163 0.035225455 -0.033687655 -0.051637724 0.029076196 0.105816275 -0.08310922 0.12572025 -0.043458264 0.016738025 0.021190887 0.15130556 0.058710508 0.012780611 -0.033746663 -0.08716593 0.09103731 -0.01915048 -0.043517035 -0.033864394 -0.052903622 0.10224775 0.16139524 0.08988847 -0.053000323 0.085581966 -0.081358746 0.023019852 0.025711892 -0.06724876 -0.00011106665 -0.028791968 0.10380677 0.052630227 -0.047220748 -0.023187857 0.06669619
-0.19386546 0.07673483 -0.07274863 -0.163484 -0.033348896 0.07446046 -0.15659235 -0.061176393 0.10212682 0.076687194 0.106550515 0.13213894 -0.06703014 0.0980086 0.05636902 0.058830988 -0.089285515 0.09855131 -0.014160696 0.07672953 -0.05799149 0.02413235 0.06960469 -0.0118699325 0.11072437 -0.01310464 0.029668858 -0.0015223677 0.08813292 0.058360096 0.027031919 0.12834072 0.044648442 -0.054342147 0.09395605 -0.018221386 0.027229995 -0.085814014 -0.07374692 0.013296564 0.046839405 0.08996439 -0.03054626 0.024459224 0.028453352 -0.07056646 -0.13184631 0.019665407 0.07059849 -0.03572394 0.049351618 0.14113411 -0.030660233 -0.12408471 -0.008047689 0.08638166 -0.115672015 -0.07615163 0.06479134 0.041921884 0.039469816 -0.1535062 -0.04845926 -0.09857653 -0.10413328 -0.06641933 -0.070137 0.03919908 -0.08813406 0.0060435566 0.010973993 -0.07235215 0.07363744 0.092118345 0.013302832 0.07038123 -0.06990538 -0.044152815 -0.068381116 0.05057056 0.0013761726 0.048083156 0.0965515 0.056552254 -0.008465807 -0.11389989 -0.064022936 0.024386821 0.044050578 0.073646836 -0.043043423 -0.04807148 0.0048626713 -0.092536144 -0.008164995 0.045952782 0.056748733 0.009045213 0.111026734 -0.06400289 -0.04713097 -0.010794521 0.014658544 0.07091644 -0.08533965 -0.025772639 -0.0444071 -0.009177769 -0.12362758 0.04792197 0.06168072 0.12887481 0.06508828 0.053802904 0.08437657 0.121063635 0.103902645 -0.0075433464 -0.0069730305 0.03748416 -0.061121654 -0.0067755785 0.008525373 -0.041701254 -0.01724706 0.11444967 -0.08019197 0.0016394334 0.068872124
-0.085731916 -0.09849365 0.019913727 0.07353141 0.011646537 -0.02118834 -0.0546133 0.103056185 -0.018915134 0.049552623 -0.058898184 0.008412267 -0.047279187 0.013717346 0.09910339 -0.12160009 -0.04307346 -0.059022136 -0.060703475 -0.06485961 -0.01831063 0.083947055 -0.06139 0.034765303 0.036914606 -0.028738098 0.067428365 -0.19223641 -0.030092705 -0.014514527 0.10379914 -0.01596488 -0.056548927 -0.023632457 -0.09614781 0.072447054 -0.02027787 -0.0212326 0.0185609 -0.025494533 0.105623655 -0.045295116 -0.0073824236 0.10807003 0.062464036 0.083587654 0.07207768 -0.08470959 0.01861743 0.030244892 0.018525636 0.10037038 0.055593565 0.040876858 -0.060491025 0.03523177 0.00012644893 -0.012868323 0.057684243 -0.21409275 0.04633891 -0.15009856 -0.064745285 0.0550729 -0.07086473 0.0741216 0.09567307 -0.043990735 -0.043870777 -0.12412911 0.12296271 0.027939238 -0.059820738 0.007523139 -0.007905211 0.14120549 0.034589883 -0.09041704 0.09174128 0.0530572 0.08665015 -0.06384134 -0.059201054 -0.07390344 0.041518472 0.11547048 0.09477608 0.08747205 -0.047264982 0.0043714787 0.048973147 -0.08115409 0.06725749 -0.08140087 -0.047736283 -0.017120244 -0.015064089 -0.015973363 -0.02220146 0.030933004 0.020814396 -0.050402742 0.025781494 0.05816976 0.050251544 -0.0018797818 0.06803181 0.07479955 0.0063372008 0.0344824 -0.095713936 -0.09598822 -0.09709068 0.14661543 0.07458923 0.1587401 -0.034298398 0.07816903 0.0029140397 0.07166804 -0.015601348 0.07524762 -0.09603509 -0.10711251 0.10614723 -0.038145803 0.07070923 -0.042266738 -0.02949396
-0.14254163 0.027477257 0.14568822 0.104205616 0.10756483 -0.043314252 0.104957186 0.0138706295 0.07092428 0.026551647 -0.033012077 0.061167706 0.007825247 -0.035654686 -0.04637353 0.027210992 -0.111734144 0.025202874 0.05740248 0.107301116 0.05063051 0.07202102 0.025421206 0.020050697 -0.0047604265 0.08244455 0.06724311 -0.022805275 0.0032423004 -0.009671969 0.054614585 0.12352819 -0.0688075 0.05274815 0.09111403 0.0066521983 -0.04898037 -0.042482145 -0.05075783 -0.029835358 -0.06935982 0.085759886 -0.07037047 0.026212959 0.015804902 -0.103656046 -0.15066735 0.070223555 0.0074208193 0.09270702 0.080361925 0.12973298 0.012492351 -0.046441354 -0.06431942 0.08164434 -0.07745985 0.0022708725 -0.024109002 0.11989683 0.0878304 -0.08070961 0.035943042 0.02966079 -0.035517238 -0.0123076495 -0.08585693 0.0035109757 -0.09161099 -0.022229467 -0.08103483 0.011014964 0.08398115 0.027061604 0.010596515 -0.008850459 -0.029213227 -0.07673841 0.05252838 -0.07980419 0.03745164 0.12992108 0.007859565 -0.06044659 0.0019069926 -0.0119167045 0.07907802 0.051782258 -0.06535514 0.06961611 0.013659514 0.10701718 0.071383104 0.0019644892 0.062795624 -0.04329303 -0.07640023 0.031740144 -0.061849993 -0.12542178 0.06204159 0.06829983 0.091106266 -0.04408712 -0.096462555 0.0098293675 0.049556725 0.045918386 0.021776542 -0.08589685 -0.024958637 0.06676952 -0.10257643 0.14090881 0.007925052 -0.010054758 0.093540564 -0.043516133 -0.113023505 -0.06624139 -0.02436008 0.05960659 -0.022226382 -0.027631084 0.038469996 0.07107857 -0.0061066374 -0.058538392 -0.032588553
0.08746287 0.023570692 0.18582508 -0.01455917 0.045917306 -0.08883092 0.097564034 -0.011339881 -0.010261952 0.008375357 -0.06719392 -0.03875525 -0.034882486 0.00553466 -0.06018103 -0.02252478 0.056251384 0.11237561 0.088019304 -0.07182316 0.004437899 0.08417724 -0.06608451 0.0390853 0.0057134097 -0.10973102 -0.020989303 0.033440802 0.05343919 -0.033621646 -0.026621658 0.09455629 -0.040681012 -0.04066264 0.093687855 0.077460974 0.0582333 -0.0817115 0.016555874 0.04528305 -0.031618074 0.00025067208 -0.0506571 0.061461817 0.016590087 0.012528843 -0.06599861 -0.023452066 -0.07482124 0.020275973 -0.09779533 0.022283396 0.0044286638 0.0773552 0.036077194 -0.020671152 0.015145511 0.030837243 0.07449642 0.12092597 0.00416779 -0.07668962 0.069914736 -0.08380411 -0.012496118 0.0769636 -0.086016916 0.12312831 -0.072466955 0.10598146 -0.033200648 -0.06680971 0.06057905 -0.06983177 -0.015021904 -0.03590412 -0.032438762 0.006766829 -0.08520105 -0.012873043 0.06108329 -0.0504334 0.025479663 0.07892188 -0.034658246 -0.08542322 0.084246054 -0.0532954 -0.00491942 -0.04209798 0.06114139 0.0036645066 0.036957663 0.06587124 -0.10528871 0.009838404 0.10367996 -0.0072856327 -0.10628273 0.048178773 0.048491094 -0.0714784 -0.08024522 0.11571628 -0.013330114 0.080934115 0.061451178 -0.016285144 0.057894647 0.06695226 0.04660773 -0.032445066 -0.10982015 -0.079576135 0.040295653 -0.031505644 -0.07009692 0.005767848 0.018423881 -0.029161012 0.044790402 0.016442377 -0.022974394 -0.07960113 -0.07305857 0.07378655 0.112746574 -0.08140547 0.07453468
-0.047547873 -0.14638108 -0.08710312 0.12134591 0.058617793 -0.020118475 0.049689036 0.0846182 0.0550722 -0.050146557 0.109358914 0.08438411 0.027026463 0.036657453 -0.03498519 -0.127903 -0.10593389 0.07065961 0.005563232 0.009676701 -0.032627363 -0.06318563 -0.09230324 -0.02204251 -0.096281044 -0.07702681 0.009919195 -0.067708604 -0.03310926 0.0021613424 0.023057826 0.022782126 -0.021057947 0.034688532 0.044227287 0.09694208 0.115123816 -0.014619299 -0.040977787 0.034683958 0.09469245 0.09585602 0.11165653 0.019547978 -0.064769626 0.043359168 0.010832584 -0.085548736 -0.02963249 -0.060052123 0.045451425 -0.00040972698 -0.06497429 -0.09865759 0.008333259 -0.00078333676 -0.12084891 0.040319923 -0.029368665 -0.062310103 0.0107468525 0.05050706 -0.04499664 0.063352674 -0.081247956 -0.052298553 -0.101663195 -0.057583865 -0.06204538 0.0014299069 0.029822435 0.04580822 -0.05415024 0.0010240274 0.09050039 -0.04725183 -0.019144548 0.016345566 0.085370265 -0.016258437 -0.09482989 -0.08015842 -0.05819418 -0.004792077 -0.032438766 0.06452624 0.028466104 -0.0430316 0.05582738 -0.061264865 0.0075668027 0.019542154 0.06875075 -0.009966851 0.08632586 0.09592282 -0.0074418094 0.060290053 0.07663593 -0.014890291 0.039096728 0.013487134 0.018332178 0.015982615 -0.11883384 -0.11002984 -0.12316744 0.07388834 -0.01636928 0.120514385 0.06664418 0.027595446 -0.077642955 -0.13985005 -0.10017634 -0.035429757 -0.052246377 0.016434142 -0.06520424 -0.039105166 0.006296675 0.008982756 -0.041993756 0.047007065 0.041651424 -0.06752591 0.06743121 0.058651015 -0.03144551
0.03313544 0.016620504 -0.1500931 -0.021256045 -0.08021692 0.042925756 -0.058304112 -0.11385094 0.027059602 0.059891503 0.058478877 -0.006545963 0.10661881 0.0738707 -0.07896664 -0.043989692 -0.020892303 0.092380084 -0.05466258 -0.02173484 0.043517143 -0.03183776 -0.041321818 -0.05265407 0.08388289 -0.07904267 -0.0015068408 -0.025623731 -0.10366849 -0.05672585 0.051683336 -0.00465677 0.1282554 -0.06740325 -0.08138341 0.089818485 0.0061927 -0.0010946176 0.09841153 -0.036997315 0.030170182 -0.10676575 0.022646757 0.041839845 0.046564575 -0.018179864 -0.08775419 -0.07738548 -0.06789356 -0.0702589 0.09376315 -0.002212901 -0.07428262 0.011556807 0.056098815 -0.123985745 0.119510666 -0.023881635 -0.022544209 0.062462445 0.14323542 0.11466393 -0.068526566 0.021804279 -0.018397316 -0.008308551 -0.043842472 -0.025664046 0.052459147 0.06989952 -0.12606288 -0.13275374 -0.020492826 0.007028294 -0.07349491 -0.010891719 -0.00974541 -0.0521835 0.056335874 -0.04701816 0.12549514 -0.033065863 -0.11421288 0.13306063 0.11199412 0.057119288 -0.053133577 0.042393852 -0.020524766 -0.039492484 0.08783612 0.002634228 0.012416897 -0.030285832 -0.060102243 -0.055624526 0.113258064 0.08537021 -0.009890904 0.16411246 0.07414677 -0.065357305 0.0016312134 -0.07417309 0.16706978 0.071760476 0.078801945 0.07754887 0.041669104 0.039458662 0.045210484 -0.022167962 0.012846074 -0.1324507 0.0002370972 -0.23008385 -0.0066349143 -0.008809122 0.086701296 -0.0037871464 -0.007953507 -0.019293927 -0.076355584 0.006483652 0.0533094 0.08635902 0.057401065 0.011587815 0.108560346
0.0051723076 -0.029425249 -0.042112082 -0.01326243 0.041049335 0.089570895 -0.13741714 0.14098448 -0.014104877 -0.023940634 0.0011409597 0.122885644 0.0671989 0.018933257 0.10120771 0.09153703 -0.047213588 0.06419029 -0.080890134 0.07848315 -0.051088486 0.09055892 -0.023573507 -0.08421725 0.03215281 -0.076404266 -0.10664467 -0.00238264 0.005393212 -0.036565106 -0.07270497 0.053465657 -0.045524698 0.10361543 -0.0033328969 0.053205892 0.08194835 0.04575343 -0.057868093 0.09335996 -0.0030259078 -0.014729981 -0.06935716 -0.08096544 0.13492876 0.09904175 -0.0029418236 -0.028882323 0.06891517 0.059358615 0.10787422 -0.07486012 -0.077396885 0.017130723 0.02989179 0.04159324 0.01039127 -0.0013092345 -0.08513714 -0.12730815 0.1294856 -0.10429417 -0.02965342 0.015917277 0.031281654 -0.101587944 0.06325763 -0.04005546 0.109736644 -0.08448982 -0.027362308 0.041539785 -0.012041952 -0.016768709 0.011806108 -0.030402645 0.009631759 -0.0029880474 0.070628166 -0.061937682 -0.044716552 -0.05538462 -0.0046396516 0.061773326 0.10490059 -0.0035803586 -0.042540066 0.010399973 0.09715976 0.007606686 0.104147956 -0.07986679 0.10999584 0.0066287406 0.07227355 0.051735163 0.02979842 0.030232556 0.01816809 0.05465594 -0.06526198 0.011225019 0.0024171784 -0.075773016 0.072135694 -0.07804612 0.09037057 0.039542146 -0.016486919 -0.080327466 -0.06509259 -0.08024131 -0.02351272 -0.015439139 -0.06391639 0.047496915 0.0023453743 -0.015167049 0.059317373 0.06475895 -0.039833535 0.039188653 -0.0064536864 -0.04348933 0.075793326 0.040801793 0.06818644 -0.08363277 -0.052414484
-0.062287167 -0.07307593 -0.15361209 -0.03542699 0.036956087 -0.0008240973 -0.05642227 0.14759332 0.03339728 0.013845955 -0.07643188 0.09080358 0.106821544 -0.011557593 0.08665643 -0.11809386 -0.022828717 0.0053995736 -0.09709108 0.066758126 0.102298014 0.07973145 -0.001129799 0.073637396 0.028582247 0.12633121 -0.053371035 -0.12222737 0.014391621 -0.042702656 0.05980362 -0.06206287 0.0032448394 0.0077266977 0.019771028 -0.0015713664 0.022652173 -0.07609288 0.100616336 0.05729347 -0.088151865 -0.0049803643 -0.0009618109 0.05931798 0.11599793 -0.044774394 -0.022488315 0.000032251315 0.095835514 0.124903984 0.024868814 -0.03353112 0.039394915 0.07772482 -0.07355164 0.07513783 0.048097566 -0.02803253 -0.08851395 0.014585416 0.089488566 -0.051696863 -0.10098518 -0.10191007 -0.0822942 0.002522333 0.036538422 0.04853274 0.014733989 0.07552717 -0.087204605 0.080426596 -0.024778152 -0.13191718 0.05835633 0.10362541 -0.072549604 -0.0016552833 0.035884824 0.089473076 0.015064694 0.08555294 -0.0021583044 -0.014862297 -0.022314023 0.017608013 0.043865394 -0.040344223 0.020811085 0.0960184 -0.02040966 0.023228606 -0.041642707 0.0395924 0.031002713 0.04887124 -0.07113942 -0.0035601854 -0.007727357 0.027956666 0.006909753 -0.030020863 -0.079094104 0.036835734 -0.06590948 0.010651142 0.023367984 -0.059763193 -0.1010662 0.039060343 -0.07012114 0.038036015 0.04590782 -0.04495367 -0.08415677 0.05332907 0.048777934 -0.030689541 0.045008432 -0.03007005 0.07172 0.024711588 0.05738118 -0.00037907826 -0.046793867 -0.035898812 -0.027830323 0.09766674 -0.068046376
0.17036602 0.058512215 0.06363969 0.07755051 0.03857754 -0.06275127 -0.14195876 -0.10320325 -0.07275691 0.03235356 -0.06389099 0.020870153 -0.02896449 0.07483326 -0.0040879007 -0.045551583 0.050331518 -0.043365486 -0.022732327 0.07306614 -0.010995512 0.007847679 0.0099315215 -0.04176389 -0.06503117 -0.08388008 0.037524145 -0.03933051 -0.006750433 0.04870002 -0.004680403 -0.057989266 0.07619709 0.06805038 0.098882414 -0.082729384 0.010244493 -0.023925573 0.08394072 0.06096988 0.015770208 0.028925704 0.043270927 -0.105161764 0.05486853 0.024764318 0.09461038 0.028064657 0.1094904 0.001931439 -0.030851047 0.061793763 0.07282578 0.0075262864 -0.11351368 0.078794345 -0.0010762301 0.09316563 0.0823199 0.050451417 -0.016266333 0.041391026 -0.013388557 0.034410477 -0.077299096 -0.023234092 0.035427127 0.10906403 -0.09430488 -0.08950029 -0.0492128 0.026380014 0.10938286 0.027694477 -0.09223309 -0.10682364 -0.017245956 -0.07829238 -0.0247865 0.115307145 -0.06425484 -0.052123763 0.035328835 -0.00062313076 0.022288974 0.023308292 -0.07310821 0.08369089 -0.08239064 0.0030379377 0.080523364 -0.08248031 -0.006724424 -0.081286475 0.020431807 0.02592213 0.096264705 0.06796297 0.046157636 -0.069082476 -0.009865025 0.07098253 0.046548765 -0.029826367 0.0943996 0.078247234 -0.09734001 -0.03425524 0.06534706 0.084867164 0.061297353 -0.039008275 0.12830412 0.07514506 -0.15811451 -0.112825125 -0.029211083 0.08071829 0.052133817 -0.0061222706 0.087782316 -0.02200724 0.044563238 0.07732876 -0.09634841 -0.0661097 -0.050911292 0.040974878 -0.07160839
0.15430762 -0.020339627 0.028080238 0.0190397 -0.064265974 -0.052209873 0.019738741 -0.00042944265 0.015031215 -0.09205769 0.047313012 0.08361053 -0.038972806 0.033317566 0.03807364 -0.094382346 0.054286078 0.07894942 -0.10355721 -0.034586087 0.031339243 -0.15174296 -0.00091783924 0.06547989 -0.0076796687 -0.05367064 -0.051641867 -0.11764713 -0.023473691 -0.10114002 -0.008274377 -0.0069781467 -0.067689806 0.013940558 0.039399687 -0.07747833 -0.04718466 -0.010302655 0.08929178 -0.07540449 -0.02435712 0.06939597 0.005411231 0.018078575 -0.09879339 -0.027530888 0.090255 -0.028548632 -0.03785491 -0.06271456 -0.014879158 -0.13643883 0.09551073 -0.0666118 -0.011829009 -0.104121126 0.041097526 -0.057641413 0.087146915 0.08569231 -0.023166845 0.0050513702 0.08399936 -0.009826916 0.009463705 -0.10031588 -0.039951183 -0.07518708 -0.0053391424 0.02030675 -0.046490114 0.033281755 0.03984284 -0.04497474 0.040411755 0.095818646 0.040709447 0.031811528 0.0072456235 -0.083262056 0.08209024 -0.15191956 -0.033124775 0.14550814 0.07874864 0.07286608 -0.09690172 0.032020666 0.06652139 -0.007882422 0.07500748 -0.010867644 0.020226417 0.040728305 -0.09296959 0.023794506 -0.06724804 -0.017632252 -0.09504315 0.034825783 -0.035437275 0.013552257 -0.04637316 -0.11625899 0.021364547 0.092215255 0.105820954 -0.019504942 0.10703716 -0.017608758 0.10481335 0.07913763 0.09136652 0.033814285 -0.0036690747 -0.08540846 0.07593502 -0.043345094 -0.016280195 0.020530408 -0.048800755 0.018023757 -0.061860032 0.08498172 0.06993565 -0.036344502 0.031906325 0.104609765 0.049642578
-0.012047023 -0.10512065 -0.16051 0.05406451 -0.011732968 -0.037024237 0.033103753 -0.0611335 0.03626718 -0.12624326 0.054778624 0.0002645872 0.05479236 0.0031966155 -0.017793994 -0.00033203498 0.0052803424 0.02057453 -0.027019205 0.026572071 -0.062262423 0.086877204 -0.07475256 0.033044823 0.069410324 0.034527518 -0.064728744 0.07402046 0.021271612 0.06446708 0.0463511 0.033948258 -0.03728702 0.100396514 -0.0042784903 -0.016202338 0.07658304 -0.0957206 -0.023754297 0.06691774 -0.124310724 0.017496333 -0.024916332 0.0044551226 -0.10476543 0.114263296 -0.02215476 0.09444251 -0.02414693 0.11442759 0.0009832912 -0.10623491 -0.007781851 0.014831083 -0.022457765 -0.06435728 -0.15566744 0.021660658 -0.008598829 -0.08671881 -0.06926174 0.02365272 0.015335916 -0.038188275 0.110040665 -0.057867 -0.050089616 -0.074024886 0.093968876 0.090661034 0.00071026233 -0.07707332 -0.04436606 0.068894364 -0.07434563 -0.0058904164 -0.022797653 0.08520992 -0.091783896 0.10355039 0.012758422 -0.040609214 -0.096701264 0.014581379 0.04132807 0.0153502785 -0.050932202 -0.09340284 -0.025285495 0.025764728 -0.08711766 -0.01937711 0.022361267 0.06894953 -0.04159709 -0.077603 -0.05151464 0.08891169 0.13274771 0.018814242 0.025494847 -0.067996554 0.006671796 -0.11642845 0.0958754 -0.03159769 -0.06042739 0.057937913 0.03206216 0.035731003 0.080516525 -0.010945654 0.078476794 0.040724818 -0.027207762 -0.11189908 0.0015537159 0.05770687 -0.024227208 0.040667832 -0.0041176537 -0.10314835 0.014943322 0.06994977 0.10035346 0.08503576 0.05224281 -0.027256578 0.048191737
0.102598384 -0.008258497 0.20020317 0.12976749 -0.07697381 -0.052217796 0.039461896 -0.022873305 0.090155594 -0.059070535 0.10910884 0.122296855 -0.013039596 0.04416772 0.027009562 0.026404943 0.11357409 -0.0029200928 -0.029087635 0.060088962 0.037919685 -0.12080125 0.012896215 -0.025688166 -0.062268615 -0.09082811 0.005224535 -0.13197896 0.013269325 -0.025107538 -0.04295748 0.025100721 0.08472931 -0.018705485 -0.07715155 -0.00041216696 0.03678442 -0.004079199 0.035423752 -0.037598107 0.012872372 -0.0040112855 0.01628042 0.08159352 -0.071741834 -0.053139295 0.09710315 -0.016848765 0.035267055 -0.14586909 -0.100858346 -0.030323794 0.049312457 0.063378066 -0.066843376 0.03312707 0.087095015 0.0021308977 0.065084554 0.09775433 0.0733715 -0.029828146 0.11028885 -0.0038510773 -0.06500628 0.11691139 -0.11961401 0.10124388 0.014466606 0.042414505 -0.11235846 -0.064652346 0.030479485 -0.00904631 -0.03719501 -0.09737985 0.0766261 -0.0031970148 -0.0824733 0.112748325 0.050521124 0.048878066 0.06579997 0.035937656 -0.14912812 0.093859896 0.09119259 -0.058808446 -0.067164645 0.08743878 0.017860519 -0.010942257 0.0549472 -0.057149503 0.09183495 -0.08735556 0.09744166 -0.022524472 0.039400876 0.06351026 0.12372843 0.073306516 -0.020017903 0.019913545 -0.046575464 0.10064434 0.019131117 0.06644859 -0.0056759147 0.11281941 -0.057606433 -0.0115076145 0.035984583 0.08751714 -0.05273509 0.07471927 -0.0044867704 0.020889644 -0.059455696 0.03838663 -0.083639614 -0.04131911 -0.03930322 0.10832976 0.0030614273 -0.008175369 0.041276157 -0.09255581 0.09044155
-0.07095066 -0.049075037 0.055039644 0.03579566 0.061523233 -0.21314341 -0.0050650714 0.030462714 0.054935187 0.07556916 0.04488809 0.1277933 0.08529115 0.019203084 0.056385677 -0.05994216 0.021700488 0.0683144 0.017828584 0.03014618 0.08776408 0.10944027 0.08601614 0.0847828 -0.0354024 -0.018978843 -0.014876936 -0.0083338525 0.05047643 0.11306259 -0.02707935 -0.08562709 -0.05816397 0.07890089 -0.0653992 -0.009721197 0.007139349 -0.026954647 -0.0036226066 -0.0009257603 0.046252917 -0.010382409 0.057649117 -0.07782321 0.12887833 0.0050515514 -0.14177978 -0.028691571 -0.1177849 -0.023036659 0.16464485 0.11127452 0.057267148 0.056312487 -0.060142457 0.018503638 -0.035293255 0.019834865 -0.06241271 0.0039825253 0.1362639 -0.051886912 0.045921028 -0.026532125 0.02863361 0.0816643 0.07489985 0.12201846 0.029443668 0.051671296 -0.05696856 -0.08655988 -0.02072549 -0.021005116 -0.027366737 0.066099025 0.01381744 -0.06252612 -0.029611737 0.035138525 -0.006227116 -0.038510352 0.011004341 0.048624218 -0.097619526 0.08313651 0.11294351 0.14715251 0.045538016 -0.052061252 -0.04428094 0.04950383 -0.008158989 0.05536715 -0.08563491 -0.014087032 -0.029353753 -0.10042399 -0.04550594 -0.060894407 -0.009658356 -0.002792591 0.047214247 0.028991701 0.10744127 -0.03813262 -0.118237056 -0.03055592 -0.0706568 -0.033476003 0.07236183 -0.0020919116 -0.03417799 0.12772475 -0.03360641 0.08849876 -0.011332569 -0.02776245 0.08278147 -0.018368827 -0.015565021 -0.035087336 -0.05316779 0.054383636 0.042882502 0.056626085 -0.09655194 -0.050755776 0.038327634
-0.09064359 -0.10037596 -0.13023613 -0.011853133 0.051416054 0.10258197 0.071056046 -0.091485254 -0.014467404 -0.029002912 0.080002874 -0.075786136 0.005822901 -0.0023974145 0.12372082 0.03967377 -0.025683621 -0.085257836 0.07121951 0.022056015 -0.029478954 0.05982608 0.01731391 0.091461025 -0.033289835 0.117708325 0.030754153 -0.012421736 0.014852268 0.04318427 -0.100353815 0.0770663 -0.043177295 0.0601449 -0.06651276 -0.02672767 0.034237653 -0.09751879 -0.051427763 0.08297107 -0.09967519 -0.044974864 -0.0494004 0.018340444 -0.076198965 0.13070454 0.12171224 -0.12952027 0.0133559285 0.12091334 0.089275934 -0.10110568 -0.10997374 -0.08892746 -0.06615393 -0.015817346 0.029521817 -0.118478395 -0.0053609703 0.035491537 -0.033391707 -0.08913287 0.08576413 -0.026678331 -0.048667178 -0.05954305 0.07085569 0.014281621 0.074267805 0.04221241 -0.044040404 -0.015792117 0.024224682 -0.023539258 -0.09004354 -0.07884501 -0.108027436 -0.081682794 0.026216313 -0.13535039 0.036102243 0.11351009 0.050135035 -0.016424246 0.1375569 0.08216288 -0.10444071 0.01477661 -0.017622672 -0.036150426 -0.09747597 -0.066625096 -0.017180793 0.01089936 0.033156198 0.024558997 -0.09691335 -0.0062715937 0.13297832 -0.053703394 0.016059699 0.029788112 -0.05576468 0.07364685 0.05906906 0.04351257 0.008987397 0.07095634 0.029908001 0.010742594 -0.022833431 0.0026168553 -0.09556441 -0.03786847 0.09796618 0.025518915 0.111612335 0.06460634 0.056232598 0.057397872 0.1174267 -0.030342178 -0.019893456 0.03699564 0.08252034 -0.045548838 0.084572494 0.08132473 0.113203235
-0.057898525 0.019630129 0.102198906 -0.056872122 -0.043941315 -0.10032487 -0.053378414 0.081281595 0.009963503 -0.038148813 -0.072885625 0.160886 0.05422329 0.07813919 -0.02822966 0.12059103 0.03235361 0.08464484 0.01704987 -0.028842732 -0.10023355 0.08782165 -0.013356284 -0.10297315 -0.08130007 -0.08554005 -0.020287793 -0.02148392 0.033194073 -0.00310971 -0.028224343 0.21002112 0.004692083 -0.003527075 -0.055687703 -0.032894667 0.001673691 -0.07162677 -0.11254372 0.05510677 -0.035706606 -0.037348382 -0.030083304 0.109422706 0.0052210535 -0.020911288 -0.11036107 0.04053958 -0.045526613 0.047298323 0.0178597 0.03358379 0.072853945 0.06857534 0.00013308767 0.06740102 0.0719267 -0.08488565 0.09976772 0.13095298 -0.05111933 0.07783422 0.058160685 -0.05201226 -0.031451575 0.042168226 -0.11921812 -0.033084854 -0.06917365 0.10178459 0.089164585 0.09090101 0.0138804 0.05730092 -0.020882543 0.09944605 -0.020107266 -0.010922351 -0.1092394 0.054440297 0.0912218 -0.04589433 0.058170367 -0.018412419 -0.006856997 -0.015481817 0.047276072 0.04694366 0.095811434 0.09027243 0.06646643 0.06030728 -0.02601907 0.10349044 0.055940025 0.044759154 0.05393178 0.08167417 -0.068764634 0.013453047 -0.0688764 0.028991265 0.04843717 0.08469897 0.074984744 0.03211041 -0.061783124 -0.008804175 0.022317825 -0.06652688 0.065174565 -0.005752685 -0.08207828 0.0998847 -0.00204257 -0.010725623 0.027985338 -0.05416582 0.09743862 -0.024029898 -0.080282085 -0.048498083 -0.08064884 0.011380349 0.101560675 0.0553207 0.05593614 0.103837244 0.063876845
-0.013536718 -0.03721763 0.119934104 -0.10143726 -0.12179302 -0.044348735 0.12779336 0.061273232 0.12154862 0.10598089 -0.008544307 -0.0056112884 -0.09163307 -0.09212158 0.13285244 0.0023332958 -0.010655036 -0.043295857 -0.08886664 0.04793505 0.0716702 -0.0020228114 -0.0027089731 -0.03329414 -0.010612354 0.03098331 -0.064991206 -0.027316518 0.08411878 0.05886152 0.025205482 0.03913016 -0.028099177 0.017231328 -0.00112153 -0.022199374 -0.02007953 0.065599255 0.02911776 -0.06989882 0.09414525 -0.03562608 -0.026554318 -0.07435019 -0.0016505223 0.06922727 0.05781414 0.046423085 0.14652264 -0.09397258 0.031324707 -0.17542593 0.030844292 0.030377617 0.04632973 -0.10908132 -0.07052861 -0.00043952372 -0.035592526 0.076757394 -0.042803515 -0.03132492 -0.07197238 0.08862609 0.019596111 0.09888384 -0.035501577 0.049621057 0.09720964 0.02112841 0.008301445 0.016374962 -0.11710369 0.020478874 -0.035719145 0.022647372 0.026570875 0.07272589 0.06321971 -0.14958233 0.060290102 -0.05603163 -0.09791859 -0.01866309 -0.097485475 -0.03495003 -0.11838092 0.006153144 -0.0060173357 0.0076346244 -0.027853914 0.0032714212 0.018898576 0.02555515 -0.028536638 -0.09577401 -0.06337651 0.06554596 -0.0057916534 0.065475374 -0.015446952 -0.09272404 -0.02520332 0.06114229 -0.030938324 0.11861274 -0.031698518 -0.117329314 0.008417059 -0.065851174 0.045094807 0.10202333 -0.08952742 0.15236908 0.0119562335 0.0075264946 -0.06142656 -0.008164228 0.005408387 0.03690652 0.067751125 0.025807843 -0.03379221 -0.08037713 0.06563247 0.04987465 0.03801194 -0.021332147 0.07336694
0.072707094 -0.01099861 0.13060875 0.04775177 -0.016963264 -0.0030648399 -0.034526587 0.027525632 -0.05949157 -0.07750757 0.077247 0.040258434 -0.10327244 0.019452767 -0.1613462 0.04689895 0.057703365 0.031021407 0.059969563 0.10066969 -0.046669506 -0.02780713 -0.005758334 -0.00598843 0.003660645 0.034481473 0.050774872 -0.014149779 -0.0811991 -0.07304499 0.07858335 -0.026204363 0.017080221 0.04651524 -0.060203444 0.01928128 -0.054210126 0.0764674 0.0011219976 0.057726253 0.042239107 -0.0023280154 0.07758725 0.043703564 -0.077762865 0.021378228 0.09849443 -0.061950356 0.0006535769 -0.1256863 0.03477491 0.047080927 -0.055904828 0.062821954 -0.06607213 -0.07213894 0.019998023 0.07709604 0.058961146 -0.0049808403 0.10274289 0.17593507 -0.0022636615 -0.0337823 -0.00085384015 0.078845575 -0.042490594 -0.06810936 0.043846805 -0.014084548 -0.123702705 -0.07223528 0.07477728 -0.012646449 0.02209897 -0.01624367 -0.0010758673 0.06992366 -0.03559343 0.030989487 0.03313864 0.02323108 -0.04624916 0.0019836766 0.022760963 -0.100599 0.00996196 0.0771906 0.0149892345 0.03174279 -0.072422415 -0.050514027 -0.020624436 0.075721085 -0.019612957 -0.061809603 0.01156184 0.04460674 -0.02866849 -0.021991862 0.020511834 0.012087831 -0.047487646 0.019110918 0.100450374 0.12014978 -0.033709515 -0.06483721 -0.003210318 0.07260631 0.08994174 -0.020166438 0.0117158955 0.045854554 0.003232008 -0.12691545 -0.084266335 -0.09129021 -0.017682172 0.03410569 -0.04489605 0.025843006 0.08662769 0.112504475 -0.115675814 -0.046073798 0.033751883 0.07393863 0.04844272
0.0048374017 0.01964308 0.017286737 0.089174464 -0.104481414 0.10736053 -0.04986472 0.09036111 0.07101165 0.09886146 0.058246437 -0.14752439 -0.043186255 -0.04664683 0.11058437 -0.028021133 -0.0050982027 0.0825074 0.037622478 -0.08071928 -0.07793944 0.087507345 0.058792558 -0.005761502 -0.034153525 0.025118068 -0.009933034 -0.030927718 -0.055969052 -0.0440857 -0.04965624 -0.038436983 -0.02314202 -0.089799546 0.05857462 0.031785034 -0.06282083 -0.09433431 -0.05110249 0.083518706 -0.017532459 -0.04691075 -0.019304466 -0.016389202 0.051443145 -0.00027354588 0.047338888 0.054222368 0.0133613795 0.03390912 -0.033034768 -0.052474886 0.014026173 -0.020577447 -0.04458593 0.088437065 0.05689604 0.037883513 -0.015551209 -0.04481467 -0.15278962 0.00405732 -0.07400587 0.07590416 0.027704999 -0.097914085 0.067218885 0.005557224 -0.087383494 0.026334861 0.036518127 0.009301418 -0.0746495 -0.12273313 -0.061773747 0.01586544 0.116654865 -0.006379717 0.035390772 -0.031550515 -0.08970893 -0.08900745 0.085897304 -0.023956738 -0.008477115 0.118081406 0.00042434988 -0.07647726 -0.014137119 0.081197195 0.021328075 0.03492888 -0.017553978 -0.087243214 -0.026176794 -0.014417008 0.10974572 -0.06334863 0.0025365583 0.038422965 0.033971827 0.12932053 0.020500416 0.11249886 0.03605883 0.03321628 -0.11552627 -0.04921392 -0.10443246 0.018047059 0.045334123 -0.12545554 0.080855064 0.08405375 0.07508222 0.12418611 0.004923648 -0.03382686 0.0024161045 -0.025039801 0.022144817 0.058391493 0.023451697 0.055968557 -0.039676778 -0.015418261 -0.01363974 0.028178759 -0.010467291
-0.119600266 0.0764706 -0.052463364 -0.014509243 -0.054622263 -0.08323889 0.0358031 0.07887926 -0.07329219 0.11120171 -0.09362187 -0.06683006 0.12549157 -0.07438365 0.08781862 -0.036556 0.0015587445 -0.079244666 -0.048869506 -0.083104104 -0.039505553 0.07338443 0.068742424 0.07500427 0.02043568 0.101266496 0.10182018 0.05775957 0.079688266 0.006318701 0.054595467 -0.0252088 -0.026777063 0.029961487 0.014300584 0.056308992 0.07590361 0.060411744 -0.03137057 0.0047733327 -0.0013415574 0.122618236 -0.09544991 -0.10464898 -0.012070549 -0.03734994 0.13793328 -0.07356448 -0.053729914 0.14323808 -0.07039957 0.03400319 0.006479757 -0.08901489 -0.033968646 0.08106819 -0.018180093 -0.08996956 -0.047122844 0.009759399 0.014666031 0.0065681566 0.0928635 -0.020860003 -0.066330686 -0.0034063812 0.04532685 -0.08981142 0.034657225 0.109785326 0.0004703177 0.047117233 -0.03213382 -0.12529749 -0.034385372 -0.014690743 0.028738214 -0.019117383 0.016483221 0.034875967 -0.10584225 0.034164634 -0.012051903 0.010548124 0.09309618 -0.07056656 -0.053361572 0.052347437 0.045992352 0.116250455 -0.03675157 0.07504742 0.07279823 0.025229178 0.092359595 0.011856256 -0.017282857 -0.084936604 0.023566108 0.022394728 -0.092994764 0.026126998 0.094982274 -0.04473945 0.05642981 -0.13406757 -0.102870256 -0.056163117 -0.047422618 0.06308301 -0.044075172 0.10447561 -0.06437875 -0.055995774 -0.07095108 0.043224484 0.03820123 0.014265099 -0.07441929 -0.035561077 0.031402722 -0.028891845 -0.03276908 0.07606141 0.07044318 0.088604435 0.025493702 -0.09207137 -0.10037158
0.048502803 -0.03141458 0.094910994 0.027129563 -0.017181674 0.017991818 0.016092936 0.07786781 0.0168577 0.009545383 0.07446067 0.10329944 -0.0041411016 0.09390978 -0.015968988 -0.058741927 0.07942733 0.086911514 -0.037035998 0.087944634 0.061866786 -0.10082393 0.10228316 0.07687868 -0.0061970633 0.046245497 0.054835644 0.040752858 0.0139248725 0.012260383 -0.023219705 -0.08221535 0.100350834 -0.017071031 -0.11402204 -0.06221214 0.061763708 -0.082724474 0.037115317 -0.04179049 -0.004510314 0.045666277 -0.05181326 0.044968512 0.043505404 0.057309307 -0.033459313 0.088441834 0.090300605 -0.100974135 -0.053890623 -0.11545857 0.093020216 -0.021880368 -0.0014771274 -0.03325485 0.056344267 -0.059707418 0.100761175 0.10166906 -0.097142525 -0.03374223 0.00059922674 0.06025816 -0.07926932 0.06884559 -0.037344735 -0.041983657 0.03091372 0.042471904 -0.022649003 -0.0023640394 -0.05110872 0.008549027 0.05014533 -0.036592767 0.009735041 0.1563165 0.05077871 -0.0656351 -0.033936165 -0.014103204 0.07296513 0.14954288 -0.14228855 0.09589792 0.021967879 -0.060473423 -0.07955173 -0.060074408 0.074283876 -0.00106601 -0.09772365 -0.08824432 0.039653447 0.059537373 0.12816252 0.08887981 -0.07554437 0.045927446 0.090435445 -0.069017224 -0.00033905802 -0.07382133 0.008909514 -0.06332587 0.10116945 0.058282573 0.12448115 0.074939206 0.09748258 -0.00705025 0.071368255 0.033485107 0.06542954 0.06471334 0.05832597 -0.03744827 -0.054131974 0.0093122935 0.0058848313 -0.019077115 -0.06972765 -0.05520805 -0.042761583 -0.10520208 0.009210657 -0.022382123 -0.04064344
-0.010214689 0.0071354345 0.16485362 0.08345357 -0.029075624 -0.0849891 -0.092213064 0.12665863 -0.059255768 0.0049175904 0.016928198 -0.022615716 0.09518354 -0.07873774 0.08331169 -0.13579857 -0.034910012 -0.046042435 -0.015250064 0.12275947 -0.07476354 0.029599376 -0.029169895 0.06574452 0.033066615 0.05491951 -0.04411078 -0.04046066 0.037176277 0.06160568 0.023334242 0.0562129 0.077327 0.049628064 -0.06532298 -0.0068865344 -0.13239372 -0.049589373 -0.036155052 -0.06105506 0.02256477 0.051385906 0.08327843 -0.11485489 0.013330338 0.017075703 0.012071745 0.064148985 0.03096418 -0.10649558 -0.0041098977 0.07456327 0.0043463255 0.01230495 0.05490454 0.014183986 0.07348275 0.06746614 -0.082251124 -0.11537544 0.061365813 0.048818372 0.08276777 -0.06682636 0.06917353 0.043512985 -0.07068305 0.0115744695 -0.013146156 0.10223948 -0.093396775 0.0057512363 -0.04547213 -0.07292986 0.09623275 0.043839414 -0.021531362 0.0570976 -0.08995766 -0.06489851 -0.02317448 -0.032582015 0.01142071 0.09340138 -0.020003168 -0.09223693 -0.075645596 0.0997296 -0.068428084 0.05059158 0.070923306 -0.035938792 0.0656785 -0.07247137 0.041511748 0.04197752 -0.006169687 0.021793399 0.06983614 -0.007929528 0.091047265 0.02537479 0.094848454 0.09515728 -0.086069405 -0.06659791 0.04175117 0.0018673083 0.09310611 -0.099368855 0.042039473 0.101122685 0.07364904 0.14085953 -0.06193331 0.07286495 -0.04105466 -0.077024356 0.05662879 0.09963922 -0.07377737 0.026419247 0.005610691 -0.052941747 -0.04888164 0.10454792 0.07301737 -0.023035754 -0.02079093
-0.030126315 0.037387382 -0.14389533 -0.2313721 -0.052152682 0.055340204 0.014534214 0.08577553 -0.067797594 0.033017855 0.062088285 -0.04996727 0.036402974 0.09977036 -0.0022160346 -0.03043387 -0.057002615 0.04823894 0.06234023 0.059004672 -0.0726621 0.106666975 0.05551841 0.03240355 0.019655569 0.03277911 0.091325305 -0.050230514 -0.008032893 0.101669155 -0.056382645 0.053098474 0.02061282 -0.017202236 0.0060236715 0.059148025 0.040332388 0.010005362 -0.008685926 -0.09226749 -0.044617098 -0.044883367 -0.015631432 0.056551725 0.013405334 0.045757737 -0.16516668 0.08307261 -0.026267104 -0.015657982 0.011052035 -0.075416684 -0.034293346 -0.101499505 -0.016982397 0.057326473 0.051404003 -0.0047610602 0.022636667 0.122088 0.017081622 -0.0474495 0.08133671 -0.031245435 0.012345729 -0.06337886 -0.010024235 0.0741105 0.08994127 0.076360226 -0.0015720184 -0.0037030866 -0.05114156 -0.042139083 0.09057527 0.023630183 -0.036849193 0.05467111 -0.01788082 -0.078081354 -0.011407179 0.09883566 -0.021908073 0.029966192 -0.033902954 -0.007929428 -0.008365809 0.030076206 0.108603716 -0.05211834 0.08891819 0.034904636 0.06902076 0.0348022 -0.09876769 -0.012289275 -0.106410205 -0.012326478 0.14643465 -0.059389297 -0.018364716 -0.11047997 -0.042291883 0.040017497 0.011058723 0.089632906 0.023059005 -0.038893275 -0.04539062 -0.025834521 -0.010345067 0.0649779 0.011208962 -0.0050785732 0.0506398 -0.05009883 0.064849645 -0.039731357 -0.068335935 -0.07310208 0.0902723 -0.03858096 -0.029686706 0.032571897 -0.101233415 0.087966464 -0.058354344 -0.06743785 -0.002193533
-0.14355107 0.069056466 -0.12573795 0.07961406 0.063858986 0.023995657 -0.08587623 -0.06252242 -0.09717501 0.07911441 -0.026665313 -0.1551723 -0.057242565 -0.05165312 0.10923409 0.009936171 0.060558237 -0.029698286 0.023373382 0.054268282 -0.08438983 0.048061382 -0.06552395 -0.08765142 0.0731709 0.006369177 -0.031803522 0.00448247 0.036089465 0.10098381 -0.011575095 0.013317677 -0.07454387 0.06284128 0.07613556 -0.07099302 -0.07829445 0.08899531 0.025262894 0.0949077 -0.11162429 -0.04142303 -0.03850703 -0.012929995 -0.08640807 0.073942736 -0.058321547 -0.10879838 -0.028471421 0.11582902 -0.051497143 0.046967953 -0.105966374 -0.0839865 -0.019580165 0.016424216 0.01406544 -0.079039 0.0069102505 -0.08255819 0.064159125 0.044137537 0.03061844 -0.053276923 -0.09629827 -0.02807363 0.09563404 -0.034625445 0.082999095 0.02315657 0.04615367 0.053265747 0.09262663 0.04143187 -0.11560136 0.07929707 -0.11792212 0.08527066 -0.027844774 -0.12080533 0.04888704 0.12512158 -0.050465334 -0.103952646 0.049470652 -0.024756612 -0.104910046 0.054220207 -0.07366231 -0.096136406 0.08375917 -0.053087275 -0.03450693 -0.034684427 0.028134966 0.048090972 0.024263792 -0.030659545 0.08776083 -0.036023315 -0.066976234 -0.003231796 0.02513008 0.078563415 0.046562605 -0.02983959 0.042564195 -0.099634245 0.020490453 0.036963955 0.066705704 0.02104387 -0.14471118 -0.0758063 0.054419268 -0.040021528 0.039773144 -0.009479084 -0.0697268 0.06600657 -0.05038643 0.07521631 0.041350335 0.07899738 0.019911088 0.07535186 0.00794637 0.02827728 0.024036009
0.04496361 0.027478002 0.003440215 0.14099683 0.033584002 0.09591976 -0.04097848 0.07217079 0.050170116 -0.042808887 0.039426714 0.0537568 0.025661748 0.058881555 -0.03998491 -0.029418504 -0.045379378 -0.077012956 -0.0517841 0.0025938603 0.0036337194 0.030731313 -0.04324268 0.07930253 0.015587892 0.08666396 -0.018491948 0.024766013 0.13012397 0.06049315 0.027028076 0.03516967 -0.0836405 0.051739015 -0.075485356 -0.029513095 0.007654427 0.10107483 -0.080845214 -0.0373309 -0.077713974 0.05709499 -0.043835998 -0.040794462 0.088067465 0.07670246 0.11372272 0.052448567 -0.045725428 0.20471649 -0.033809874 0.03038712 0.05824482 -0.051153623 -0.014981655 0.04457343 -0.035432026 -0.0688111 0.013679105 0.034545615 -0.07339482 -0.075478695 0.05353752 -0.07012573 0.016746117 0.053461242 -0.09974853 0.058420897 -0.035557177 0.065629706 0.035325207 0.06638849 0.10570182 0.10470563 -0.07243816 -0.06450542 -0.07779242 0.032341577 -0.061575256 0.09865555 -0.055816963 0.0689537 0.11315937 0.048147194 -0.06611662 0.045084063 0.10185095 0.02469235 0.031228425 0.0067775035 0.050637215 -0.017416038 0.027269635 0.049167912 -0.0933224 0.04549235 -0.04949621 -0.047676705 0.08609321 -0.110519886 -0.1362122 -0.09815799 0.07669646 0.038340885 -0.06927692 -0.087895006 -0.07574805 -0.059468683 -0.054603126 0.08701256 0.0024169714 0.012447112 -0.012886787 0.001946083 -0.05019092 -0.00089064374 -0.05459071 0.030089494 -0.10282031 -0.061007157 -0.039124 0.090180025 -0.03544018 0.060742587 0.07941744 -0.046310045 0.08261761 -0.001555393 -0.015581477
-0.056372326 -0.060622815 -0.1339278 -0.21981612 -0.039922986 -0.13611226 -0.05691801 0.02292431 -0.08432702 -0.08464357 0.08799684 -0.07902179 -0.09087651 -0.016996693 0.08098468 -0.047617387 -0.08645052 -0.07395934 0.0616332 -0.03265497 -0.02297441 0.034725342 -0.040639747 0.086449824 0.11515164 0.052916285 -0.01679662 0.076433 0.013386069 0.067868255 0.048050437 -0.0775633 -0.043062788 -0.08444249 -0.059573535 0.097221926 0.012173297 0.08180873 0.09279265 -0.015061437 0.058598846 -0.021844452 0.094627395 0.015124258 -0.09152961 -0.07936594 -0.16542622 0.12387087 -0.049562223 -0.009850336 0.09083939 0.07565776 -0.043031182 -0.07150903 0.06643895 0.05824272 0.11035239 -0.06967062 0.07734017 0.12118555 0.007903328 0.08429793 -0.10489941 -0.0071957856 -0.010954412 0.014703722 -0.049430758 0.08862752 -0.050735317 0.03539625 0.041212343 -0.050894864 -0.027718045 -0.033514153 0.06625682 0.08893567 -0.0048038457 0.048216734 -0.0013677627 -0.034830812 0.0608141 -0.10939882 -0.09614491 -0.09803813 0.0848639 -0.055398736 -0.005382697 0.056729734 0.08209644 -0.05590092 -0.020709872 0.12661728 -0.014275723 0.033894982 -0.042833284 -0.03717483 -0.119439945 -0.1667752 0.048220396 0.09421538 0.08305743 -0.05031885 -0.065203 0.09050143 -0.026232084 -0.016570147 0.05516995 0.059167594 0.018597357 -0.07174156 0.022114545 -0.054137304 0.11052691 0.048573647 0.009359796 0.03836172 0.034646004 0.096597314 0.051232047 -0.0045171743 -0.08170787 -0.014676808 0.048702594 0.03128071 -0.048734482 0.049909867 -0.118970096 -0.032133996 -0.1066497
0.010865923 -0.050792966 -0.0652583 -0.00095849513 0.107831515 -0.056271546 -0.016035369 -0.0049885423 -0.0009324416 0.09546878 0.050758053 0.040535454 -0.0223009 -0.08928256 0.019033203 0.027681204 -0.069161974 -0.076844305 -0.044935208 0.024799231 0.12034669 -0.015683938 -0.09563848 0.0050881933 -0.033580273 0.002110312 0.08003742 0.05610537 -0.05386284 -0.05184985 0.05101243 -0.021790965 -0.032688163 0.07528099 0.08755435 0.08609833 0.009964248 0.0039294763 -0.0011924721 0.0680166 -0.0046304376 0.10506412 0.05931366 -0.007956016 0.07238861 -0.016196435 0.09180908 0.07643272 -0.016001103 0.17448325 0.086633615 -0.045838077 -0.1093597 -0.049779154 0.09264608 0.028877672 -0.10625104 -0.03858311 0.009737107 0.08272422 0.011325988 -0.02972885 -0.041550543 -0.047383036 0.09571279 -0.058370315 0.03390694 -0.019938821 -0.0009990714 -0.068263315 -0.010413259 0.03655594 0.01836802 -0.072894305 -0.03160377 0.07127774 -0.02521834 0.040783565 -0.07352224 -0.00801743 0.00019006277 -0.0022191254 -0.0038168991 -0.15837829 -0.045183823 -0.07762662 -0.06691611 -0.028024994 -0.015342232 -0.030548146 0.024602277 0.09935922 -0.035538144 0.075010054 0.023028776 -0.010465983 0.06426266 -0.03809827 0.013880906 -0.15610395 -0.053258453 -0.03275614 -0.0001062909 0.02443855 -0.06651919 -0.05736905 0.039081242 0.10319627 -0.08717894 -0.053792983 -0.040606502 0.03475671 0.018389324 0.0013986782 0.09712891 -0.060344335 0.10576423 0.07731178 0.060473695 0.017934017 -0.09736625 -0.051843613 -0.042006925 0.077526964 0.06238632 -0.02815028 -0.0009878967 -0.037892688 0.029645832
-0.06576597 -0.077200994 -0.13369276 0.0032471782 0.117051 0.053809725 0.037733965 0.12719177 0.022863897 0.02994108 0.05645758 -0.08087954 -0.013477406 0.07823189 0.05117204 -0.04145079 -0.023541274 -0.06828702 -0.0010358472 -0.08578895 0.0069000493 0.020869026 0.012955176 -0.036072467 0.018633138 0.021335896 0.0049346425 0.06728549 0.049873322 0.03955568 0.05996824 -0.018202329 -0.04591633 -0.012579415 0.063020386 -0.075869806 0.0027402656 0.033193767 0.07122806 -0.07740569 -0.0034423592 -0.021116812 0.019272136 0.1281443 0.06444515 0.053440373 -0.060078565 0.024903111 0.000004311065 0.026508495 -0.03876783 0.08799264 -0.025752032 0.0010906784 -0.013347054 -0.0843136 0.036476113 -0.04314037 0.08166235 0.11938773 -0.027286429 0.022077149 0.020156149 -0.098808 0.061557945 -0.10869519 -0.05765082 0.06116321 0.011877263 -0.027176986 0.11628515 -0.10779995 -0.060846776 0.044298757 -0.047343537 -0.0031169008 0.05319443 0.07621584 -0.08063106 0.095397495 0.070834585 0.11004684 0.09859218 -0.04343153 0.0011470732 0.10183768 -0.025398139 -0.06605021 0.035326708 0.13997342 0.05163012 0.012744607 0.050381616 -0.1025551 -0.07505468 0.047926936 -0.11096057 -0.09055515 -0.04981595 0.041837573 -0.054545864 -0.08496376 -0.06023854 -0.07415776 -0.123625435 0.010185124 -0.069708176 -0.054286633 -0.1069754 0.10874417 -0.04140569 0.014712195 0.026018206 -0.09157089 0.07318107 -0.021872535 0.09962958 0.0069130356 -0.0011730036 0.0046319957 0.10858268 0.00053038396 0.031189626 0.038606565 0.04110348 0.07412679 -0.06846847 0.010850956 0.020273427
0.011429696 -0.014762315 0.08903419 0.010254353 -0.09758576 -0.06252641 0.008530756 -0.03662189 -0.025470885 -0.012444891 -0.010217492 -0.072052024 0.0022452378 0.022235662 -0.10762271 -0.07238648 0.0751435 0.025530053 -0.029380042 0.083362415 0.07697911 0.018421924 0.021668272 -0.015162364 -0.04468033 0.00037796213 -0.10222918 0.1158778 -0.015115412 -0.11499313 -0.038825482 -0.10375923 0.068288945 -0.082170755 -0.0017688107 0.046858944 0.09094785 -0.011536047 0.058647998 -0.05028808 -0.053405996 0.056098957 -0.04692255 -0.086399496 0.06719735 0.0067299427 0.033746466 -0.02242158 0.016775407 -0.056889206 0.079017535 0.08649299 0.05296803 0.028618552 -0.098272435 -0.06853991 0.010803881 0.09617003 -0.107602395 0.10459461 0.046357464 0.1808855 0.08675694 0.11474273 0.10670801 0.044930212 -0.002142203 -0.013171463 -0.070805274 -0.09303298 -0.08140889 0.0067714937 0.08688042 0.07089924 -0.058606755 -0.027950836 0.061118856 0.085840784 -0.04778936 0.009293715 0.06528792 -0.053805258 -0.01982805 0.04945203 -0.0038195131 -0.03202871 -0.0034311817 0.007837459 -0.0122257555 -0.07739421 -0.093738556 -0.09301681 -0.07205016 -0.054316815 0.048528578 0.01966159 -0.041978426 0.06457618 0.097794496 0.01520484 0.09395123 0.077358805 -0.013352583 -0.023556031 0.14681461 -0.050006248 -0.015138979 -0.00065631606 0.097770125 0.13067585 -0.06336587 0.04996044 0.058748428 -0.09134643 -0.059596714 -0.038968727 -0.085401595 0.06994463 0.08679501 -0.0101945 -0.048158176 0.04301651 0.043784898 0.091151655 0.040331718 -0.03489044 0.059556354 -0.049666457 0.117146604
-0.12153581 -0.038947646 0.024296653 0.06457731 -0.04217853 0.045273595 0.036947418 0.051776685 0.07254062 -0.05540538 -0.09040009 -0.12418653 -0.088187106 0.0111261355 -0.06698433 -0.041579492 0.038252357 0.0346168 -0.010717165 -0.083992 -0.06844255 0.031634126 -0.02565225 -0.07121633 -0.028708307 0.10481388 0.025515579 -0.1067651 -0.10671973 0.07474522 -0.057837214 0.010750046 -0.08621198 -0.0032745209 0.08148193 0.056619 -0.12261063 0.06543561 0.040066145 -0.02925444 -0.018220976 -0.061343588 0.04211107 -0.058237363 0.017497823 -0.05593162 -0.066653885 -0.060750004 0.09152865 0.0047931424 0.0821598 -0.022942571 0.019578565 -0.06412888 0.056260668 0.050209012 -0.0010431184 0.070963 -0.11814717 0.0062100952 0.101806276 0.02439975 0.054978326 0.118467696 -0.096143745 -0.047481902 -0.059604015 0.050164506 0.08785302 0.07040696 -0.057133354 -0.058096558 0.007126458 0.025213838 -0.020128643 -0.06444328 0.047008067 -0.08672696 0.06557439 -0.12310456 -0.03603448 0.10974205 -0.042416055 0.018246194 0.069218576 -0.09566819 0.016030809 0.09741541 0.05940081 -0.1314902 -0.032658316 0.005561127 0.0348919 -0.06647801 0.03231751 -0.0010081725 -0.0820261 -0.03116343 0.12232694 -0.09284286 0.0024310346 0.044578325 0.05085297 -0.09898236 -0.11158686 -0.1107376 0.08244856 0.056037433 -0.0034878126 -0.19014935 0.05724838 0.12386957 0.011544189 0.050178144 -0.02665109 -0.21630175 -0.05939744 0.05584761 -0.043915577 0.06781415 0.04622809 0.07270671 0.0036362794 0.081510045 0.052896466 0.07745979 0.013756455 0.08819482 0.06860941
0.104128495 -0.08132891 -0.06527472 -0.0045130695 -0.030212793 -0.031682122 -0.018816631 0.01651481 -0.05955861 -0.05527306 0.014756958 0.0051650004 0.033758875 0.006388738 -0.059714984 -0.03821014 0.038200382 -0.044130377 -0.08180752 -0.057500526 -0.015612954 -0.023226425 -0.037095718 -0.0013299051 0.030621665 -0.09080786 0.078866 -0.018751651 -0.030521393 -0.054046724 -0.02131602 -0.029084543 0.090159945 0.02167113 0.08101663 -0.005672126 0.1479386 0.039390713 0.091356955 0.08812142 0.0327653 0.12294571 0.03880019 0.06535517 0.048292898 0.080242254 -0.040460493 -0.14458993 -0.036028977 0.073534824 -0.023924055 0.052412707 -0.01979406 0.108995155 -0.07279852 0.016108247 -0.013726159 -0.06773568 0.03036679 0.058388375 -0.100717306 0.07090387 0.021412864 0.02377565 0.03979466 0.09370517 0.086967014 0.02573434 -0.1097444 -0.10920021 0.0125691015 0.09200421 -0.028392911 0.04522014 0.04679263 0.096275926 -0.013491368 0.0033013807 -0.029409701 0.036236238 -0.07615564 -0.073732406 0.03221376 0.07327659 0.026451549 0.015446846 0.101061925 -0.07053315 0.058101323 -0.055978466 -0.035380352 0.061041687 -0.11785163 0.093496606 -0.079597235 0.09586511 -0.06374047 0.049303066 0.027004724 0.047288977 0.021846266 0.08071911 -0.012201199 0.020431457 -0.052565657 0.03638928 -0.122602426 0.09572548 -0.048046384 -0.03482966 -0.08089689 -0.056651387 0.046721943 -0.029738428 0.018027717 0.015757466 0.014905111 -0.0483744 0.034028657 0.08652438 0.031098668 -0.013619417 -0.0045041014 0.045052536 -0.014666776 -0.023376072 -0.08028208 0.060641237 -0.014397461
0.031568386 -0.013927582 -0.1852227 -0.16340515 -0.034226034 0.023338823 0.041197605 -0.042121716 0.066252954 0.042030588 0.044050336 -0.026800038 0.15609367 0.04514765 -0.033643056 -0.06748542 0.07889158 0.08401996 0.09160687 -0.02878832 0.037619665 -0.054452065 -0.02670475 0.01424353 -0.066509955 0.034714594 -0.023301983 0.04625373 -0.05629821 0.05623622 0.116449915 0.021507375 0.0035890103 0.07223205 0.06301346 0.026317755 -0.08789449 -0.083836585 0.020050246 0.022021912 -0.057387706 0.029093383 -0.08654326 0.065886274 0.09948324 0.046060856 -0.026519401 -0.0587754 -0.11277764 0.04140077 0.1109094 -0.071090735 0.03975608 -0.09510413 0.03247134 0.07516385 0.015235424 -0.027770588 -0.015058882 -0.07108934 -0.031829923 -0.07703409 0.040302873 0.022701018 0.036054756 0.07927517 -0.021000829 -0.016476734 0.116285644 0.027750932 0.04498324 0.074480206 0.095129095 -0.0385157 -0.05726044 -0.045168098 0.02386455 0.07266527 -0.04837063 0.059426703 -0.043819465 0.037929162 -0.033592083 -0.089421146 -0.041773897 -0.096679315 -0.0037835732 -0.026669769 -0.03961933 0.093256764 0.09333768 -0.0141505245 0.024620062 -0.01725874 0.11273869 -0.045567565 0.004540724 -0.036030963 0.06692903 0.08880729 0.010817764 -0.032228477 0.051394176 0.043790847 0.03629203 -0.068993874 -0.087540865 0.053224273 -0.03240387 -0.07058519 -0.010212648 0.07914707 -0.07318761 0.10284572 0.06285278 0.00439039 0.054770797 0.054129865 -0.014469891 -0.08129846 -0.0013808748 -0.040162522 0.06970489 -0.07296292 -0.009255853 0.080618225 -0.06481604 -0.048922967 -0.013575557
-0.106739506 -0.012765257 -0.09812919 -0.086715154 0.07382334 -0.047962863 0.10493166 -0.12849934 0.047149792 0.000085552994 -0.10496641 0.016496185 0.018179623 0.025642209 0.028078662 -0.056393076 0.03243136 0.0741273 -0.094080776 0.08363615 -0.05202399 0.016419133 0.09075682 -0.020158863 0.031179952 -0.021664042 -0.04985053 -0.011025207 -0.1255096 -0.056122947 -0.000063891384 0.10516837 0.104396865 0.046423044 -0.099296525 0.007248788 0.053496756 0.07320593 -0.08744043 -0.09315444 0.06750376 -0.002013098 -0.07096934 -0.04615944 0.040268935 -0.030252567 0.044833545 -0.09437993 0.0883707 0.011030981 0.08868726 -0.023520967 -0.14988008 0.0032019105 0.08796954 -0.050714467 0.042672917 -0.12059308 -0.0026356445 -0.000706396 0.03339508 0.033383373 0.043320674 0.1236071 0.034924 -0.037946917 0.009257009 -0.094667114 0.105586655 0.074738085 -0.0145377815 -0.057643328 -0.0023202712 0.0393012 0.019764872 0.034548942 0.049365096 -0.035278644 0.08362993 -0.14418876 -0.030705243 0.023260277 0.04869005 -0.07010472 0.12986195 -0.019540342 -0.094509214 -0.1015343 0.035621416 0.020354373 -0.038047172 0.11379999 0.020938199 -0.043995902 0.056121938 0.035667878 -0.0336993 -0.034263596 0.009648802 0.049041785 -0.034555186 0.053546846 -0.089377135 -0.047653664 -0.04715561 0.12416212 -0.0070300517 0.056435984 0.10177709 0.044723265 -0.012157669 0.048751917 0.009032925 0.07264064 0.024307406 -0.1526994 0.04477317 -0.011055885 -0.048724867 -0.04842449 0.10163492 0.09857417 0.003573015 0.10825477 0.05722789 -0.05236158 -0.054157212 0.03589086 -0.07072437
-0.12281947 0.044532575 -0.00802524 -0.056559768 -0.06459847 -0.05265866 0.016673114 0.048034847 0.028443875 -0.06992684 0.069830075 0.10960384 -0.03886234 -0.01724613 -0.14349446 0.047131363 -0.024692917 0.07608466 0.00751441 0.027683767 -0.10811528 0.03393497 0.032358572 0.04675564 0.03668401 -0.07872665 -0.026855836 0.1038201 0.13768636 0.06304205 -0.06468879 0.07756425 0.08468602 -0.005386072 -0.07568753 0.049638227 0.0009473107 -0.07320496 -0.00707988 -0.050067503 -0.15377986 0.041371286 0.06624284 0.12452288 -0.027101468 -0.06762399 0.07948722 -0.048307642 0.05813965 0.025513528 -0.04151187 0.08441303 -0.14726412 0.021758212 0.035872906 -0.0072748023 -0.055651803 0.017764868 0.07544668 0.015978843 -0.039122112 0.10964663 0.02411626 0.034408096 0.08815127 -0.019804016 0.066201776 -0.07976141 0.03884366 0.069607526 0.07674418 -0.030587757 -0.01290267 0.0307556 -0.025226079 -0.0013064023 0.0324743 0.01326417 -0.08726557 0.034446865 -0.0077843163 0.05500469 0.08019982 -0.0032141502 0.05045278 -0.09729851 0.07366877 -0.09818219 -0.079168744 0.006749321 0.05297687 0.13129137 -0.009512329 0.023720674 -0.095302165 -0.060033817 -0.09871859 -0.068004176 0.047726657 0.09379208 0.036008514 -0.008842849 -0.0521404 0.038668208 -0.018493306 0.017443934 0.06363125 0.08102463 0.059285805 0.087736 -0.05879164 -0.0013837301 -0.05655257 -0.07521014 0.052441847 0.06353746 0.018381348 0.09785561 -0.03958658 -0.04545724 0.0005849721 0.07225075 0.095681496 -0.0017138942 -0.08436232 0.008465213 -0.022222716 -0.062177036 -0.07385536
-0.07814684 -0.085581616 -0.17753991 0.11118405 -0.042590823 -0.049105838 -0.07542255 0.02080884 0.10995698 0.07409278 0.08724921 -0.07571205 0.08207457 0.035753336 0.01502348 -0.048788972 0.03432411 -0.081482485 0.030316912 -0.094677724 0.077150725 0.033238467 0.10457978 -0.058167808 0.08280863 -0.01601002 -0.036793478 0.098432355 0.12063307 0.063095436 -0.016327266 -0.036909297 0.06209179 -0.034316257 0.06942807 -0.059698008 -0.021635922 -0.06691173 0.08548857 0.03378261 0.07217019 -0.052820746 -0.008954438 -0.08487308 0.06995748 -0.023635553 0.13061278 -0.0376255 -0.0032409953 0.083419785 -0.044283543 0.0062438776 0.015995124 0.0032081667 -0.08355031 0.1025391 -0.08224443 -0.08322085 -0.012023071 -0.02562796 0.065322675 -0.12703317 -0.010332371 -0.046628997 0.061945636 -0.02338703 -0.07147397 0.00020057661 0.032444943 -0.100850716 0.066733725 -0.04283593 0.15058245 0.008607558 0.04819281 -0.08910185 -0.05592975 -0.0076444154 0.04395937 -0.08615239 -0.045123532 -0.03521225 -0.12238413 -0.038449407 0.051582914 0.11168163 0.059156284 -0.077900216 0.08466987 0.034372617 -0.08147296 0.118785486 -0.0196302 -0.030493481 0.10203682 0.08237628 -0.06081245 -0.096736364 0.13267747 0.09277763 -0.051824465 -0.07552582 0.0544888 -0.10396093 0.0077883345 0.018603735 -0.029833091 0.0069089755 -0.012425775 -0.025472194 0.025740912 -0.024614455 0.060353316 -0.12897652 0.03928899 -0.088543564 0.085433245 0.09840277 -0.05887615 -0.0006271 0.020644387 0.0440073 0.0317336 0.04255507 -0.07804648 0.050678603 -0.06625842 -0.036626793 0.09418331
-0.030479653 0.019338258 -0.02274128 -0.14463542 0.07827992 -0.11234988 -0.06128681 -0.010486187 -0.00082060567 0.07655271 0.04500604 0.11299227 0.11819355 0.03345108 -0.08658387 0.019464623 -0.01655956 -0.009649912 -0.098937094 0.00040091146 0.035849202 0.06702718 0.031634394 0.07749292 -0.036927123 0.070538506 0.06941992 -0.123447046 0.107006475 -0.051396947 -0.016580334 0.05832117 0.10817948 0.05728752 -0.069667205 -0.023727342 0.11360892 -0.009408091 -0.06208192 -0.087172784 0.046716616 0.03049611 -0.054517128 -0.0514168 0.01138538 -0.06578417 0.023776889 0.028225515 0.01850703 0.011466638 -0.014407846 0.015625868 -0.053284276 -0.06107666 0.028002206 -0.058017965 -0.17196906 0.032804925 -0.06585432 -0.03211102 -0.06733518 -0.09809365 0.02502322 -0.002113861 0.015827758 0.040295098 -0.06943889 0.0035461804 -0.038302783 -0.05832441 0.055071168 0.07649999 -0.02186215 -0.010266974 -0.005027396 0.023575496 0.09014963 0.06619945 -0.075234905 0.03183144 0.08693645 -0.04457506 0.07368106 -0.10096148 0.06338616 0.030235136 0.0011798989 0.10016522 0.11496679 0.07726887 0.0813814 0.028894905 0.11113507 -0.06947858 0.07064973 0.040954035 0.0020661855 -0.06913309 -0.004294881 0.12964018 -0.059155203 -0.028597863 0.043569446 0.11983462 0.05833978 -0.011349342 0.0039803097 -0.027282676 -0.113966204 -0.070436515 -0.10668355 0.050621297 -0.10715071 0.011275148 0.026878092 0.0535967 0.07248573 -0.06443246 0.03168636 -0.019015353 -0.07629945 -0.038658638 0.013799549 -0.019471448 0.04518525 0.09524453 0.041032676 0.056996424 -0.08315394
0.063735686 0.044319283 0.14861415 0.16971709 0.04847185 -0.10726114 -0.09283075 0.06768127 0.08761572 0.043112405 -0.06359715 0.084494956 -0.048855327 0.037279867 0.05259755 -0.065723285 0.027401209 -0.015804054 -0.012359923 -0.013641898 0.06671733 0.049701985 0.032002173 -0.09468403 0.042923834 -0.017545745 0.046918437 -0.047589447 -0.05336591 -0.10202429 -0.055341084 -0.10278222 0.10516271 0.078671835 -0.0925138 -0.061283216 0.026225733 0.08222599 0.09889391 0.111453995 0.12716202 0.08002321 0.057585277 -0.017503519 -0.069977835 -0.096651405 -0.020543953 -0.070898116 0.047393415 0.058067698 -0.0013420436 0.01697989 0.018185778 -0.014915968 -0.0043485975 0.09231916 -0.076444075 0.12103571 -0.101265445 -0.016270518 -0.007111111 0.04151238 -0.032441728 0.038320415 -0.050050057 0.006657213 -0.027710777 -0.011307936 -0.11423468 -0.04293602 0.08189192 -0.024058163 0.045415882 -0.0013520602 -0.07060657 -0.0076383734 -0.03570565 0.052294265 0.12427954 -0.013804912 -0.002075838 -0.07280871 0.07161802 0.006729045 -0.0012960315 -0.015395056 0.117100574 0.109748535 -0.048789386 0.016784636 0.06718426 0.016969634 0.05102279 -0.086662546 -0.013851075 -0.02177531 0.06716186 0.10718471 -0.0009314658 -0.025849378 0.07165732 0.1324879 0.12723488 -0.031554695 -0.048811108 -0.11004757 -0.05100661 -0.028771471 0.027234375 0.13594098 0.096764095 0.07017453 0.008935617 0.09188509 0.0267998 0.11339633 0.014595445 -0.10005435 -0.08895011 -0.027444577 0.09978728 -0.0069062775 0.07287787 0.027665975 0.072174445 -0.050626382 -0.040762834 0.027843738 0.103514746
-0.03137611 0.011206429 -0.08550056 -0.02725129 0.041803803 -0.08126529 -0.022347597 -0.1112303 -0.06559347 0.061687373 -0.07811955 -0.17353952 0.001119942 0.031340055 -0.0156101445 -0.1183032 0.01601434 0.07154392 0.010606451 0.068053626 -0.055293873 0.06990866 0.08529304 -0.0013175571 0.00023054746 -0.054600853 -0.05968695 0.09425208 -0.06671914 -0.10028187 -0.013971975 -0.055902917 -0.021702908 -0.10130822 -0.005694818 -0.042340964 -0.09764791 -0.058448944 0.083288826 -0.06179729 -0.02041295 0.041781675 0.053614162 -0.09257398 0.09239751 0.10709951 0.08585757 -0.16892485 0.036167257 0.04006886 -0.08137611 0.12748863 -0.03017129 -0.07229003 -0.03625925 0.00647506 0.016963188 -0.12661901 -0.014653834 -0.13014527 0.11632173 -0.078885734 -0.088499606 0.06591964 0.06776166 -0.07750676 0.008434164 0.11019572 -0.0710212 0.04653821 0.0013271222 -0.036490496 -0.004044944 -0.021904241 -0.04168085 0.07269856 -0.020084558 0.041664824 0.026572341 -0.00024552975 0.022934748 0.05708879 0.029387943 0.09971245 -0.027725704 0.030753998 0.033526514 -0.10519476 -0.11357868 -0.08875594 0.060459528 0.058028024 -0.006165156 -0.06678715 -0.06841612 -0.043687284 0.018476179 -0.058421176 -0.0117213335 -0.104897395 0.014753916 -0.06268114 -0.01894213 -0.11147716 0.070810065 -0.1208731 -0.02321333 0.036549266 -0.0152292345 -0.06997505 0.11530413 -0.004927709 0.11062544 0.06637676 0.025750235 -0.085717745 0.045133516 -0.025802251 0.03840258 -0.09681431 0.049307186 0.0058117174 0.11629497 0.025661953 -0.004041094 -0.051676508 0.06406538 0.022266943 0.08736169
-0.058225486 0.049114328 -0.0397258 0.094132625 -0.10548457 0.0025931944 0.09048761 -0.10958614 -0.047218926 0.10171702 0.067776985 -0.12506288 0.14185084 -0.06390406 0.018716995 0.13826698 -0.03301684 -0.05872445 0.10609862 0.03747182 0.0038959007 0.05208692 -0.045592424 0.019105034 0.04584666 0.022577386 0.018728066 0.059472475 0.0021610747 -0.09697594 0.004958911 0.07036194 -0.07269071 -0.011557463 0.046930872 0.04433637 0.14356996 -0.044156503 0.006124988 0.0445154 0.037554372 0.061238315 0.0000043206273 0.022314455 0.012286288 0.013240597 0.054669574 0.03433069 -0.07773914 0.06411606 -0.07185699 0.028216746 -0.0188353 0.033381414 0.056813866 0.08151656 -0.060381327 0.03882407 0.026300333 -0.01977473 0.03922298 -0.041465547 -0.03977746 -0.09013766 -0.09070084 -0.0015688601 -0.10565454 -0.13509917 -0.02911345 -0.038109865 0.027982296 -0.0032138997 0.06483637 0.14021175 -0.055761434 0.0098179355 -0.07628111 0.12428768 -0.04070001 0.06722548 0.0921508 0.061172813 0.06529815 -0.031446345 0.11262962 -0.048428576 -0.013465699 -0.085521914 -0.087755375 -0.040355913 0.055513427 -0.047058 0.10082898 0.03803576 -0.08274281 0.11331153 0.06964438 0.10870331 -0.06679501 -0.08474338 -0.041701917 -0.047978796 0.057987235 -0.013017042 0.07390867 0.044692285 -0.0032817062 0.0016468747 -0.01951931 -0.009543459 -0.0062471055 -0.08294667 -0.09323549 0.03239631 0.058023036 -0.016828787 0.09021187 0.030070504 -0.073916696 -0.02538979 0.037956234 -0.09059288 0.0033813938 -0.033534784 0.013075225 -0.003990836 0.06577034 -0.019662907 0.047405396
0.03197736 0.025332393 0.06763716 0.15899791 -0.095926285 0.041201178 -0.03252423 0.043517828 0.024947666 -0.06535703 -0.028539138 0.009761436 -0.10262376 -0.001222018 0.04307609 0.050226606 -0.055249643 0.05255611 0.015191793 -0.054062825 -0.029723907 -0.11674065 -0.035506032 0.0037350766 0.09693954 0.030134061 0.019447885 0.0076140454 -0.02629765 -0.10386592 -0.076538965 -0.04011156 0.054833535 -0.009477679 0.016770678 0.09316597 -0.018675381 0.00089229236 -0.05811794 -0.009410783 0.0042648236 -0.004218643 -0.07040438 0.084551476 0.076254815 0.05553571 0.033834867 -0.103305876 -0.09431678 -0.11955195 -0.09544473 0.051237877 0.15784922 0.011756591 0.054458052 0.07597552 0.14816439 0.1269728 -0.033635527 -0.08482132 -0.061492555 0.038727928 -0.049017705 0.102647506 0.06681834 -0.054778796 -0.027521143 0.054036364 -0.009566873 0.06940879 0.04456359 0.032902814 0.046713315 0.0057428135 -0.07157228 -0.085445955 0.05530501 -0.01848033 0.033001877 -0.05318324 0.033221476 -0.060015135 0.029026244 0.063756436 0.0069707977 0.01842229 -0.050521325 -0.055341553 -0.03157849 0.025156964 -0.026953122 -0.04462668 -0.07980624 0.065755665 0.019578924 0.06601068 0.12094667 -0.07113902 -0.08065666 -0.04409865 0.09275518 0.091821216 -0.02381296 -0.08289383 -0.005889078 0.023158645 0.0793719 0.05595779 0.014548578 0.05090793 0.081398055 -0.010718762 0.03964287 0.10226902 0.08268587 0.046485603 -0.016149994 0.0063419086 0.08154802 -0.07774145 -0.09075066 -0.008568486 0.021993695 -0.0071347393 -0.08482349 0.07556285 0.07861927 -0.028280651 -0.07697616
0.015730636 0.015402312 -0.040884215 -0.14256547 -0.013871926 0.04106023 -0.05112449 0.09878467 -0.0375397 -0.030725744 0.09609832 -0.12364805 -0.02597781 0.0482097 -0.09361782 -0.09420818 0.055551246 -0.05375595 0.05428203 -0.047056444 0.07474127 -0.11737673 -0.06821635 -0.094867066 -0.017620623 0.029566515 -0.046942018 -0.050159257 -0.11684184 0.08559853 0.12261288 0.11139821 0.01670446 0.029942797 -0.0721105 -0.05931136 0.020661129 0.07261025 -0.058108885 0.0117587 -0.089783184 -0.0530441 0.046493325 0.022859417 0.038148995 0.026090462 0.08917215 0.08991917 0.045930613 -0.039044585 -0.026250094 -0.08165381 0.03815682 -0.047877684 0.04055894 0.025140025 0.04543678 -0.10778503 -0.15658084 0.12062183 -0.028909959 -0.0718894 0.011827562 0.11057598 0.037077896 0.02648429 0.055386838 0.12435955 0.03896403 -0.04003478 0.09742618 -0.037371103 -0.05670674 -0.06638646 0.07740251 -0.023637045 -0.08768692 -0.13547009 0.027137442 0.03384622 0.053441957 0.008842918 0.016086569 0.12561208 0.044121295 0.060059607 0.07787563 -0.014943567 -0.052725807 0.08918939 -0.044822108 0.019385064 0.022934712 0.04283305 0.069373436 0.066135116 0.036839705 -0.09892663 -0.010219667 0.010822017 -0.056563485 -0.011859081 -0.10975005 -0.07455578 -0.044665188 -0.014138119 0.034671642 -0.052157663 0.008869576 -0.154349 -0.06990658 -0.053264197 -0.024451973 -0.124617815 0.10441838 0.1310215 -0.07040749 -0.05265491 0.10136428 -0.054040667 -0.07544979 -0.019639187 -0.04594751 0.07611884 0.09288387 0.08032119 -0.0019533085 0.10551987 -0.061037548
0.098475486 0.04576018 0.15942395 -0.002769194 -0.03454415 -0.008192457 -0.035737026 0.12991756 -0.033301085 0.05650208 0.023600226 0.08697798 -0.105266325 -0.016266324 0.061917976 0.06400633 -0.027905706 -0.016660772 0.09652449 0.0080479495 0.036152415 -0.09581012 -0.0052896314 0.013616293 0.038113706 -0.10666516 -0.065424316 0.0008527133 -0.095378384 0.12527764 -0.023661826 0.07930582 0.09407243 0.027940407 -0.026770469 0.103439815 -0.102256835 0.013973231 0.078708805 -0.09077239 -0.09780494 -0.10083178 -0.01913331 0.00622346 0.042208325 -0.082563445 0.0027311977 -0.08453807 0.022260645 -0.045769464 -0.094206005 0.10223385 0.05344889 0.013389694 0.031733286 0.048174527 0.12779057 0.088336006 -0.05794541 0.002533638 -0.048769694 0.06538758 0.067453414 -0.00024390312 0.026097357 -0.034927797 -0.044693265 0.105498455 -0.04387185 -0.020654494 -0.05555086 0.05019913 -0.020869305 0.031121282 0.07437118 0.06972522 -0.049460277 -0.100736775 0.08502555 -0.08321289 0.07968316 -0.01896514 0.11540131 0.14328946 -0.11690924 -0.027729044 0.08011585 -0.114432834 0.044153694 -0.040097088 0.08994943 0.045639757 0.119266726 -0.054534223 0.015927646 -0.06202278 -0.007093035 -0.046849657 -0.05597617 -0.045403127 -0.05036447 0.058607947 -0.010806528 -0.011021101 -0.09190427 -0.041404378 -0.09173382 0.10430104 -0.108898 -0.117860086 -0.0033666873 -0.06452201 -0.029498734 0.075281315 0.04037664 0.12046364 0.048478205 0.065639384 -0.007174749 0.0008219189 -0.008524985 0.03535175 -0.024837593 -0.017994292 -0.060515523 0.036210917 0.077523634 0.044051386 -0.043972448
0.048447136 0.05052215 0.06357196 -0.050013773 -0.0075399624 0.08243397 0.13416632 -0.045857996 0.03961953 -0.121984 0.018348524 0.080070525 -0.04230681 0.004192427 0.044784587 0.03773172 0.037204396 0.042533636 -0.07076729 0.10684533 0.048551485 0.019879062 0.09184677 -0.0061810263 0.11192894 -0.058469627 -0.05335032 -0.008420504 0.07124428 0.057952546 -0.022710232 -0.0037916158 0.09005714 0.035581596 -0.08155331 0.07130749 0.11661186 0.09144746 -0.055295587 -0.094388224 -0.023050478 0.07208301 -0.05504883 -0.037995663 -0.09536737 -0.08283654 0.083964735 0.09076017 -0.02573994 0.041871842 -0.04111454 -0.066394925 0.03350259 -0.058172755 -0.09612371 -0.14545418 -0.019926464 0.07172041 0.019707175 0.1314695 -0.097371906 0.014534125 -0.03323172 0.1007015 -0.044476025 -0.07452634 0.095391706 0.041538257 0.053293794 0.037886295 -0.09955664 0.010744632 0.04478627 0.1266469 0.01950501 -0.08079657 0.02066129 0.020541003 0.09106323 -0.0047327755 0.004129976 -0.05698633 0.021493578 -0.012534621 0.014851934 0.08727066 0.05543393 0.02326825 -0.08971825 -0.04044696 0.10578859 -0.0598708 0.006398426 -0.064902894 -0.08902956 -0.0690921 0.0624977 -0.0337729 0.002375857 -0.044747744 0.09364385 -0.0444746 -0.07556239 -0.060693283 0.03050071 0.08616872 -0.008149856 0.012217499 0.030348934 -0.0399324 -0.008591629 -0.044213872 0.103746265 0.011209852 -0.08728602 -0.14367007 -0.020540567 0.02680588 0.057790235 -0.031166531 0.074602656 -0.014213692 -0.08323513 -0.06173493 0.0960769 0.0626931 -0.093006395 -0.015537995 0.11995164
0.07479129 -0.01194343 -0.05872877 -0.12914035 0.061156675 -0.09978984 0.070964314 -0.034883276 -0.053401444 -0.07748663 0.11723306 -0.0037661067 0.15577403 -0.026732868 0.021456866 0.03521077 0.044784058 0.02781273 -0.044868656 0.104010485 -0.04715898 0.0153347775 -0.018508632 -0.038281407 0.049182434 0.0105961105 -0.08904952 -0.033680115 0.0015854666 -0.013349556 0.09848878 0.05711263 0.065801896 -0.08093156 0.08002883 0.036631312 -0.023824094 -0.04802249 -0.02379299 0.000199 0.0028585924 0.028424397 0.057766736 0.063994 0.09216824 -0.086298384 -0.009079877 0.021968514 -0.0829936 -0.01369228 0.06219393 0.05166373 0.0073071667 0.076521456 0.029951885 0.080213875 0.031863075 0.07642607 0.0046049254 -0.0035558562 0.0663665 -0.019697703 0.0009715836 -0.051771846 -0.04330938 0.082215846 -0.030326247 -0.08728508 -0.07231601 0.07009464 -0.06437234 -0.019492297 0.030431502 0.01947288 0.075694844 -0.06794155 0.06639853 -0.06850662 -0.08020632 0.11398412 -0.08801146 0.023590522 0.0006172427 0.05933839 0.13139981 -0.09495225 -0.07734266 -0.032685377 -0.026622271 -0.059596717 0.0017798997 0.081354104 -0.06422766 0.0869666 0.016659565 -0.063854195 0.05521951 -0.009500119 0.029429432 -0.090355285 -0.09587973 0.026701905 0.010120526 -0.04393963 0.13708393 0.11365192 0.038368866 0.14219539 0.009102653 0.051289022 -0.029359626 -0.07381048 -0.01966981 -0.0982103 -0.054651696 -0.03339097 0.044697672 0.054222453 -0.07987532 -0.02169826 0.011032161 0.04195472 0.036346983 -0.0034398113 0.09297491 0.08094755 -0.06313865 -0.05893987 0.049966652
0.052119587 -0.0587333 -0.089327656 -0.1293064 -0.0027013225 -0.08012482 0.03920082 0.16225691 -0.06922744 0.024607036 -0.12717533 0.020874385 -0.059936628 -0.018430015 -0.05997285 0.013285719 0.014075246 0.04796153 -0.04347597 -0.023984823 -0.099238016 -0.055881936 0.032975174 0.06320974 -0.086382724 -0.10433253 -0.013838266 0.062639005 -0.001692779 0.03482357 0.04693019 -0.007493451 -0.03518239 0.03811301 0.04661035 0.13425146 -0.054881148 0.05485894 -0.037035793 -0.055628486 -0.025244003 0.09074794 0.10074464 0.05997155 -0.025440352 0.063097015 0.11757725 0.05185591 -0.09721403 -0.011388237 0.047200143 -0.008648143 0.07233504 -0.073284686 0.112535715 -0.07836556 0.035446167 -0.013371804 -0.07071866 0.03465033 -0.020928534 -0.13198586 -0.11895486 -0.0053063342 0.09292533 -0.0145033505 -0.019351976 0.13225552 0.0045147506 0.03072962 -0.10169506 -0.060728468 -0.05748225 0.14122327 -0.022445645 0.0126933 -0.06710749 -0.047131404 -0.045945413 0.07384239 -0.029928554 0.034974698 0.1069627 0.0023895632 -0.0011430341 0.09876451 -0.010829114 -0.12847824 0.06201573 -0.012275953 -0.06887675 -0.14245237 0.050917253 0.07653984 0.10305913 -0.05034439 0.020565147 0.112019986 0.09032529 0.19188428 -0.006182062 0.060116846 -0.015205137 0.14071167 0.00072786736 0.009473913 -0.035567548 0.02432166 -0.0043429323 0.048503082 -0.017471727 0.019485816 0.08942487 0.02089149 0.07991792 0.14587025 -0.09330264 0.026011486 -0.045421306 -0.10560169 -0.06461341 -0.10098315 -0.05426935 -0.06250567 0.07762398 -0.0674931 0.035822526 0.056078456 -0.059588995
0.013451934 -0.052215744 -0.027956203 -0.004108548 0.0119764265 -0.074915096 0.048779495 -0.07311897 0.013371997 0.08501201 -0.08955818 0.068870954 0.030410947 -0.00074887276 -0.060936928 0.0051758066 0.016146772 0.07008067 -0.022706155 -0.10127712 -0.09898475 0.046943776 -0.09596338 0.018014375 -0.062358018 -0.08315564 0.044535622 0.081742235 -0.08799148 0.060945407 0.011985754 -0.023603562 0.07981873 -0.042444877 -0.0044907546 0.017800884 -0.02386503 0.089658506 0.061675705 -0.093939535 0.030403232 -0.053768378 -0.012018578 0.022515671 -0.09840633 -0.06121477 0.074551955 0.04612412 -0.091471605 0.085105725 -0.0950531 0.008857832 0.09202697 0.097410016 -0.06656966 -0.02397346 0.06577311 -0.078276634 0.087421566 0.08901123 0.0626973 -0.06361934 -0.095758624 -0.08721995 0.042753685 -0.02065337 -0.042344227 -0.074083984 -0.05837306 -0.038497098 0.015121434 0.0064610243 -0.031676006 -0.042208027 -0.07005452 -0.085035816 -0.017398156 -0.051665183 0.049902473 -0.07824781 -0.056007154 0.045984622 -0.08109871 -0.00079880364 0.006228973 -0.076217726 -0.076294094 -0.01563965 0.061432898 -0.09871595 -0.037549865 0.060353894 0.037029758 -0.07155495 -0.07748222 -0.017595755 -0.09409877 -0.07093531 0.057136327 0.041484058 0.026298322 0.03474641 0.06983809 -0.044966854 0.010143561 -0.0979158 0.00692833 0.028555823 -0.039491896 0.0732393 -0.051975254 -0.089546375 0.0094790235 0.0071397796 0.033794988 -0.015246876 -0.028960282 -0.04355684 0.07414952 0.011180016 -0.09702881 0.077363774 -0.07110544 -0.065463975 0.07124447 0.08668148 -0.04835557 -0.04086786 -0.04557023
0.015923154 0.022882968 -0.035719708 -0.12244331 0.022589311 0.09348791 0.066599734 -0.06396274 0.05973015 0.007248682 -0.039012086 -0.114847966 -0.08417477 0.02100721 -0.13667853 -0.04903447 0.103162676 -0.06716486 -0.0124008125 0.0041610776 -0.023032662 -0.15099157 0.0771151 -0.07422759 -0.078724615 -0.07922754 -0.0056434767 -0.093317114 -0.13184488 0.08724788 -0.02044973 0.07815498 0.0016752395 0.11908585 0.04759485 0.048019554 -0.07270133 0.021335855 -0.055911057 0.03504315 0.075917765 0.02760019 -0.04088174 0.06664901 -0.061427012 -0.05380473 0.03451341 0.12976639 -0.11719452 -0.08962442 0.18976486 -0.02450332 0.021147545 -0.10025501 0.015253828 -0.030783258 0.013290538 -0.10078646 0.031218825 0.098797746 0.08187013 0.008653602 0.056651704 -0.030170884 -0.048463576 0.06533585 0.12527803 0.072824135 0.03186271 0.03586649 -0.14592643 -0.14003237 0.006561695 0.01760406 -0.026328998 -0.098457396 0.07364692 -0.1691772 0.10750206 0.04732454 0.094049186 0.063247316 -0.01637748 -0.055481933 0.048811287 0.039529674 -0.07337196 -0.114398904 -0.07644242 -0.022447854 0.07284217 0.07156573 -0.0807063 -0.040691122 0.14039657 -0.11199011 0.038706284 0.039104838 -0.025020873 0.107014306 -0.00798989 0.030336956 0.04954856 -0.046241537 -0.031329814 -0.011918317 -0.032079287 -0.053112075 0.1267653 -0.07414702 0.01889093 0.06069177 -0.031497594 -0.098641045 0.08290951 -0.05395778 0.06409103 0.018326694 0.07823956 -0.121022254 -0.095157735 -0.09397153 0.044436667 -0.06839876 -0.028811237 0.076274484 0.017640196 0.065741785 0.0074538114
0.07746 0.092306696 -0.038164742 -0.019804966 0.08725341 -0.048205733 0.033023495 -0.08264912 -0.10471347 0.059836663 -0.08320385 0.094934545 -0.031600874 0.04524145 0.07378911 0.0750791 0.038797174 -0.088632114 -0.01352711 0.013450548 0.08489349 0.042169854 -0.09454138 -0.07056579 -0.030572686 -0.03348545 -0.09946163 0.001527353 -0.088753276 0.044572007 -0.06591714 0.03756834 -0.08585912 -0.08645355 -0.006218902 -0.036817674 0.041689996 -0.10040253 0.06406163 0.041583784 -0.101929344 0.010048406 0.059943523 -0.039684806 0.0012022405 -0.07031992 -0.07132835 -0.068090566 0.03088022 -0.05557375 -0.04562781 -0.063363515 -0.013127565 -0.031248448 -0.087526895 -0.04805893 -0.043407585 -0.012283732 0.0729596 0.019895066 0.09008557 0.041775443 -0.0018699052 -0.048006225 -0.022278922 0.030072393 -0.046564233 0.08909224 -0.0867663 -0.048011888 -0.03179172 -0.0823064 0.08254843 0.06874986 -0.07880973 0.08507907 -0.030266486 0.08064189 -0.017720187 -0.072579145 -0.07540807 0.0077450005 -0.09219252 -0.06737774 -0.07247924 0.037299704 -0.031372484 -0.018361174 -0.014451446 0.029390777 -0.020891981 0.07816634 0.01393426 -0.07551848 -0.06496039 0.073070854 -0.0342846 0.08270142 0.07483084 0.062332388 -0.09943681 0.0076160766 0.027158253 0.02302055 0.07199137 -0.053264663 -0.06917207 -0.00608437 0.04617214 -0.008267496 0.0034613556 0.022165993 -0.0110133635 0.059743263 -0.045973483 -0.05612159 0.089051224 0.000094633084 -0.0049053156 0.061959513 0.0048281597 -0.08856082 0.053264864 0.013054727 -0.08146332 -0.09359339 -0.078230485 0.05736812 -0.062589526
-0.06930376 0.081164986 -0.075904354 -0.13243301 -0.07082602 0.034432344 0.012101558 -0.09325576 0.044158984 -0.07229281 0.017024552 -0.08290459 0.11284181 -0.084491014 0.010338926 0.11111917 -0.03639735 0.07402098 -0.02305811 0.06282978 -0.027000707 0.114448085 0.036928125 0.006209954 0.063931115 0.026809672 0.027596641 0.009400063 -0.05575831 -0.05132521 -0.010993886 0.112279736 0.021189015 0.009918433 0.03506453 0.0015356564 0.051827088 -0.042319205 0.005974536 -0.10772791 -0.054136273 -0.02797907 0.05578442 -0.053049456 0.080203146 0.0989967 0.015228473 0.08161325 0.011900241 0.025506545 0.059557337 -0.055770542 -0.11004487 0.0779948 -0.09411367 0.02462053 -0.06340787 -0.07695532 0.011884078 0.11457359 -0.08782886 -0.011167175 0.07567645 0.02652261 0.09942857 -0.079468034 0.0054572653 0.02108142 -0.038663592 -0.028185347 0.059509117 0.03714325 0.058260888 0.10719547 0.041333027 -0.010540112 -0.06335896 -0.022653509 -0.07740774 0.11352339 0.09426799 0.0039261067 0.11566177 -0.021206906 -0.028749194 0.04358509 -0.04643717 0.05187972 -0.05497893 0.06605094 -0.027854333 -0.09787142 -0.030457094 -0.01656908 0.005714615 -0.09909109 0.06851787 0.009497729 -0.0034737838 -0.009208635 0.0071088285 -0.09138642 0.07573304 -0.035151895 0.08180199 0.12511875 0.055798918 -0.016438203 -0.039740678 0.009406355 -0.06926602 -0.047684237 -0.08952232 -0.017423049 0.024497787 0.03272558 0.110879384 -0.018196145 -0.0588805 0.02954709 -0.10860409 -0.09814439 0.025649145 -0.005148612 -0.010536734 0.07772324 -0.05833082 0.051521547 0.033249583
0.07172649 0.034177464 -0.06007056 -0.012612589 0.03499339 -0.06473654 0.085471936 0.011536538 0.0010932339 -0.045591887 -0.01238559 -0.02141639 -0.015671575 0.042985197 -0.06595892 -0.07145224 0.0021443793 0.05800717 -0.030656451 0.069556564 0.0025497752 0.08716153 0.08238958 0.026836336 -0.05035016 0.10072871 0.005035547 0.06154616 -0.07498982 0.014516186 -0.13838041 -0.107392 -0.05035355 -0.06307898 0.032179944 0.089836635 -0.08732887 -0.080258764 0.06733809 0.10851529 0.13132966 -0.08186772 0.06507331 -0.100838825 -0.08710841 -0.019690366 -0.023032565 -0.04568529 -0.018540192 0.0033174006 0.10621263 0.075795405 -0.101272136 -0.106299624 -0.047230147 -0.068247624 0.06291365 0.043179873 0.0015724098 -0.013425311 -0.09554749 0.0052186036 -0.121548146 -0.010049647 0.06561529 -0.028839365 0.051988218 -0.010489925 0.062992126 -0.054048628 0.007782553 -0.020829668 -0.09570497 -0.07016031 0.06307309 -0.09457306 0.049329318 -0.0002454652 0.041772496 -0.023206457 -0.0017164956 -0.11722893 0.046718314 0.08130458 -0.0036039972 -0.06468864 -0.062466394 -0.04724175 0.10361004 -0.012795441 -0.050725874 0.05450186 0.0792955 -0.016481135 0.046007834 -0.0018097312 -0.060669854 -0.036342155 0.11332345 -0.029236214 -0.052612893 0.08288045 0.07079965 -0.1565787 0.08834028 0.027573831 -0.0969851 0.09105503 -0.060964353 0.039239462 0.059245758 0.07110418 0.06545194 -0.10733583 0.05457406 -0.0031585952 -0.086921796 0.08723901 0.03562665 -0.05315234 0.036287904 0.08398428 -0.021121016 -0.0068299477 0.01114542 -0.049444616 -0.038922716 -0.0657175 -0.08217224
-0.12034835 0.061266575 -0.086377785 -0.10345241 0.045664012 0.10120089 -0.017340077 -0.013940581 0.05351797 0.11101532 -0.139501 0.047583606 -0.07150701 0.056375362 -0.0067646247 0.017707411 -0.09260401 -0.08913324 0.051121168 -0.06622311 -0.0002987095 -0.08231845 -0.0646793 0.062988445 0.0818547 0.015301938 -0.02750029 0.0546201 0.100347586 0.025957389 -0.016904114 0.027172804 -0.08667254 -0.029015953 0.109242134 0.03346932 -0.106611446 -0.072277434 0.08677396 -0.066308446 -0.0475832 0.074957654 -0.04169326 0.013086516 0.055335887 0.06689379 -0.09534258 0.102704026 -0.079947345 0.07627605 0.0042226263 0.102171764 0.04460888 -0.039007563 0.002122365 0.07726548 0.012022679 -0.06849154 0.067141585 0.06598194 0.123219825 0.012956633 -0.013319292 -0.048251033 0.0042108074 0.017204836 -0.032685887 -0.039203428 0.040860765 -0.0009066731 0.06502541 -0.023628464 -0.03706571 -0.0047518737 0.06109749 0.093432665 0.0061699417 0.016571974 -0.093692206 0.009897728 0.06919064 0.08293836 -0.077260025 -0.017276771 0.054731853 -0.06042126 0.00992063 -0.070044875 -0.0720958 -0.026970498 -0.031211192 -0.08148021 0.06371456 0.052963387 0.039536584 -0.11417076 -0.09210138 -0.093174405 0.05596489 -0.0011484132 -0.032348756 -0.03338849 -0.06125669 0.13544756 0.08029709 -0.023960225 -0.005013011 -0.027624967 -0.14169158 -0.079616025 -0.023268335 0.0012378083 0.046848852 -0.015104416 -0.0434746 -0.061466467 -0.036365896 0.049972143 0.015273703 0.02502203 0.029320298 0.11502566 0.06695064 -0.06322086 0.10145812 0.05679604 -0.042346984 0.031558804 0.089393705
0.050139166 -0.02388151 0.06621752 0.0081397295 -0.09160755 -0.027558781 0.03960865 0.06642968 -0.00037637292 -0.043573763 -0.045615863 -0.03176806 -0.07384635 -0.096529484 0.043573923 -0.017453529 0.0009090843 -0.09017187 0.0563902 -0.0765914 0.07274136 0.09187093 -0.06640243 0.07233007 0.09726887 0.064507246 0.011889702 -0.02798853 -0.047552038 0.004452303 0.081053145 -0.002493307 -0.0763229 -0.07759205 -0.029639965 -0.08760524 -0.011794848 -0.07242701 0.07516375 -0.0050655482 -0.01687629 -0.059169628 0.087061286 -0.06824939 -0.044090215 -0.022983171 -0.082358964 -0.03590844 0.06520734 -0.08932047 -0.08497398 0.09391994 -0.08408544 0.09600086 0.087297596 -0.07835089 0.08257037 -0.08099736 0.029353427 -0.041196704 0.063993596 0.015251592 -0.09496927 -0.0685474 0.014948018 -0.030690154 -0.043229505 0.014892407 -0.015319996 0.08115118 -0.025282856 0.0067501212 -0.02806996 0.045749966 -0.012377504 0.011080302 0.07029384 -0.10063628 -0.019738846 0.08461727 -0.04261455 0.048493225 -0.04630375 -0.062509805 -0.004085615 -0.04062998 -0.10175743 -0.034680344 -0.066203035 -0.045068033 -0.03451969 0.03586214 -0.024172582 -0.08711646 0.078885786 -0.044954922 -0.029753223 0.028441383 -0.03447375 -0.0035964826 0.03223692 -0.0553129 0.09007352 0.08309383 -0.034209203 0.0596736 0.030060152 0.075372756 0.060956456 -0.029584877 -0.015759423 0.065594696 0.009607615 -0.033940338 -0.08810631 -0.021668335 -0.0026545553 -0.017981216 0.008138048 0.08597385 0.049407993 -0.10040239 0.09671997 -0.010659648 -0.100071736 -0.06869014 -0.05787429 0.017821265 0.053543054
0.049735762 0.07156838 0.07682495 0.0050487444 -0.0523816 0.0015567363 -0.16205029 0.13934462 0.014288832 -0.007664347 -0.0173605 0.09311468 -0.030049322 0.0017003869 -0.16122068 -0.20933023 -0.07584664 -0.04331157 0.06616876 0.118687525 -0.022047143 0.026021257 -0.07893768 -0.11165067 0.036585096 -0.10843956 -0.07232632 0.018232912 -0.06762571 -0.0073757684 -0.11368611 -0.060693774 -0.08660924 -0.06732182 0.09649979 0.07618407 -0.05515898 0.07825911 0.019016877 0.06366566 0.030465044 -0.094878204 0.031110397 0.04384131 0.07033267 0.073118426 0.0030896445 -0.092060186 -0.049377497 0.015765058 0.11558026 0.056807432 0.108440295 0.056204885 -0.13225006 0.027944982 0.045364127 0.08576166 -0.015502322 -0.04852107 -0.01414209 -0.04487637 0.09842957 -0.085497685 0.015986297 0.11590315 -0.0060740286 0.018284976 0.043767933 -0.06881741 0.037640836 0.034703884 0.018062187 0.0565146 0.07027495 -0.061757218 0.06283314 0.010436171 -0.007722058 -0.12530032 -0.07036619 -0.0014680085 -0.050873123 0.028689053 -0.08120755 -0.09553471 0.008307241 -0.04884234 -0.06383827 0.05577848 -0.0490239 0.016733838 -0.038194843 -0.028239602 0.102688976 -0.035909284 -0.013152329 0.057471696 0.10880102 -0.10852201 0.08842568 0.10387226 0.035382405 -0.08860636 -0.011816424 0.0035331412 0.09707098 -0.04390874 -0.056793097 -0.061988074 0.025297597 0.08272352 0.019002836 0.1316455 -0.064801045 -0.0341252 -0.072750896 -0.050929207 0.039511945 0.109514855 -0.08978746 0.058642995 -0.07597494 -0.016730117 -0.03211941 0.01993535 0.10293295 -0.11022281 0.100630626
-0.03857285 0.057494294 0.027896287 -0.004206154 0.08747757 0.08709188 0.046443775 -0.057603456 -0.06278147 -0.0653831 -0.047730964 -0.013739392 0.008573193 0.021017201 -0.024161275 0.088327356 -0.013044635 -0.06345166 0.110683925 -0.031056795 -0.006409886 -0.07708788 0.05924922 -0.024759494 -0.053308252 0.11971963 -0.06796335 -0.07011973 0.058016177 0.060291085 -0.057585135 -0.010358098 -0.053648997 0.06730088 -0.039276145 -0.0976759 -0.059792478 0.01675255 -0.019646935 0.02853964 0.001144439 0.076355696 0.08568756 0.08965811 -0.0044558505 -0.014504315 -0.07257352 0.017443376 0.000579266 -0.053203855 0.024420312 0.014107818 -0.08436091 -0.09375695 -0.033085737 0.092580356 0.08326812 0.02218328 0.10452231 0.03673697 0.1049814 -0.07749074 -0.041821636 0.06678518 0.012614336 0.013730357 0.015684228 0.038751666 0.12062781 -0.01785671 -0.013948197 -0.04048631 -0.042020563 0.08943753 -0.034940373 -0.03298398 -0.018058611 0.02030231 -0.0026294237 0.03892755 0.000033277993 -0.05423185 -0.079397865 -0.11035715 -0.012033322 -0.0069344034 0.025211325 0.07668164 0.11604416 -0.0036548376 0.08534667 -0.036972787 0.11996128 -0.08114711 -0.009017485 -0.037528716 -0.10056873 -0.10082847 0.12986408 0.099614136 -0.011437555 -0.04983446 -0.017640023 0.09136061 0.060896963 -0.01001524 0.08857076 -0.06100795 -0.0006723217 -0.039107583 -0.06846051 0.058541447 -0.06092882 0.08416058 -0.020546965 0.040042534 -0.026770366 0.0058775777 0.055020526 0.032422327 -0.028349321 -0.0018911456 -0.016502233 0.08417235 -0.022372095 0.021113442 -0.074569315 0.100423865 0.013670566
0.020486044 -0.046393298 0.17913198 -0.0024119446 0.0009692067 -0.006076468 0.050751515 0.09386374 0.008327535 -0.004932116 0.0044077523 0.02627341 0.071798965 -0.07291652 0.0616415 0.07673758 -0.059253022 0.108613506 -0.089209124 0.07525941 -0.006649115 -0.028967716 0.025402013 0.109560534 0.006445399 -0.012324092 0.082677305 -0.023918195 0.06415566 0.065207794 0.049650602 0.100724176 0.0416476 -0.00011614179 0.05196975 0.061953615 -0.0873611 0.030592633 0.06374163 -0.07013802 0.09370809 -0.076956674 0.027496735 -0.011260165 -0.0023053878 -0.020130256 -0.029637292 -0.020121472 -0.012012591 -0.18109708 -0.04177009 0.038871787 0.051011585 -0.019293085 -0.037213355 -0.06753748 0.027392533 -0.044198494 0.022544762 -0.05231608 0.07107659 -0.074909806 -0.053529225 0.04695189 -0.041467465 0.08687013 0.0077999104 -0.019586295 0.000255083 -0.08066355 0.11652233 -0.042242534 0.027382994 0.010532306 -0.009684434 0.10267457 -0.0060526044 0.022514153 -0.08217044 0.06333293 -0.018501189 0.0035740475 0.08716695 0.016764745 -0.091648914 0.09557157 0.09785321 0.091427214 -0.032847524 0.043916587 0.052886568 0.014456574 -0.034272723 -0.022332102 -0.091172874 -0.10262517 0.091677725 0.032526102 -0.13280551 0.06356743 0.0708975 0.04294457 -0.0061817607 0.09870795 -0.06190441 0.02288507 0.055390466 0.08431619 0.06638264 -0.09045403 -0.04404914 -0.07825032 0.09132026 -0.05232222 0.0010563595 0.0484034 0.093892835 0.019917103 -0.084030025 0.03506769 -0.052408822 -0.08299346 -0.028443662 -0.09754993 0.0027175013 0.10161762 -0.02185908 0.089051865 0.0877093
0.12837096 -0.06620462 0.09582333 -0.06050951 0.023393173 -0.12733614 0.026087092 0.16605966 0.048458427 -0.029393619 -0.07401994 0.14035483 0.053443182 0.006509981 -0.13385114 0.12713815 0.10251743 -0.08827582 0.08063191 -0.026608951 -0.07109929 -0.07253996 -0.03799634 -0.0097184675 0.10794585 -0.11010019 -0.033189468 -0.08085344 -0.03751084 -0.061996255 0.102261946 0.015747743 -0.020429052 -0.008965817 0.022659166 0.025438188 0.08733247 0.027403831 -0.0104406625 -0.04432381 0.017470593 0.059115943 0.018272247 -0.0650245 0.045200836 -0.07638989 -0.009249404 0.15395679 -0.1159075 -0.061264575 0.049199216 -0.08808892 -0.0058285953 -0.04375355 -0.05606363 -0.050634272 0.056715496 0.10440791 0.019925151 0.1038638 -0.0733551 0.100047216 -0.05427152 0.071631595 0.07231258 -0.058304437 -0.09590437 -0.027998244 -0.005256628 -0.003687582 0.061136525 -0.08669058 -0.09501964 0.09089297 0.021930397 0.06501261 -0.0057690036 -0.058167804 0.0014157025 0.08077748 0.084549576 -0.079698324 0.014212381 0.11964605 0.053661548 0.017943075 0.0066617313 -0.054225527 0.039720513 -0.07331581 -0.10273097 0.044899162 0.046136767 0.012131381 -0.08193803 -0.057311665 0.12169488 -0.012350311 -0.12908506 0.030806128 0.09624075 -0.076878816 -0.12382636 0.03049269 0.040107585 -0.026975734 0.07659453 0.10315947 -0.07921906 0.012025567 0.042260986 0.058295667 0.07496168 -0.052085772 0.059736364 0.08846688 -0.056902543 -0.04068727 0.011783654 0.08755247 0.029131657 0.061210483 0.043664567 -0.079632774 -0.019178374 0.07821397 0.101393364 -0.07117063 0.1112681
0.1399476 0.08439908 0.13226129 0.06353504 -0.006315238 -0.05877499 -0.090758674 0.083641335 -0.036819115 -0.025055146 0.011690251 -0.06044743 -0.044314932 -0.111955725 0.10298662 0.010663215 0.07408688 0.004684504 -0.003670806 0.022269778 0.0864928 -0.16674595 -0.009271307 0.018626388 -0.03331199 0.059031047 0.04232121 -0.054308616 -0.044170413 -0.035216507 -0.02053969 0.09717599 0.0031794282 0.047477562 -0.029087791 0.10002395 -0.020975662 -0.07262466 0.009528089 -0.05376407 -0.013839956 0.015125481 -0.022575293 0.09356318 -0.043128412 -0.13400564 0.011517102 0.052489575 0.113768846 0.024495447 0.041615557 0.089234985 0.0900221 -0.04438145 0.05321828 0.042067803 0.17424704 -0.058340218 0.012100635 0.014485529 0.020809159 0.044823457 0.00035464286 0.13622563 0.05632501 -0.081279434 -0.04399245 0.05214596 0.10489282 0.08425874 0.0014763438 0.08223932 -0.086173676 -0.0024659547 -0.11250135 -0.011899564 -0.030134136 -0.05383592 0.08658455 0.030394536 0.043080103 0.04597402 0.1274783 -0.0070209457 -0.0024065403 -0.083971635 -0.019437905 -0.07147986 0.018547783 -0.056364503 0.0758563 0.06543494 -0.0863376 -0.06559556 0.11264548 -0.055497203 0.100928806 0.027664147 -0.016912501 0.046301555 0.124224044 0.093893945 0.038906526 0.0061850385 0.073851034 0.04200473 -0.0042387364 -0.02926979 -0.045175847 -0.1501275 -0.03407421 -0.03514542 -0.081948705 0.06346773 -0.07713393 0.091034085 -0.030571774 0.047572397 0.08609555 -0.044192962 0.015535733 0.023833795 0.0013519268 0.054234706 -0.09303254 0.039325543 0.07105475 0.09382 0.077739164
0.047561307 -0.031159163 -0.11409211 -0.055686727 -0.023071494 0.008932362 0.028562147 -0.013672761 -0.068162955 -0.0496963 0.10139686 0.043404847 -0.08003803 0.00843175 -0.019148108 -0.13444541 0.01907667 -0.069315374 -0.09228168 -0.027621998 0.0039494415 -0.03608471 0.007350956 -0.02052129 -0.06698862 0.081905454 -0.06441591 0.028398821 0.023598641 -0.06780687 0.091028206 -0.015000355 0.08017959 0.06892294 -0.025726773 -0.06971123 0.015672268 -0.035407264 0.10638464 0.032575216 -0.07414063 -0.016674813 -0.0015313872 -0.03256926 -0.037650794 0.05448531 0.0069144154 0.012053125 -0.111086756 -0.13177238 0.027382309 0.012442552 0.08733227 0.039640278 -0.024156101 0.032553818 0.044426467 -0.09583179 -0.05575508 -0.002199057 -0.056303434 0.081815355 0.06497466 0.073002316 -0.05850021 0.08559891 0.06728969 -0.029661039 -0.05210246 -0.046858594 0.036226206 0.0732485 0.038967326 0.012591055 -0.051475223 -0.046385765 -0.06902453 -0.02374347 -0.031975742 -0.030553283 0.12728964 -0.11395701 -0.07299324 0.06110633 0.040779047 -0.05547829 -0.056478813 0.011040157 -0.109882675 -0.07449018 0.07010293 0.060230695 -0.03134082 0.041653413 0.07551903 -0.07106412 -0.048347123 -0.004464617 0.048389968 0.057271708 0.031992096 0.073425405 -0.12005379 -0.037064977 0.12603465 0.06885221 -0.011396797 -0.095926456 0.07111145 -0.064743295 0.04584936 0.022073833 0.092017785 -0.024020888 0.05347149 -0.06143118 0.05306492 -0.013148986 0.100419834 0.06662425 0.006239375 -0.0072912113 0.06657574 -0.103837036 0.02883644 0.054234613 0.08369305 -0.022020733 -0.07255586
-0.030123552 -0.045798756 0.08978676 0.09603042 -0.034253154 -0.10269815 -0.029110452 0.19275317 -0.020745529 -0.09260221 -0.06571946 0.03087353 -0.04027147 0.09872955 -0.02728913 0.04197861 -0.072162256 0.097530596 -0.028967125 0.0035840035 0.08972633 -0.040294133 -0.0074470825 -0.06726795 -0.04877453 -0.029964395 0.027714936 -0.043000158 -0.1287156 -0.017536312 0.087906316 0.01408653 0.0062221503 -0.08168047 -0.022519251 0.108462185 0.008945257 0.07633344 -0.09391756 -0.020123208 -0.04375402 -0.02941566 -0.045416545 -0.06907386 0.036049034 -0.0035056272 0.012180168 0.08489801 -0.07764113 0.051707894 -0.025687542 0.011542203 0.08446823 -0.020415593 -0.11956906 -0.06162466 0.07699722 0.09919046 0.044927806 0.06876238 0.06656082 0.10667483 0.027660899 0.016599758 0.030003944 -0.015268768 0.00987255 -0.013758413 0.047256585 0.04522748 -0.06204827 -0.039120976 0.10905391 0.07950597 0.046297487 0.037966866 -0.017666088 0.04832703 -0.05969239 0.03351964 -0.016709711 0.03335264 0.012756081 0.022475403 -0.03578805 0.06394215 0.107773334 0.03152012 -0.07485057 -0.014306919 -0.0582298 0.03380886 -0.05324609 0.0543146 0.061378457 0.081574924 0.109163366 -0.038434867 -0.04781548 0.0071790763 -0.046812423 -0.009450897 -0.02397317 -0.01503066 -0.073668435 -0.060730107 -0.052902132 0.1270339 0.043193895 -0.030458953 -0.04454543 0.07567598 0.060592312 -0.06460238 0.054032452 0.053288523 0.004728257 0.061167635 0.066197634 0.05764914 -0.09934237 -0.060894974 -0.10044819 0.022613889 0.09253452 0.018363208 0.04212715 0.11049358 -0.069951564
-0.028887222 0.046521787 -0.089070715 0.02840618 0.054518763 0.0014225212 0.05572124 0.011648248 0.0178069 -0.013803114 0.0135564655 -0.03983309 -0.004566439 -0.047460284 0.011403493 -0.05789901 0.08208443 -0.09167804 -0.0889462 0.07466683 -0.010014848 -0.10221439 -0.07469737 0.0399231 0.03424022 0.0062411334 0.03700597 0.021542836 -0.03633893 0.093388736 0.053379346 0.0030108828 0.048155397 0.060157865 0.09121496 -0.019397149 -0.10358982 0.03191498 -0.044751827 0.032198142 0.09026319 0.09424738 -0.065666884 0.032817934 -0.008480568 -0.0031510792 -0.04797029 0.054346636 -0.09224086 -0.09520652 -0.04272651 -0.081556104 0.03664703 0.095184945 0.030056357 -0.024983598 0.08965501 -0.011756658 -0.08531336 -0.070384614 0.05805232 -0.0025730582 0.024092698 -0.017090179 -0.07178248 -0.051989757 0.06337284 0.053823195 -0.08886698 -0.025406867 0.03658651 -0.04512817 -0.0246286 0.0849248 -0.07167244 -0.058267035 -0.05176412 -0.017260129 0.0648859 -0.006489798 -0.029663462 -0.026846193 -0.09410915 -0.086652435 0.07089606 -0.03071102 0.026373407 -0.062314056 0.00975761 -0.086769074 -0.07231643 -0.041014273 0.057736438 -0.01699218 -0.07220504 0.009630439 0.028420834 -0.036302786 -0.000036967125 0.043249127 0.046797305 -0.0440596 0.09606223 -0.09076399 -0.007539032 0.0035092516 0.00079329585 -0.09382867 -0.017182551 -0.0811469 0.04961236 0.071391985 0.08860407 0.039262988 -0.079420626 -0.08715497 0.028536066 -0.07520641 0.085713685 -0.01685264 -0.0072949203 -0.011218703 -0.07707288 -0.041322377 -0.053317454 -0.0041567953 -0.07023438 -0.09556899 -0.019137172
0.06949394 0.114209846 -0.04539255 -0.013131007 0.046282347 -0.008064758 -0.15540776 -0.029954128 -0.009288038 -0.06599737 0.0068697063 -0.09574603 0.08290605 -0.01465853 0.100950874 0.023219576 0.027611462 0.015848074 -0.040503167 -0.04176727 0.018458765 -0.09414629 -0.04430378 -0.057977904 -0.090198025 -0.11857274 0.06266772 -0.02503824 -0.028705884 0.047443103 0.088694625 0.07361723 0.07670155 0.02899852 0.12803733 0.061850425 0.0030446113 -0.08053974 0.039619584 -0.016046464 -0.009784047 -0.055049364 0.081438646 -0.078181535 0.019696496 0.0505686 0.090141796 0.07213659 0.021841152 -0.16019435 -0.03859996 -0.0107357735 -0.05224416 -0.056358676 0.111074276 0.07315783 -0.070243225 -0.07419008 -0.039149694 -0.01316444 -0.061474 0.059982195 0.03929513 0.08016167 -0.06021299 -0.00244811 -0.04132379 0.0027676055 0.02770647 0.08472132 0.15371853 -0.04346619 -0.11887389 -0.0612459 -0.042895295 0.023307769 -0.02832478 -0.030327516 -0.07270746 0.14355159 0.07111925 -0.048357904 -0.00022709146 0.036376975 0.028539935 -0.016937656 0.025149131 0.03681731 0.053234655 0.041023616 0.0318723 -0.12598953 -0.01188756 0.019999936 -0.0042309947 0.07196571 0.0028328581 -0.0695331 -0.05617612 0.032825388 0.014631681 0.096102595 0.016037565 0.12101641 0.041679654 0.09784586 0.004958896 -0.067584954 -0.035489 0.006281709 -0.08786403 -0.064349756 0.019149706 -0.041851275 0.16809115 0.2085716 -0.09402841 0.053819768 -0.016365657 0.06963937 -0.058533832 -0.07042252 -0.054391243 0.0062589957 -0.04858306 0.018685421 0.10599819 0.09244539 0.0748179
-0.10658508 0.014854632 0.1684653 -0.08578487 -0.026705706 -0.008224185 0.02060197 0.079803705 0.09782297 0.0475948 0.00086873997 0.03446954 -0.035139423 0.0060482486 -0.07402781 -0.05059148 -0.06930595 0.05613596 -0.037278567 -0.077097565 -0.014586626 0.011117781 -0.044522166 0.07832704 -0.06485211 0.047599476 -0.077173874 0.0197604 0.0772943 -0.07571717 -0.04875877 -0.06608759 0.018641086 -0.033058442 0.025534892 0.039661407 0.0548761 0.066649385 -0.104808874 -0.11192143 0.10948426 0.036911793 -0.08119513 -0.07761276 -0.0091157295 -0.04100231 -0.022094434 0.06904294 0.047577236 -0.07123193 -0.14485179 -0.017181959 0.037552886 0.061882824 -0.064667955 -0.11655532 -0.21352881 -0.07241977 0.017087672 0.00079485914 -0.08745745 0.020306515 -0.026393505 0.017457854 0.08628643 0.037888702 -0.034933463 0.053211417 -0.08954486 0.016601894 0.0038393084 -0.05510001 -0.055987272 0.043154135 0.0744759 0.06425418 0.07899879 0.042596936 -0.007486112 0.024885958 0.05323839 -0.04414521 0.0021865943 -0.035318054 0.025993343 -0.0043195286 0.05758097 -0.037446067 0.017940301 -0.08851492 0.02272801 -0.044936724 0.102304496 0.1087977 0.06659201 0.0339094 0.06270628 -0.07508955 -0.09251255 0.15606132 0.08393599 0.092976004 -0.045673773 0.09917556 0.0692748 -0.06634112 -0.03900083 0.09585152 -0.036056418 0.019393185 0.07977505 -0.055819 0.043120284 0.0388806 0.0023640015 -0.01808723 -0.032584753 0.075779304 0.09831382 0.11802279 0.08439577 -0.09764782 -0.029828371 -0.018687604 0.1146532 -0.10222681 0.03301066 0.034243327 0.056948546
0.08127716 0.040625032 -0.23257269 0.09314242 0.004028578 -0.055837814 0.09463092 -0.066930495 -0.10578775 -0.03532957 -0.06260012 -0.0024780298 0.056117248 -0.050509073 -0.078557886 -0.07948506 -0.08311098 0.076471485 -0.01807005 0.024082549 0.10768825 0.16655137 0.089298084 -0.034605347 0.07228677 -0.085262775 -0.033699434 0.13011026 -0.0437635 0.010304904 0.009258565 -0.11397782 0.028009452 0.020742057 0.08077968 0.04268223 -0.07120279 -0.026299367 -0.0053495257 0.07735254 -0.07841188 0.005037143 0.09123687 -0.027151179 -0.0016319656 -0.040685512 0.05834324 -0.08229205 0.058513608 0.011713242 0.04447192 0.015215297 -0.091363445 0.032497745 0.08861316 0.10304292 -0.053200193 -0.026234463 0.014623197 0.08138057 -0.082859576 0.08866109 -0.02979045 -0.07125967 0.048347376 -0.02908266 -0.035645183 -0.002581478 -0.053699255 0.060338665 -0.057145372 0.08347047 0.07141996 0.07793864 -0.048700158 0.04591203 0.051088337 0.09580876 0.05800155 0.10339483 -0.055883456 0.0113658225 -0.09070223 -0.022746954 0.13462923 0.10621945 -0.024322592 -0.088469855 -0.068849735 -0.03873102 0.015539842 0.078211024 0.07575474 0.069791675 0.03926268 -0.05700673 0.032230236 0.06099744 0.09333068 -0.16147074 -0.029799104 0.019986352 -0.106231004 -0.090728566 -0.0371284 0.043498337 -0.017251344 0.12540224 0.00010617475 0.008727145 -0.039247923 -0.045175828 -0.0134400325 -0.14666961 -0.012077843 -0.047995087 -0.050986312 0.026183572 -0.0463033 0.08282575 -0.076075986 -0.022193879 0.025749573 -0.047569916 -0.035452485 -0.04097864 -0.07806092 0.0075707203 -0.004431298
-0.013690289 0.02012881 0.20959641 0.11270008 0.08442946 0.02537733 -0.043190174 0.0656288 -0.06631386 -0.052319817 -0.010496322 0.043980658 -0.0790025 0.088788144 0.04583031 -0.0614922 -0.013846269 0.10778446 -0.10179158 0.057623353 -0.04747894 0.015654283 0.0835356 0.118594304 0.03637525 -0.044496216 -0.0051412657 -0.10920397 0.07941451 -0.041920222 0.057324644 -0.06204282 -0.0023924154 -0.014598152 -0.07190302 -0.022778219 0.11298572 -0.048882898 0.0276332 0.084292 0.04894868 -0.021540152 -0.08254545 -0.0065829256 0.109994896 -0.034862287 0.034251474 0.015269307 0.11741724 -0.11139374 -0.013783585 -0.03507619 0.118165694 0.0992142 0.09088967 0.102083765 -0.07265723 -0.07331637 0.0083581805 -0.07245491 0.0076121422 -0.06096789 -0.05992454 -0.018306384 0.021932168 -0.06585413 -0.037375327 -0.06593359 -0.02707867 -0.069422014 -0.026625047 0.04474824 0.039736804 0.047910824 -0.05293116 -0.052484654 -0.089942664 -0.101484455 -0.0002636655 -0.000837278 0.0615713 0.021939673 0.0001192453 0.12525597 -0.02499087 -0.024826271 0.061644983 0.069520496 0.008904133 0.09009751 0.073982045 0.025544249 0.062404655 0.048621453 0.07187522 0.0872454 0.13740733 0.09108296 -0.14850402 0.029265903 -0.00809293 0.05429258 -0.042222884 0.15031399 -0.117986634 -0.047478493 0.050927404 -0.0043711034 -0.029906688 0.011660426 0.057726696 0.026476197 0.006496661 0.059862874 0.106401354 0.17644148 -0.0112073375 0.044078223 -0.04433448 0.1225711 0.11903999 0.07137599 -0.10407474 -0.040797874 0.06752966 0.023518233 -0.052601796 -0.09496988 -0.057506673
-0.09249462 -0.02834555 -0.0036933268 -0.106767274 0.0044293553 0.004033107 0.021434939 0.009634625 -0.07697605 0.029097736 0.12117866 -0.10939941 0.09414853 0.048105173 -0.13255943 -0.02250289 0.053736005 0.049418367 0.06650249 0.0589499 -0.013727518 0.14805005 -0.030822039 0.064815275 0.003225202 -0.03995875 0.06281789 0.09553533 -0.13014695 -0.056580514 -0.11892207 -0.10164831 0.08040606 0.030696439 0.029491922 -0.053202804 0.05111813 -0.09243034 0.044070307 -0.055609215 -0.076436564 0.041818578 0.04793599 -0.0121207675 -0.058001604 0.019401733 -0.035142753 0.124337 -0.092110366 0.11318114 0.05491523 0.052736882 -0.06239709 0.02987851 0.055403754 0.021316791 -0.09966328 0.0824595 0.039169747 -0.09330606 -0.096578434 -0.10860418 0.07464007 -0.105539754 -0.081979886 -0.07700585 0.024141334 0.028864212 -0.06627078 -0.004323325 0.09011913 0.059787698 0.10239878 -0.014484126 0.097580716 -0.09716442 0.061804518 0.15018365 -0.06313813 0.04681975 -0.07654315 -0.04504948 -0.088866524 -0.069688596 0.059007503 -0.06778547 -0.020769712 0.03273726 0.07461049 0.02048777 -0.016878998 0.03655379 0.0064558513 0.003645176 0.060231276 0.05683352 -0.019956643 -0.10008393 0.009785505 -0.03446509 0.05539131 0.03170632 0.014864708 -0.027780179 -0.09252409 0.024240842 -0.09925288 0.129503 0.097170234 0.054950498 0.046006925 -0.053483568 0.058785688 -0.035904635 0.07558567 0.109017424 -0.04631109 -0.023104087 -0.07790408 0.059557058 0.05279594 -0.017869938 0.08850808 -0.021385424 0.07347723 -0.06449356 0.058432657 0.060973927 0.0514892
-0.057089474 0.06390729 -0.09981234 -0.07161965 -0.045993734 -0.039703395 0.09568613 0.013036989 -0.08263902 0.002897784 0.058738045 0.011388324 -0.069596365 -0.033144712 0.029203244 -0.07033577 -0.020611502 -0.08403592 -0.085118294 -0.07878234 -0.042285394 0.022931792 0.099063404 0.006457761 -0.082218744 -0.0007046014 0.06775875 -0.05987234 -0.07345436 -0.022322416 0.0028652176 -0.040312555 -0.06461561 -0.09196901 0.025294162 -0.07490649 0.019000486 0.008284688 -0.04854994 -0.0869474 -0.07245159 -0.092347674 -0.07185502 0.04617753 0.034940816 0.034391932 0.08229416 -0.07095263 -0.084881835 0.06040413 0.05549846 -0.046084356 0.09276495 -0.020175502 -0.05184815 -0.03947959 -0.041275453 -0.039247345 -0.0054096207 0.017958954 -0.020531729 0.0036279187 -0.08118057 0.02803097 -0.07790999 -0.012372255 -0.04065714 0.08883379 0.09195883 0.05395358 0.06870117 0.027393915 -0.051118374 -0.053345777 -0.093140416 -0.073971316 -0.0033338293 0.086910434 0.043328546 0.013613895 0.08117499 -0.052852847 0.030045874 -0.057533074 -0.06355767 0.095647104 -0.006068304 -0.04710369 -0.037045166 -0.061680127 -0.09260485 0.076156355 0.027186207 0.029634736 -0.070840314 -0.03849354 0.014898159 0.069850035 -0.039207127 -0.05923431 -0.039611697 0.00063023716 -0.040848207 -0.049613524 0.07088352 0.02225373 -0.09640024 -0.03954182 0.09805923 0.07126016 -0.0905025 -0.03825457 -0.015847303 -0.033164695 0.025369383 0.054688238 -0.024480626 0.04238548 0.036261924 -0.051920988 -0.04304812 0.036688752 0.09638894 -0.0680621 0.06325985 -0.021641374 -0.047338247 0.0094970465 0.08633826
0.081847444 -0.09973893 0.014626317 -0.040268786 0.044578146 0.058854826 -0.014163354 0.07745146 -0.044419263 -0.02234101 0.051763654 -0.09058552 0.079008654 0.012348558 0.06108274 0.0060733478 0.0073631303 0.028453149 -0.10506198 0.022750389 -0.07731167 -0.053886216 0.035981722 0.023941224 -0.021875769 -0.08177995 -0.010209388 -0.036515635 -0.08862305 0.057937823 -0.04684739 -0.049212564 0.06975439 0.011388322 0.02340479 -0.038068876 0.016899068 -0.010019079 0.0055840225 -0.044616837 -0.110324055 -0.004386245 -0.019728057 0.041886136 0.06659447 -0.06602233 -0.02475834 0.07733726 0.02123645 0.0049611335 -0.012598559 0.03894059 0.013018904 -0.0069136103 0.07348196 -0.026969153 0.08466333 -0.019105446 -0.102446996 0.004571098 0.036453705 0.0590417 0.06781411 -0.045145705 -0.101122856 -0.026683666 -0.0526371 -0.03183773 0.030485999 -0.09239431 0.021767484 0.053672068 0.053950593 -0.06848959 -0.08674888 0.08244683 -0.016445426 0.05973647 -0.098302156 0.069136865 -0.04228729 -0.057018735 -0.03487777 -0.047635276 0.07982074 -0.05481105 -0.087191075 0.029263575 0.08476394 0.045899224 -0.09420146 -0.024185114 0.021247946 -0.072627805 0.079131186 0.038445424 0.051464386 0.07333382 -0.09813722 -0.04518541 -0.0028175334 0.036347285 -0.023979973 -0.049765132 0.019330189 0.004574975 0.06610872 0.07201055 0.006412438 0.02867581 -0.00062029465 -0.08050973 0.018002572 -0.08168944 -0.045935337 -0.045685507 -0.10181357 -0.0047085173 0.022527993 -0.04415 -0.020324007 -0.08668047 0.046433046 -0.09858175 -0.108550765 0.07938441 -0.090011775 0.07272096 -0.10488871
-0.070564255 -0.03166214 -0.066526845 -0.103316866 0.017188052 -0.055265527 -0.002977015 0.04634809 -0.078722134 0.0032589938 -0.0061220466 0.002767022 0.0050787376 0.015487125 -0.06301638 0.11941391 -0.05932944 -0.087446086 0.014208615 0.13235751 0.054785248 0.013285162 -0.085578136 0.006037799 0.09413329 -0.143459 0.007828722 0.0012882557 -0.1201972 -0.0018337744 -0.027620995 -0.00896326 -0.006114427 0.056279194 0.022684122 0.102297544 -0.1243569 -0.061396286 0.080681175 0.06587754 0.03304945 -0.08571613 0.089968964 0.017744044 0.0047574826 0.077549905 0.05090322 -0.014117096 -0.009383085 -0.09612864 -0.06558462 -0.0014470182 -0.05081998 -0.09736209 -0.004222874 -0.06917057 0.007177793 0.061396275 0.07310417 0.044050388 -0.09866997 0.02513584 -0.077087305 -0.0041841357 0.0030756427 0.06944059 -0.05624244 0.052648764 -0.05324211 -0.07635274 0.1021552 -0.00491843 -0.05565042 -0.05198326 -0.061150562 -0.047310356 -0.007882928 0.037698533 -0.0673182 0.08568926 -0.04864608 0.051737033 0.04578723 -0.09320483 0.06236234 0.06478427 0.089881614 -0.027181556 -0.06282208 0.0132050635 0.022330906 -0.018935794 -0.052220862 0.12044719 -0.011882461 0.017433856 -0.060470834 0.08863473 -0.06937891 -0.014373019 -0.064588144 -0.070642136 -0.060107667 -0.02779501 0.05000141 0.08319604 -0.042282876 -0.0060222214 -0.013003436 -0.082819894 -0.050226394 -0.016266512 -0.04258599 -0.061485596 -0.03201506 -0.124885224 0.017672278 -0.041870177 -0.07236465 -0.06535877 -0.04062592 0.020728497 0.07701425 0.09703854 0.045805287 -0.0021255985 -0.012607407 0.03116332 -0.06838607
-0.18679215 -0.023599107 -0.09018903 0.0895001 -0.04695766 0.062182073 -0.008277887 0.0147156 0.13547799 -0.07841742 -0.08066481 0.012386305 0.083188206 0.03651887 0.10436651 -0.06377998 -0.0063703284 -0.019652842 -0.060375508 -0.004128791 -0.08422161 0.08614907 0.024070859 -0.037215818 -0.0575544 0.14826442 0.0798527 -0.013087984 0.10330484 0.0032898074 -0.096564285 -0.097368196 0.004682956 -0.06175455 0.05902627 0.020357786 0.055730555 0.08957301 0.0003155791 -0.06319218 0.055798396 0.044875283 0.013923316 -0.07271697 0.11995943 0.09952322 0.05123966 0.055718478 0.0056674527 0.09649237 -0.039662767 0.07385861 0.051337726 -0.11612807 0.05918803 0.028464163 -0.058587067 -0.086948276 -0.023338653 -0.19481103 -0.005136881 -0.060281493 -0.023583548 -0.0015079341 0.061114214 -0.015006535 -0.020918561 0.0009792367 0.07981437 -0.054014307 -0.009211761 0.06720145 0.032454383 -0.10902008 0.057917833 0.06528987 0.064037606 0.0227403 0.065200746 -0.14493975 -0.059594583 -0.055925798 -0.020337632 -0.13021177 -0.0046105557 -0.039661154 0.023932721 -0.033557363 0.043575533 -0.08012837 -0.05417271 0.09589399 0.058204703 -0.046706237 0.027312484 0.059612513 0.0016073016 0.02203316 0.032081943 -0.012791564 0.082631715 0.0065511963 -0.063568115 -0.022669993 -0.119868115 -0.10378361 0.05229799 -0.000015435779 -0.14210053 0.0060032927 0.07984514 -0.027539955 -0.057630073 -0.0573156 0.03466515 0.09545747 -0.06658848 0.01124918 -0.044465814 0.09048413 0.026350344 0.008744401 -0.06858307 0.08030838 0.0005490686 -0.07204514 -0.013197392 -0.015225537 0.040622726
-0.032130893 -0.087993644 -0.110333234 -0.10214078 -0.011177006 -0.042941384 0.074009135 0.1341403 -0.086576045 0.0819633 0.0663346 -0.061688647 0.011490811 0.077330366 0.008669376 -0.08682894 -0.07934186 -0.07090191 -0.010994606 -0.040100686 0.0017548234 0.042337555 -0.07978291 0.04891593 0.091871984 0.098579474 -0.04169297 -0.035322238 -0.06972049 -0.06622189 -0.08051287 0.008157077 -0.046750743 0.07944302 0.0356063 0.021740377 0.06101863 -0.095406696 -0.012355486 0.012897909 0.046302073 -0.0077839303 0.010019011 0.100090824 0.0561586 0.11320532 -0.083289504 0.000071506736 0.0502487 0.10565143 0.05675195 -0.04813391 0.049637947 0.03466605 -0.10105612 -0.0954098 -0.0310145 0.03564871 -0.018918304 -0.030244207 0.08594114 0.022850364 -0.040455367 -0.00018305003 0.018981094 -0.08326949 -0.027573697 0.04280871 -0.036563132 0.045297112 -0.08859017 -0.09505184 0.08681521 0.027858023 0.07886361 -0.04277288 0.0069100293 -0.0059094992 0.09800698 0.057152655 -0.081971616 0.022175819 -0.107800774 0.0378329 -0.004872853 0.09341486 -0.045012858 -0.00095769943 0.023580283 0.09036281 0.094132125 -0.024243744 -0.062103536 -0.08903173 0.0792237 0.054449905 -0.032828953 -0.10768819 -0.01064705 -0.045223072 -0.036596652 -0.087299846 -0.063922204 0.03132084 -0.033203572 -0.014138978 0.04118719 0.052141465 0.078461096 0.06211255 0.055273496 0.053856622 0.025644122 0.05550305 -0.025974749 0.01603636 0.057313442 0.05016439 0.0380503 -0.011502833 0.031048818 0.059464324 -0.036633745 0.009268175 0.1111131 -0.016854309 0.07889716 -0.07469305 0.05888486
0.02061057 -0.07761379 -0.13873355 0.12009858 -0.034340244 -0.100496985 -0.003317913 -0.08224969 0.116390616 -0.0014777054 -0.035159353 -0.029989455 0.040644247 -0.07168298 -0.020368885 -0.04792647 -0.028555742 0.10146405 -0.048279334 -0.06653602 0.07767153 0.06419459 -0.0788336 0.074753314 -0.041420914 0.06323248 -0.0048716343 -0.07340094 0.100315645 0.117716596 0.04735207 0.024792254 0.042824525 0.01867635 -0.009615115 0.06050384 -0.03713005 0.045136474 0.08614763 -0.050622925 -0.09198648 0.012040741 0.013188901 -0.02092222 0.0083720395 0.101622365 0.0044673625 -0.074735686 -0.06629851 -0.027187796 0.030984832 0.0559046 0.049412217 0.10060196 0.01724889 0.008887199 -0.0750081 -0.098500565 -0.018462058 -0.0017187811 -0.09403111 0.028004756 -0.019440206 -0.14276874 -0.056087546 0.047985144 -0.03452729 -0.0113102915 0.044034816 0.06942991 0.03836014 -0.020828066 -0.071132064 -0.062320296 -0.1126964 0.13742422 -0.07522095 -0.01062832 0.0016620392 -0.028876679 0.011905736 0.06922859 -0.034710657 -0.09181436 0.026782032 -0.029815452 -0.040878017 -0.094582215 0.07357019 0.016197536 -0.08715786 -0.018428983 -0.004625821 -0.018448245 0.12308744 0.053116173 -0.09412227 -0.08208719 -0.14648582 -0.005553631 -0.10377021 -0.02624548 -0.04225268 0.051246412 -0.02834594 -0.026255699 0.033353887 -0.077556096 -0.14567696 -0.041109134 0.02755255 0.026636777 0.042148996 0.039884444 -0.045714777 0.15375596 -0.029440748 0.09822301 -0.024207123 -0.056429777 -0.07189232 0.05157104 0.06081288 -0.121103816 -0.02869417 0.023857102 0.05496761 0.117711574 0.073932074
0.050301053 0.06455519 0.1886105 -0.041260466 0.01779186 -0.103565 0.00043773162 -0.09733981 0.07930865 0.01603554 0.015197564 0.026205055 0.100137636 -0.009129042 -0.03207995 -0.1214088 0.049089797 0.038954634 -0.042481273 -0.059783153 0.014325108 -0.107181594 -0.0041297707 -0.050763622 -0.042950526 -0.11942193 -0.10053872 0.012257879 0.018215539 -0.06028075 -0.037995074 -0.024729682 -0.067272455 0.052874487 0.04632723 0.08218449 -0.11141326 -0.006002748 -0.03676686 -0.06266793 0.017929276 0.050298817 0.04728129 -0.035965156 0.07515421 0.022509884 -0.087863535 -0.14925368 0.06900064 -0.09961654 -0.010949781 -0.12370256 -0.025676616 0.016866907 0.028685331 -0.08262358 -0.0063519683 -0.042273626 0.041557007 0.06338083 -0.12797652 0.070098914 0.120836094 -0.096913174 -0.024443883 0.03663749 -0.009493283 -0.041675597 0.030884087 0.04489257 0.03106476 0.101750635 0.078448854 0.08640615 0.092268385 0.053085793 0.02838808 0.07211452 -0.0074561834 0.008325259 0.12112726 0.0098548 -0.041232497 0.109193556 -0.004197308 -0.06772743 0.03631618 0.024268603 -0.068158776 0.083998814 -0.05093281 -0.07612119 -0.0026856335 0.08718833 -0.086326756 0.031256743 -0.006975678 0.07727565 0.078316495 -0.05201075 0.053206205 -0.03711211 0.055576827 -0.1107114 -0.021128424 0.16652346 -0.021128552 -0.07633815 0.05066003 -0.017091926 -0.016205868 0.03263991 -0.020088997 -0.032769594 0.07077583 -0.10607038 0.030839222 -0.09603623 -0.06067138 0.08440626 -0.1002358 -0.0038809937 0.058235902 0.0111175645 0.07662595 -0.0953505 -0.010283219 -0.15345424 -0.026689548
0.09492222 -0.0018600741 -0.026722863 -0.046240427 0.015046139 -0.08571096 -0.043068886 -0.09247704 -0.08731348 -0.082302496 -0.07569198 0.005090639 -0.0032473311 0.06792893 -0.040270735 0.032722138 0.042957306 -0.019454172 0.07670267 0.06114305 -0.07881343 -0.021614676 0.004026002 0.0067263157 -0.04973051 -0.03612847 -0.05521818 0.04812581 -0.0012946076 -0.06564428 0.09441398 0.08390079 -0.040562127 -0.09780474 -0.08466255 -0.006498247 -0.08296105 0.016482484 0.048951488 -0.023772927 -0.014095046 -0.030482175 -0.0018772929 0.012394358 -0.0327504 -0.006787039 -0.06628361 0.067963764 0.078386836 0.06364966 0.012799223 -0.07733343 0.08238167 -0.066090986 -0.022087656 -0.06674081 0.008628766 0.043241255 -0.07393154 0.055105954 0.014135122 -0.039220937 0.025787396 0.020153355 0.08171208 -0.014478796 -0.097287014 -0.010082296 0.058224514 0.08429506 0.03370145 -0.010187872 0.055009194 -0.029457526 -0.06422602 0.007120865 0.05724064 -0.03466332 0.0005513275 -0.056260522 0.07916881 0.025465313 -0.09914351 -0.07478057 -0.012279515 -0.022263596 0.079055965 -0.0081709875 0.03828125 -0.021746784 -0.013104366 -0.046992917 0.010419814 -0.055387102 0.0109193055 0.07081004 -0.0718199 0.025244657 0.08193992 0.05967269 0.027433995 -0.036505915 0.075814374 -0.04862978 0.051227584 0.030421792 -0.06097826 0.09552202 0.074381895 0.092231125 0.06745581 0.01547445 -0.030244013 -0.059060805 0.05231915 0.066349074 -0.04115729 -0.07828588 -0.10251379 -0.09192417 -0.0017928767 -0.06298095 0.046485938 -0.037091576 -0.067463025 -0.09039687 0.022121249 0.09203036 -0.06764442
-0.0030238258 -0.10814771 -0.10164474 0.06009527 -0.10002775 -0.034582034 -0.08893038 -0.060272653 -0.046112884 -0.08648618 0.077234104 -0.033075847 -0.112124436 0.025194671 0.054329466 -0.15916716 0.10437075 -0.049936574 -0.112120755 0.022731211 0.047840253 0.0055829603 -0.041893866 0.050543156 0.043787267 -0.010588421 0.07105793 0.16341473 0.038486272 -0.07278104 -0.05576433 -0.09085084 -0.019688852 0.015893253 0.028402334 0.004309495 -0.004000372 -0.046298623 0.08855202 0.03481509 0.049140338 0.10323849 -0.083096445 0.061354592 -0.10915972 -0.041507926 0.06990172 0.08586479 0.032019295 0.12170454 -0.056245904 0.03466759 -0.009352381 0.06367499 0.10717633 0.05911897 0.017252047 0.017519562 0.04916588 -0.10210695 0.036415108 0.04017489 0.02434747 0.015759645 0.022685047 0.066951685 0.023207081 0.059767693 -0.08769928 0.025380056 0.00120371 -0.059087507 -0.03681845 -0.05378931 0.063401684 -0.06219666 0.074741855 0.081604674 0.07114957 -0.004058144 0.0290525 -0.028312191 -0.105211504 0.07057161 -0.037662167 0.022607362 -0.016763398 0.011141759 -0.09492895 -0.04426117 0.021498067 0.10967996 0.034585312 -0.10285154 0.006370098 -0.06204659 0.0742297 -0.060969338 -0.038383238 -0.001196669 -0.058268234 -0.01958395 -0.009581964 0.0739525 0.06733071 0.0070467116 0.056908075 -0.09324488 0.018541284 0.05216986 0.10193133 0.047973998 0.06488247 -0.019568685 0.101758026 0.076507986 0.096743956 0.027504878 0.0747958 0.044644732 -0.013888538 0.09665707 0.10088375 -0.066252835 -0.08291475 -0.067736015 -0.008615455 -0.026101284 -0.009087471
-0.107637756 0.030159796 -0.10052105 -0.017543364 -0.036866717 0.015760459 -0.035748772 -0.057267424 -0.024133652 -0.010594364 -0.06473601 -0.053648572 -0.037046913 -0.023321431 -0.004345811 -0.089910455 0.10340199 -0.053584456 0.0092694955 -0.0010152978 -0.010273359 0.06958162 -0.04027543 0.04627191 0.10644732 -0.052910842 0.09143531 -0.17484371 0.05494706 0.07875979 -0.03313736 -0.023491312 0.031614527 -0.066805 0.0062883054 -0.026493952 -0.10467023 -0.08197967 0.08775831 0.05196247 0.05623718 -0.009094695 0.00929843 0.021867666 0.005415392 0.084330514 0.03948365 0.03993315 -0.0450641 0.06861688 -0.034207463 0.08940042 -0.13161272 0.03136391 -0.041884094 -0.0080796415 0.02691684 -0.07054077 0.039418213 -0.04789653 -0.0224176 -0.035424076 -0.038654905 -0.002116152 -0.02369526 -0.10607273 -0.05635412 -0.07398469 0.11042469 0.027644666 0.011308281 -0.070811376 -0.054207195 0.06650618 0.09037229 0.100825325 0.016632196 0.037597243 -0.042734947 -0.14631544 0.056584414 0.10905971 0.069427244 0.09247178 -0.010630718 0.07048323 0.055418678 0.046222746 -0.08410762 0.049497426 -0.07339522 0.06268169 0.046078492 0.0901749 0.1195009 -0.02950188 -0.10042451 0.04974661 0.047760203 0.13288796 0.052433133 -0.0910885 -0.08440899 0.0956748 -0.013568125 -0.036256727 0.056708384 0.009542587 0.029139562 -0.11033591 0.07675174 0.017216573 -0.0958445 0.105742715 0.11877651 0.062064335 -0.052661072 -0.054208796 -0.059738833 -0.03617887 -0.07787039 0.03340053 0.07939347 -0.104796104 -0.031921066 -0.013460517 0.11611352 -0.0339935 -0.012211439
0.04616957 -0.013715729 0.020900689 0.081388645 -0.012234609 0.027663467 0.047290765 0.053730354 -0.040994223 0.08112902 0.019726204 0.066893205 0.009089443 0.038414776 -0.075152785 0.013652381 0.027696066 0.08345803 0.023299854 -0.11608612 -0.073078044 -0.05920576 -0.012643197 0.07422425 0.047932714 0.12067259 0.043432057 -0.02934587 -0.08391455 -0.012998884 0.07830889 0.02247263 -0.076526426 0.045631904 0.07865138 -0.0771645 0.12326074 0.052073628 0.08910811 -0.09027629 0.06901188 0.011724682 -0.03247081 0.13288482 0.009566577 0.11898985 -0.028490627 -0.018136572 -0.002746622 -0.06017105 0.04759419 0.039081797 0.07881013 -0.04320505 -0.0053022373 0.0035014318 -0.10682068 0.0011587273 -0.12927867 -0.024698704 -0.022242717 -0.10565842 -0.03392043 -0.065150015 -0.004754693 0.0065444876 -0.09073555 0.07745822 -0.08003307 -0.03149761 0.039957758 -0.077710494 0.013024988 0.034357417 -0.0045539928 0.04286869 0.016929777 -0.025897814 0.1156513 0.068603575 -0.045353644 -0.099589124 0.028220546 0.14103173 0.06307691 0.107106306 0.08229198 -0.055638034 -0.1065753 -0.107161954 -0.09127078 -0.01694726 0.07919074 0.074335225 -0.008056033 -0.060394384 0.082693495 0.06772764 -0.13628513 0.10684285 0.014303124 -0.056173977 0.12460074 0.09302548 -0.03720346 -0.072492644 0.048726276 -0.08700655 -0.074811086 0.091535665 -0.078469455 -0.14569643 -0.0001557258 -0.017354948 0.11960762 0.18216477 0.063167684 -0.09948374 0.10767517 0.06975073 0.0803079 -0.08460582 0.026394742 -0.11371361 0.06983586 -0.050284218 -0.09807945 -0.050070643 -0.10405751
-0.016258998 -0.116544396 -0.091935635 -0.09621725 0.123568036 -0.06163789 -0.15571822 0.14052409 -0.011343102 0.08944321 0.03924125 0.1064338 -0.04208591 -0.0010903962 -0.008414109 -0.019279478 0.059613373 -0.010044764 -0.07122177 -0.04024286 0.00061896397 -0.083829 0.11408194 -0.017963303 -0.018135108 0.13401964 0.07250068 -0.13590302 -0.05635318 0.038819022 0.043181404 0.08470051 -0.060576063 0.07466329 -0.029273396 -0.03347687 -0.08067351 -0.018331086 0.054613877 -0.09094793 -0.017287143 0.074332364 -0.014840027 0.096733324 0.043062214 0.01107803 0.05083135 0.042022623 0.08812766 0.059259504 0.09793405 -0.00025176254 0.11811101 0.07466077 0.06997637 0.06612938 0.06710073 -0.034684196 -0.093244724 -0.079240605 0.011735769 -0.13704234 -0.048897013 0.068560444 0.030932665 0.017994383 -0.058764286 -0.021474486 0.102987796 -0.04300224 0.049750395 0.03962113 -0.05206208 -0.027596354 0.07059799 0.026391603 0.09111852 0.038116936 -0.06686659 -0.032165356 0.06450777 -0.10282092 0.036455788 -0.04134718 -0.040390007 0.052748684 0.059028056 0.077585064 -0.009830977 -0.034353968 0.040962383 0.13987824 0.038827877 -0.005157755 0.029821202 -0.101132765 -0.03143346 -0.11922747 0.12489553 -0.076753624 0.04082851 -0.08947113 0.02002954 -0.02638052 0.022957908 -0.124979466 0.00732558 0.005794769 0.025213819 -0.094926015 0.01606702 -0.05634521 0.1126408 -0.0134139005 -0.06912465 -0.054869574 -0.04584916 0.098716676 0.044687156 0.088527 -0.06645102 0.0737607 0.06622806 0.031314265 -0.0873931 -0.07833295 -0.01965355 0.013061203 -0.04256595
-0.04080745 -0.0187327 -0.042456403 0.027357958 -0.120756425 -0.0091133965 -0.07476978 -0.029728595 0.02309506 -0.036501132 -0.026084421 0.055724747 0.07708593 0.0040728683 0.055276573 -0.077380784 0.06287376 -0.038970232 0.056740142 0.054057766 -0.12469984 0.053251766 0.031075384 0.1090391 -0.0042773928 0.043024916 -0.13606164 -0.1491285 -0.037065107 0.080458775 0.06522528 -0.024769263 -0.0036860353 -0.023638563 -0.07792874 0.009446573 0.026079556 -0.07912669 0.014466117 0.063993335 -0.032653872 0.027171582 -0.013470308 -0.056647766 0.03977188 0.042367462 0.109087184 -0.06560508 0.059303645 -0.014565026 0.010636873 -0.047438495 0.02123041 -0.011559038 -0.025532322 -0.07825102 0.022302894 0.0070331385 0.0618379 -0.00018087935 -0.084001884 -0.0596534 0.063895 0.014900243 0.04683773 0.028010787 -0.014433768 -0.010968917 0.008869964 -0.041281734 0.02275796 -0.1169066 -0.0587536 -0.072370194 0.11737098 -0.005585337 -0.0088266255 -0.07754734 -0.029377997 0.085341915 0.08740913 0.019366153 -0.03593033 -0.0452027 0.052279346 -0.072878174 0.032024745 -0.045279957 0.057458896 -0.026175324 -0.1009425 -0.049608376 0.10541235 -0.054935127 0.09292562 -0.12673259 0.08191874 0.046098158 -0.001621584 0.15730578 -0.05953275 -0.008276522 0.045384604 0.11545095 0.12399868 0.026597833 -0.046480566 0.078796275 0.049212985 0.12407348 0.02042198 -0.061257403 -0.049563415 -0.034351923 -0.07257965 0.015842663 -0.032673288 -0.050319526 0.07459278 0.079486884 -0.0001954028 0.08024186 -0.061937384 -0.011293281 -0.059448827 -0.05164868 -0.013183789 0.10272472 -0.0345933
-0.09174648 -0.034000732 -0.21934783 0.00987114 -0.069492474 -0.06396392 -0.072235495 -0.09805058 -0.086924426 0.046706688 -0.063543566 -0.2318029 -0.104849495 -0.015321167 -0.0063550076 -0.15630539 -0.012061881 0.020931643 0.06599449 0.077930294 0.0109177185 0.10467785 -0.029332466 0.03553138 0.030745707 0.05638746 -0.061840963 -0.024216916 -0.026222233 -0.02615424 0.05707359 0.011704368 0.090619236 0.05049032 -0.06661257 -0.09785129 -0.066333294 0.092264794 0.028428504 0.060554367 -0.044864062 -0.11296736 0.044737536 -0.02300567 0.040088523 -0.018369049 -0.037282694 0.06636803 0.11372486 -0.095668174 -0.09524951 -0.10940397 0.09399932 0.051347837 0.04509697 0.1202856 0.069572166 0.04678701 -0.024308724 -0.035078127 -0.014959256 -0.1405815 0.07616714 0.11661634 -0.050406538 0.001510728 0.050927762 -0.005715638 0.011301238 -0.010563858 0.020571435 -0.08034368 0.055036023 -0.11271364 -0.0064755003 0.002483273 0.0066620843 0.04095063 -0.025246011 -0.15299721 -0.084977426 -0.10892936 -0.08932729 0.03683533 0.06673267 0.064824 0.0030442798 -0.049674664 0.102984756 -0.08603654 0.08578985 -0.049609587 0.09857469 0.0037391118 -0.022387125 0.08104043 0.036083154 -0.10781734 0.084353425 0.012625173 -0.030936657 0.016081762 -0.057291906 -0.010776923 0.021848362 0.007131988 0.023486387 0.033307195 -0.064999074 -0.055259008 0.077614896 0.06274905 0.1360544 -0.022105282 0.06791871 -0.027402535 -0.054185953 -0.02260005 0.0057365373 0.04679878 -0.08853056 0.048643842 0.10949203 0.05549236 0.046679236 -0.08092964 0.07901532 -0.050451837 0.03621172
0.11424102 0.08547262 -0.09725009 -0.0049948986 -0.023011968 0.10965941 0.02557402 0.06982482 0.022095012 -0.06291108 -0.0026971418 -0.08532615 0.011608663 -0.09560095 -0.084575355 -0.08396165 0.0020401997 -0.12056715 0.02588727 -0.031711496 0.06669802 -0.111280724 0.0014743392 -0.024295721 0.019501174 0.024106858 0.06839087 -0.006405484 0.028159289 0.067029126 0.086389504 0.015261667 0.0656194 -0.071136795 -0.11241301 0.053506486 0.039341614 -0.08643866 0.05904681 -0.08002089 -0.009939406 0.055104624 -0.042930685 0.04583615 0.0522193 0.12082336 -0.049870946 -0.017669689 -0.049654715 0.04304101 -0.019656261 -0.071353294 -0.01879986 0.04047828 -0.00031048086 0.042530663 0.06322269 0.008573817 0.06282049 0.037628967 -0.081451565 0.039115038 -0.037985254 0.007418221 -0.0509555 0.08445067 -0.0547765 0.075281255 -0.03214945 0.056610525 0.019578798 0.06919369 -0.03397741 -0.03717634 -0.014359849 -0.007258486 0.091758855 0.05762975 -0.08358303 0.018135676 0.016845798 0.0026056205 -0.08018924 -0.09228632 -0.019943709 0.042528685 -0.05870328 -0.02247473 0.07229005 0.07126058 -0.022757446 0.058969066 0.06812907 0.0379354 0.021264743 0.011255303 0.06346831 -0.006757059 -0.05231309 -0.012475211 -0.057751767 -0.09331814 -0.049711384 -0.06864807 0.01327021 0.058125004 0.0038550117 0.1295203 0.04842201 0.01307507 0.017107554 -0.012930281 0.030839004 0.009897523 0.026616514 -0.09645764 -0.010042335 -0.083632246 0.07264021 0.06081421 0.07770862 0.0041022184 -0.0434382 -0.046353586 -0.06937429 0.024298478 -0.09357787 -0.030903291 0.045025304 0.018084971 -0.12202191 -0.056385487 0.09286137 -0.06429404 -0.044921458 0.0072223865 -0.08919527 -0.042999037 0.05478458 0.069123365 0.05577088 0.0760923 -0.07245039 0.10328797 -0.027110059 -0.06338031 -0.11608552 -0.06480741 0.023559371 0.009474157 -0.04807876 0.053783994 0.03605699 0.019789461 0.030047245 -0.03489978 0.043342896 -0.016276581 -0.0069762575 -0.021007808 0.044544347 0.022415645 0.04828982 -0.073339835 0.007149985 0.0016795646 -0.044394635 -0.0483107 0.10756498 -0.09221138 -0.024790002 0.08465371 0.06161731 -0.04878336 0.08036761 -0.043527976 -0.07221442 0.13775116 0.0561259 0.024170278 0.0039908295 0.082781404 0.010849949 -0.028806495 -0.06521814 0.040793434 0.0036276104 -0.07179868 -0.081664786 0.04407749 0.00789983 0.018172018 0.0069180317 0.035024762 0.028798465 -0.002077432 -0.05044851 0.050356444 0.05801936 0.05400023 0.088396184 0.061752778 -0.07808809 0.06198673 0.015493314 -0.007659372 -0.098117925 0.077485666 0.081790894 -0.08330717 0.044264015 -0.10040238 0.10033308 0.03288912 -0.010363623 -0.076354295 0.0014360888 -0.026248403 0.023227882 -0.045459677 0.049434923 0.10019454 -0.05899278 -0.014806314 0.055760745 -0.03358269 0.014446436 0.078631185 0.0064122044 -0.061738174 0.013024197 0.04733832 0.0042115725 -0.10099528 0.10899892 0.02171635 -0.0953602 0.022290515 0.0784742 -0.00949512 0.03955555 0.0038809574 0.020373441 0.046326015 -0.13119936 0.053567518 -0.0729195 -0.083688416 -0.009739515 -0.04121031 0.054631233 -0.039910942 0.101851985 0.08655858 0.03990341 0.009342072 -0.026696783
-0.007301072 -0.06898384 -0.075381145 -0.06478269 -0.016386172 0.05387803 -0.025619032 0.041888054 -0.07025193 -0.051781893 0.096469924 0.018930584 0.013775841 -0.010856558 -0.039909743 -0.074909255 0.059577093 0.016218308 0.033294223 -0.04484833 0.055824134 -0.020532321 -0.10562853 -0.07926114 0.02473074 -0.019589132 0.074184775 0.022641279 0.019386882 0.075853676 0.10183301 -0.02142244 0.062833205 -0.056464627 -0.024269115 0.060995445 0.008460646 0.086335465 -0.01243495 0.05916687 0.114695124 0.024374148 -0.06670164 -0.019764366 0.0116412835 -0.020163119 -0.0043928386 0.06623239 0.020301005 -0.043669205 -0.10271965 -0.08919977 0.0037279658 0.059216764 -0.04064656 0.02369446 0.0932815 0.06619711 0.073771246 0.1392053 0.029182889 0.0023346343 0.04642744 -0.047275748 0.004406997 -0.09030843 0.056331012 0.04078594 0.024090696 0.10163317 0.09940997 -0.072896555 0.1149392 0.029371992 -0.0193058 0.04831153 0.024875017 -0.09031008 -0.06201314 0.0700676 -0.062687255 0.042833295 -0.025768533 -0.018578608 0.03490529 -0.078759015 0.07595458 -0.12626223 -0.09361696 -0.022149283 0.07164749 -0.09218436 -0.09059195 0.07881272 0.0972889 -0.06196753 0.034096878 0.06266756 0.085632294 0.069097176 0.06337725 -0.016716605 0.0052009146 0.011892763 -0.0797673 -0.045315117 0.03173352 0.062630996 0.014778272 0.05512963 0.037217464 -0.092587255 -0.07608867 -0.06976154 -0.003924361 0.022333233 0.07755878 -0.034398027 -0.050418176 -0.024909234 -0.039095394 -0.1262837 0.06597196 -0.027036145 0.08023478 -0.035882972 -0.024306646 0.11267544 -0.1062516 -0.037974376 -0.008250348 0.08533555 0.042806815 -0.1103858 -0.031329166 -0.040632132 0.007814303 0.054511845 0.0729783 0.04638796 -0.11082154 0.04221981 0.011469827 0.030378642 0.031449027 -0.029364929 -0.05969197 0.028509794 0.08728566 0.05169704 0.064504035 0.022236455 -0.04456617 0.013633868 0.016549775 -0.018038847 0.073940836 0.07123862 -0.033261634 -0.05107103 -0.08519006 -0.020400146 0.0596304 0.0336349 -0.06367476 -0.08089637 -0.1199167 0.123851344 0.052424725 0.015673313 0.05705176 -0.042198543 -0.03750575 0.11758892 -0.0066189184 -0.0010933386 -0.07615673 -0.033262093 0.034093678 0.028846284 -0.09086091 0.09546186 0.08982896 -0.013150191 -0.03905262 0.061529607 0.005025437 -0.060684923 0.12594534 0.0071625602 -0.05015618 0.034411766 0.039098147 0.07521946 0.009409656 -0.018206805 -0.06503526 -0.06841142 -0.023948122 -0.047681186 0.029482478 -0.0076404363 -0.06399802 -0.023256363 0.016254561 -0.03337189 -0.034697894 0.055995207 0.0747815 -0.016689425 -0.03746577 0.09710752 -0.0033205035 -0.0131079145 -0.06566163 0.028490178 -0.03395702 -0.073771544 -0.085168645 -0.022329671 0.04667314 -0.074335426 0.060032506 -0.051405013 -0.06035216 -0.0016259894 0.05567675 0.02747624 0.021966798 -0.06358977 -0.02148438 -0.035243973 -0.009372908 -0.057637062 0.01591528 -0.06684451 -0.025264923 0.058591224 0.050781928 -0.018912777 -0.12857518 0.096849434 0.07719118 0.050029416 0.0114584 -0.051967468 0.060813867 0.04039255 -0.050041042 0.015518706 0.103453785 0.017120462 -0.06672504 0.037680417 0.02760531 0.10867379 -0.052907106
0.084994234 0.044870403 -0.052892216 -0.06316709 0.07449757 -0.034860324 0.034300417 0.116133444 -0.032745387 -0.022260303 -0.059666198 -0.02081198 -0.048828248 0.063435376 -0.0442182 -0.019191246 0.02394385 0.018723782 -0.0019270026 -0.05925348 -0.060303394 0.05717967 -0.020905457 -0.046148047 0.018533392 -0.046786565 0.06444162 -0.03874743 -0.09552457 0.029674372 0.013138626 0.014642741 -0.05414489 -0.0031100316 0.08621989 -0.0544414 -0.030039271 0.09567779 -0.07086197 -0.12393918 -0.04842845 -0.026563546 -0.029618654 0.024153516 0.042117402 -0.048712388 0.08580984 -0.050881937 -0.07524096 0.021810535 0.011620603 0.12067332 0.017698204 0.09917019 0.031252105 -0.0057001016 0.017740482 -0.023529211 0.0026126145 0.052557684 0.05308646 -0.004620498 -0.0035717743 0.10846132 -0.066790625 -0.041009184 -0.0066035353 0.017547654 0.07020552 -0.08356332 -0.0050769565 -0.008091416 -0.070263855 0.0888321 0.0048777927 0.061175738 -0.02093937 -0.020108331 0.011637002 0.024768481 -0.046729665 -0.030945381 -0.015119761 -0.042894434 0.07898294 0.066743195 0.05734929 0.034340683 -0.0309459 -0.0062812036 -0.021640804 0.02649996 -0.023012165 0.112223715 0.03873833 0.04331553 0.09279926 0.08616093 -0.0691573 0.0978545 -0.08049635 0.025494905 0.049604543 -0.107141756 0.025956849 -0.042054642 -0.04227576 -0.12446718 -0.08408145 0.025113652 -0.054971587 0.0512387 -0.092689276 -0.019842314 -0.04071142 -0.048617993 -0.000805374 0.049686402 -0.10025888 0.09382814 -0.08143393 -0.083043694 0.0051602065 0.058536 -0.04708172 0.06762774 -0.07315751 0.03418924 0.06580235 -0.08220662 -0.05591415 -0.0012884233 0.123502135 0.05760237 -0.024717936 0.08604042 0.07759445 -0.06842683 0.04130055 0.13266523 0.08351434 -0.032682452 -0.07356757 0.016297625 0.05404314 -0.06486981 0.007019559 -0.046534855 0.057433646 -0.07949369 -0.04916264 0.042357065 0.050252732 0.09461144 -0.11143393 -0.004918193 0.033152662 -0.014813783 -0.12472213 -0.06586375 -0.052555546 -0.091043636 0.021647612 0.03321297 0.07715835 0.043606833 0.0089348275 -0.02082955 -0.09160331 0.021941546 0.010421651 -0.047253042 -0.01774141 0.033979625 -0.0025579077 -0.035421252 0.033080034 0.053843517 0.0049752602 0.110300496 0.046723343 0.08808935 0.0040811626 -0.013015345 -0.07574185 -0.015241808 0.0890292 -0.019772248 -0.027623082 -0.02914041 0.12993005 0.033763655 -0.030616462 0.08295906 0.03935056 -0.026237033 -0.044162057 0.14298351 -0.0014848501 0.027195677 -0.07951582 0.026563546 0.03826823 -0.09285768 0.090562366 -0.020476574 0.04606859 -0.038069103 -0.09874945 0.040572055 0.045950223 0.008466731 -0.0292555 0.017101618 -0.033801783 -0.0032268295 0.018930422 0.008206471 -0.015630124 0.10083705 -0.04272642 0.0280804 -0.0795709 -0.026512314 0.07649353 0.044616774 0.015741752 -0.041317277 0.08821093 -0.04072477 -0.102108605 0.036574807 0.11765764 -0.091117255 0.009920501 -0.07582872 -0.060818385 0.034313135 0.048135508 -0.064561516 0.055385575 0.044551384 0.08074072 -0.023910357 -0.10305417 -0.0011482644 0.06372937 -0.0393509 0.0013068216 0.07045177 0.087180525 -0.036160175 0.14443688 0.0006003405 0.100390926 0.014458739 -0.0054719355
0.045260143 0.04950525 0.043541096 0.023495669 -0.017876294 -0.015794497 0.06900228 0.017580476 -0.047128648 -0.013082474 0.06913422 -0.05062271 0.0049311286 -0.039751012 0.062101535 0.07498763 0.069791526 0.029153366 -0.10884299 -0.020653382 -0.039414115 -0.062473025 0.045637842 0.088350855 -0.07844266 -0.034896053 0.07994979 0.091315754 0.034475878 -0.052591514 0.023394467 0.042148396 -0.04391519 -0.06707283 -0.0736427 0.035404287 -0.022239635 -0.015096014 0.018834114 0.014619131 0.040284276 0.05391073 0.0066019734 -0.075706266 0.025461022 -0.053999532 0.051151305 0.045007408 0.03910007 0.016153183 0.05566325 0.10999063 0.07090036 -0.037311014 0.06449413 -0.041851148 0.06397004 0.040095232 -0.1020527 0.076062605 -0.027654469 0.016743729 -0.101316795 -0.010857525 0.06147949 0.05490194 -0.09005393 -0.071090065 0.0988601 -0.08656398 0.051583033 0.021801654 0.10040719 -0.015473927 -0.10063503 0.047615822 -0.05028844 -0.10084978 0.13945423 0.08403575 0.016579362 -0.07077721 0.070645034 0.06470945 -0.005733951 -0.004784202 -0.035803005 -0.06440353 -0.021788705 0.04532094 0.08548824 0.06547065 0.016450413 0.07184139 0.09519922 0.07453867 -0.08856626 -0.053240545 -0.05544682 -0.005457458 -0.026593477 -0.009592501 0.08129403 -0.01136078 0.008437529 -0.024234371 0.019197425 -0.11028804 0.028020874 0.005736407 0.031461883 0.017936783 -0.07780032 0.010473006 0.07993728 0.12267359 0.025964474 0.08481258 0.05694861 0.0025262455 -0.05339892 0.1206034 0.03830904 -0.13516626 0.09313529 -0.006673776 0.022870794 0.020653943 0.005497152 0.09307764 0.17306542 0.007455631 -0.014939959 -0.063336745 -0.063185446 -0.021539347 -0.06166503 -0.10637955 -0.027293371 -0.054233935 -0.073691696 0.099917084 0.07417516 0.012786817 0.057660356 0.12767097 0.05420043 0.024247583 0.0726073 0.06703013 -0.0008219503 0.09241144 0.09525327 -0.014819134 0.12309088 0.0037450083 -0.089404926 0.05289257 -0.03548517 -0.0306088 -0.0046272683 0.03640859 0.06282595 -0.02496337 0.059956286 -0.0968458 0.03692344 -0.025026206 -0.07145061 0.103553675 -0.13359758 -0.0053356215 -0.018146435 0.09558188 -0.08152805 0.04694225 0.05503329 -0.08751727 0.014192735 -0.07011271 -0.014428652 0.047404084 0.03533402 0.053448834 0.082065664 -0.06638454 0.07436218 -0.084155254 -0.03020319 -0.08201949 0.08039673 0.012322849 -0.079931766 0.06118397 0.04184272 0.06667695 -0.010456925 0.013198281 0.07989047 0.0071949377 0.0837728 -0.007227823 0.021133108 0.012207238 -0.0064905956 0.08548637 0.11238932 -0.04741036 0.042503215 0.00047688495 -0.06602712 -0.010863433 -0.11112304 0.070934474 -0.077008024 -0.008011765 0.0075323815 -0.013408046 0.034291215 0.074041985 0.03078837 -0.034322463 -0.014198435 -0.03311185 0.081659295 -0.023258798 0.07120288 -0.07921372 -0.022643713 0.119019635 -0.07127878 0.04663491 -0.022676338 0.01689139 -0.08900974 -0.011312677 -0.0012301372 -0.06137204 -0.039277148 0.10423517 -0.12674321 0.041795697 -0.04354561 -0.06360421 0.09672845 -0.09578217 -0.013044185 -0.074929036 -0.053701457 0.0697741 0.011879082 -0.088703714 -0.11955969 0.07701522 -0.10258852 0.06629948 -0.039670866
-0.10270066 -0.08154529 0.025214562 0.055723153 0.033025518 -0.09810189 0.019253977 -0.013332066 -0.088071845 0.073415436 -0.061983295 0.08477721 0.040179525 -0.048966963 0.056993384 -0.030801557 0.012537695 0.092208 0.04397937 -0.038075875 -0.0011785828 0.06516993 0.058194924 0.041391592 -0.066921175 -0.08032826 -0.07037611 -0.054607738 -0.079270095 0.012756839 -0.10742683 0.046374757 0.072778426 -0.08111563 0.028546307 0.074963376 0.07653655 0.05398694 -0.019172486 -0.095193 0.054473206 -0.055418164 -0.09857192 0.023879986 -0.07533511 -0.031146059 -0.003712671 -0.0025972999 -0.021092348 -0.10212882 -0.023658006 -0.05489871 0.027330305 -0.106920436 0.03741775 -0.07756643 -0.06976128 0.013984644 0.051889583 0.095147714 0.04259422 -0.09846976 0.054914754 -0.050499283 0.0017730672 -0.04650287 0.0752259 0.07037714 -0.011528499 0.056983408 -0.09608719 -0.022709578 -0.02717168 0.06276373 0.08221724 0.050886955 0.07377475 -0.042012807 0.059889246 0.078689285 -0.075163156 -0.0550254 -0.013994127 -0.08000488 0.051336244 0.10124241 -0.091598526 0.08063939 -0.05658699 0.062608294 -0.08313574 0.010702683 -0.093046054 -0.08461813 0.09266331 0.103896156 -0.09439584 0.101064235 0.04203245 -0.086891405 -0.07783228 0.07974111 -0.1183754 -0.07337694 -0.003616026 0.06666133 -0.092149116 0.0118267285 -0.03988261 -0.082098305 -0.08442579 -0.037942804 0.039596345 -0.051336262 -0.05460936 -0.059881777 0.08222688 0.028570227 -0.037593063 0.09420957 0.08757474 0.0051194984 -0.00847666 -0.046906095 0.070406005 -0.014567858 0.012792719 0.010272293 0.049291078 -0.09987171 0.081997216 -0.08293544 0.06947962 0.09537369 0.060825106 0.07884893 0.0054455893 -0.005108957 -0.00043168225 -0.062392607 0.04919275 -0.0634265 -0.04160709 0.075707436 0.022642143 -0.059877437 -0.09717849 0.03602073 0.0705067 -0.07257149 0.01982058 -0.014752018 0.057474036 -0.040922854 -0.096141644 -0.05004374 -0.029507704 -0.08134944 0.010839618 0.03305451 0.01991945 0.015149176 0.055928126 -0.08232731 -0.08508984 0.017239157 0.09208946 -0.029564228 0.0058353445 0.020918885 -0.046521038 -0.042877056 0.043778595 -0.020546284 -0.034966357 -0.037572704 0.072679594 -0.10640714 0.038055558 -0.05162776 0.016968178 0.04177653 0.09488977 0.0857256 -0.00093362556 0.099155046 0.022346018 -0.021383459 -0.09988098 -0.03092926 0.051346112 -0.057077747 0.016821895 0.073680855 0.046654943 0.041689057 -0.09560926 -0.04703084 0.06839312 -0.08900754 -0.06494611 0.02079623 0.031481463 -0.084540755 -0.036095798 0.035314724 0.018109275 -0.0630779 -0.037329562 -0.07321707 -0.034260813 -0.087082535 -0.07451145 -0.09460609 -0.09933764 0.07644903 0.017129792 0.09713459 -0.08423607 -0.069963604 0.09233254 -0.056332614 0.008819376 0.048539747 -0.027981997 0.01001795 0.01947621 0.100238666 -0.0006752906 -0.050266735 0.0003131122 -0.04073639 -0.008394578 -0.0767434 -0.0866845 -0.021961858 0.05249695 0.041781384 -0.037503093 0.079051495 -0.041426476 -0.03965769 0.014683968 0.08337994 0.06028045 -0.10633572 0.06087628 0.027529124 -0.04758642 0.050270353 -0.015278628 -0.032247588 0.025969326 0.09716173 -0.05810136 0.046248637 0.038140524
-0.05837152 -0.10180688 0.062441822 -0.04647841 0.024620604 -0.01329041 -0.017724834 0.071648695 0.00900152 0.039882053 0.027541913 0.0359807 0.017069753 0.029663924 0.006982307 0.09029438 -0.06480373 -0.068977475 0.07494701 0.07921966 0.028054211 -0.06856767 -0.018182976 -0.012428289 -0.03538295 0.081084356 0.0752955 -0.078662165 0.041278575 0.03766677 0.009511593 0.026719084 -0.03377532 -0.08349981 0.059143215 -0.07342898 -0.021648351 0.072836325 -0.06943319 0.017039878 -0.05344769 -0.019861791 -0.035243522 0.08301986 -0.01822581 0.10425015 -0.07729573 0.05092295 0.05804771 -0.108354986 0.010871265 0.0030936329 0.04710602 0.08233721 0.047862835 -0.13452214 0.09374049 -0.08063132 -0.04860385 0.048572313 0.06650981 -0.036940604 0.059374847 -0.030891074 0.08457123 0.03944754 0.05557515 0.083345436 0.007827443 -0.080660366 0.0076766163 0.043881595 0.02017941 -0.12708813 -0.04931708 -0.010050007 0.07285135 -0.0038184687 0.049494997 0.10296458 0.033104334 0.0048516947 0.042215835 0.031120317 0.041635722 0.0062640514 0.03273947 -0.101030335 -0.10710822 -0.00036527586 -0.039674904 -0.02096966 0.054463536 -0.06758993 -0.027745258 0.02939498 0.006061919 -0.0043220827 -0.016285503 0.10595841 0.03474258 0.013940799 0.03638517 -0.027365183 0.07955764 -0.03128695 -0.08143675 -0.122455455 -0.027472164 -0.0029381122 0.07929036 -0.11333565 0.03408225 0.050185706 0.06377198 0.007849881 0.0147192655 -0.03319492 -0.019718224 -0.013610303 0.028879877 0.040913746 -0.049518615 -0.079567835 0.0021919115 0.045130618 0.03867469 0.07482832 -0.009205845 0.013131223 -0.09501862 0.06645455 0.12215469 -0.054609828 0.03651734 -0.052489813 0.106153786 0.0362864 -0.02393424 0.02779087 0.06919126 0.06728956 0.11940693 -0.046406478 -0.07953808 0.05514346 0.12052375 -0.033467483 -0.096202515 0.0751542 -0.09916257 0.015215352 0.112396784 -0.05847178 0.05236596 0.05430421 0.048612777 -0.013930305 -0.047227632 -0.047776412 0.022911087 -0.014155175 0.082699105 -0.11709417 0.071555346 -0.0054064714 0.06664932 0.09317273 0.0476223 -0.103851244 0.07595536 -0.041659757 0.105878755 0.0039423974 -0.062044762 0.106842294 0.05205073 -0.06878142 -0.04716506 -0.026369765 -0.122300506 0.027944807 0.0713474 0.05827311 0.042446684 0.029093673 0.059324224 0.05088464 -0.046685837 0.03662532 0.012320032 0.08550644 -0.057467602 -0.031050386 0.12744202 0.04380457 0.04466202 -0.02677114 0.05831919 -0.052580845 0.025170585 0.041681074 -0.048790637 -0.008890982 0.08460489 0.07252748 -0.07745755 -0.098037265 -0.06273991 0.054672547 0.09410866 0.007818633 0.041060034 -0.04391494 -0.012124351 0.015274115 -0.042338565 -0.026141819 -0.11431999 0.06240311 -0.07956211 -0.07701095 -0.049933553 0.004623902 0.10125901 0.004058183 -0.06531603 -0.082802415 -0.12085717 0.04071398 -0.002343262 -0.06419896 -0.014733529 -0.08104611 0.07182364 0.032345615 0.0037911306 -0.04082625 0.058325756 -0.017946573 0.11592331 0.011638781 0.062265057 0.05133222 0.019419482 0.088409625 0.015543506 -0.014847794 -0.05855562 -0.0045809825 -0.02732701 -0.062007543 0.0234701 -0.069520354 0.024604391 -0.0027201371 -0.0061033545
0.0585127 -0.03877585 -0.072072744 0.08626067 0.0581426 0.031034335 0.06419178 0.10003495 -0.10237609 -0.0444528 0.022074096 -0.06647625 -0.028411534 -0.024444869 0.045809843 -0.046627015 -0.05504925 0.04231572 0.1073285 0.01422069 -0.064256474 -0.08486641 0.05737822 -0.0547887 -0.09718334 0.013241536 -0.0077216467 0.07069698 0.073427305 0.09376148 -0.047295563 -0.105416305 0.058180872 0.027329871 -0.095453896 0.048300795 -0.09750702 -0.031203587 0.06805408 0.05715001 -0.060464874 0.044145986 -0.0920577 0.056288026 0.017827105 -0.093709856 -0.08605168 0.071962096 -0.1146579 -0.017451538 0.0034284692 0.08189761 -0.003708124 0.08939269 0.045319665 0.039166737 -0.001177194 -0.026804164 0.053393066 0.07288901 -0.03929641 -0.026839297 0.064983584 0.13194336 -0.03987554 -0.014195129 0.012334289 0.06835445 -0.022749135 -0.029730532 -0.068271376 0.08270699 0.042049024 0.06440408 -0.09380501 -0.0634084 0.045442075 -0.101231545 0.096599266 0.006375155 -0.0148922885 0.08979631 0.079316735 -0.07885798 0.030793091 -0.015495711 -0.026473885 0.0055209724 0.020330314 -0.05650451 0.004440926 0.06747874 -0.01819409 -0.04350465 -0.05070307 0.1093487 0.043283112 0.046987586 -0.0484904 0.03260337 -0.0096190255 -0.0038873672 0.068622954 0.09852288 -0.034464553 0.109525055 0.026409924 0.0456402 -0.009480764 -0.005901106 0.00079151394 -0.03045446 0.010013784 0.05186169 0.04393904 0.026830321 -0.04201418 0.022131905 0.101223096 -0.069101736 0.055670537 -0.06996217 0.061141968 -0.023617193 -0.052446447 0.03358583 -0.009285873 0.06135572 0.084283076 -0.057485506 -0.07988109 0.049928024 0.07503779 0.021047672 -0.049294777 -0.044188283 -0.016435392 0.08356986 -0.011970138 -0.045433026 -0.010972985 0.048219204 -0.052750498 -0.045967028 0.07382985 -0.0023780013 -0.02874519 -0.01068066 0.028148493 -0.035127424 0.08685874 -0.07840305 -0.07553071 0.09630288 0.016084818 0.010679875 0.082022496 0.090285905 0.010721279 -0.07630412 0.074792735 0.034512628 -0.08740433 0.06531439 -0.05387909 0.065212436 -0.070436895 -0.03741096 0.108276315 -0.00802792 0.015170052 -0.056668483 -0.035260882 0.04035568 0.06985485 0.08000543 0.052685924 0.08870383 0.07695735 0.09935355 0.08625456 -0.012345359 0.005264664 -0.10832346 -0.04804601 -0.010035783 0.065154724 0.036677476 -0.06676509 -0.012849818 0.030144064 -0.10783676 0.11746382 -0.0954517 -0.035603236 -0.054881036 0.07784587 -0.072234966 -0.06745799 -0.024225175 0.08069127 0.04086 0.04928645 0.08070755 -0.017696194 0.014375056 -0.06853944 0.019936439 0.061455335 -0.0454231 0.037780672 -0.004456951 0.053403884 0.08465279 -0.0068255803 -0.030943641 0.07576655 0.075827435 0.13261198 -0.10352745 -0.022611704 -0.031449053 -0.07782539 0.056322142 -0.057061356 0.06773911 -0.030105352 -0.051921178 -0.0945078 0.06553874 0.0057484894 0.08672512 -0.034320045 -0.051542222 -0.027733855 0.11209361 0.053298354 -0.05026352 0.05503127 0.033439774 0.03261952 0.0358875 -0.030618943 0.05029896 -0.08049291 0.029556649 0.035349224 0.034271806 0.07991202 -0.07412903 -0.042283818 -0.074866615 -0.0831112 0.10620313 -0.10734076 0.036490142 -0.03257319
0.031138796 0.088119976 0.044305455 -0.10133504 0.011245202 -0.09205454 -0.020153098 -0.08152962 0.043464456 0.036039766 0.10107461 -0.061013293 0.047424264 0.080456205 0.06517563 -0.08938153 -0.097663924 0.02593943 0.030814148 -0.066142395 0.020675307 0.10443919 -0.08554922 0.030270137 0.08624868 -0.022077274 0.054869976 0.0350901 -0.10964807 -0.0815913 0.03518077 0.035310727 -0.038679313 -0.09579563 -0.012482306 -0.0699097 -0.09348986 -0.027218346 -0.09967306 -0.0013093418 0.08422924 -0.018590566 -0.049432617 -0.0607585 0.03651189 0.024265667 0.07704167 0.071780965 0.10457249 -0.060649466 -0.07077789 0.086443305 -0.006701523 0.03483003 0.04315074 0.0734139 -0.041319434 0.066106655 -0.05748966 -0.06186229 -0.07257492 -0.081429504 0.08749655 -0.13346264 0.030558875 -0.058694605 0.09543998 0.09169153 0.08291953 -0.08100013 0.0888132 -0.0034718483 -0.079344064 -0.06226784 0.033963114 0.07788293 0.06223577 -0.06437873 0.13650715 0.042909622 0.08579703 0.040416162 -0.12035392 0.07094674 -0.10642518 0.0026716015 0.0243519 -0.039095487 -0.014780026 -0.106028244 -0.04657035 0.017760737 0.01244321 0.017073203 0.02643896 0.12832507 -0.05534176 -0.008161443 -0.026399985 -0.045129247 0.02044927 -0.016522683 0.08499432 -0.045612674 -0.026817795 0.15333901 0.060875945 -0.098660015 0.058026344 -0.103585675 0.017185697 0.058997214 -0.027319765 -0.10325731 -0.044645254 0.097334996 -0.029002197 0.03653748 -0.039333697 -0.073741175 -0.09020628 0.056284316 0.10964928 0.03563656 0.038791794 0.00391996 -0.008391882 0.08118848 0.016739655 0.12666412 0.08553924 0.011660955 0.039635222 -0.09784671 0.07595071 0.05354914 0.007722194 -0.1283289 0.07921164 0.041788105 -0.07532571 0.07046038 0.09632993 0.047503803 0.024476025 0.061315257 -0.055892747 0.004126735 0.013129302 0.054346528 0.00040866525 0.022542734 0.0801297 0.10412222 -0.01740937 -0.09076252 0.05776566 0.04649649 0.05411358 -0.015078131 -0.07488114 0.05307246 -0.008734507 -0.08350317 -0.029487807 0.08544504 -0.012932995 -0.05419004 -0.031309005 0.021895861 -0.057466485 0.006091508 0.09705562 0.019293683 0.08595243 0.06424759 0.09167036 -0.0320931 0.059858534 0.04225951 -0.12453239 -0.003555342 0.027415756 0.12925325 -0.09375057 -0.009950709 0.07112411 0.06733662 0.06294082 -0.0008791125 -0.074683785 -0.029645653 -0.08897523 0.012491816 0.1220187 -0.030365901 -0.09364056 0.032932244 0.05038029 0.05025099 -0.08953975 -0.09906406 0.013035672 -0.020360563 0.029685233 0.11029192 -0.08614157 -0.040577676 -0.06960921 -0.107913114 -0.06959386 -0.08275436 0.109942995 -0.041015193 0.055102684 -0.056661315 0.10825409 0.061469294 -0.020007057 0.072245404 -0.053705703 0.048477832 -0.09656501 -0.039802257 0.041674804 0.008404765 -0.020435616 -0.010708216 0.008541834 -0.031395618 0.027597005 0.011518646 0.09434534 -0.01424663 0.072726995 0.06471464 -0.07974406 0.04654018 0.012265683 -0.10819611 -0.0054203495 -0.026202148 0.02235674 0.07910147 0.07637678 -0.10399294 -0.068256035 -0.012740861 0.0056314827 -0.03628715 -0.059994593 -0.05628992 -0.06401248 -0.08219457 0.030933091 -0.031966966 0.10260934
0.056080047 -0.04627331 -0.106592104 -0.07795938 -0.099430986 -0.06006626 0.099435605 0.017955665 0.008249931 -0.07050121 -0.008840374 -0.006936601 0.05003711 0.07807962 0.015750458 -0.06939731 -0.07886485 0.061662503 -0.024289533 -0.09149502 -0.06324856 0.061510023 -0.0067326087 0.09081227 0.024626896 0.07763689 0.035548832 0.08782537 -0.038307417 0.116056524 -0.0000062953354 0.120310925 -0.015512146 -0.1077783 0.05963843 -0.017403565 0.046260737 0.06948815 0.11369514 -0.06353082 0.0130987875 -0.08547487 -0.09654927 0.024686161 0.022847256 0.057375528 0.05227342 0.022642143 -0.11711852 0.06551572 -0.0002988226 -0.04167033 -0.0619436 -0.030524418 -0.03827946 0.06726586 0.09203564 -0.04445185 0.0051103956 0.008240827 -0.02610177 0.015295694 0.058415964 0.08228634 0.013877257 -0.08694992 0.026694115 -0.02811532 -0.050111316 -0.11870132 0.0008123773 0.0443446 -0.08416109 0.110342674 0.070845075 0.022158092 0.08606096 0.006339456 0.04422642 0.06479901 0.09180507 -0.06254053 -0.037281025 0.084214315 0.020270055 -0.042616438 0.09087288 -0.01912092 0.017864339 -0.0965824 -0.03967722 0.049917955 0.025684131 -0.046893265 -0.07515049 0.10268393 0.023960425 0.070677005 -0.04351622 0.0859941 0.04608599 -0.13523242 0.0944674 -0.03907369 -0.02104983 0.06207236 -0.026370984 0.09577032 -0.014323904 -0.040565845 -0.014579067 0.009437313 0.070270464 -0.019685188 -0.08823219 0.041722175 -0.0702625 0.010927475 0.0550767 0.051936142 -0.050871693 -0.037225474 0.09088888 -0.019093886 -0.13519807 -0.06981121 -0.021154117 -0.08068244 -0.04101899 -0.013426462 0.03699383 -0.059287135 -0.073245555 0.093674235 -0.031768605 -0.054422013 -0.0883414 0.05620747 0.08167001 0.13125026 -0.07292204 0.044061497 0.06574288 0.08092879 0.0077444953 -0.016735747 0.08174577 0.009801624 0.06441161 0.020845886 0.018850664 0.0036302938 -0.032112103 0.07097069 0.0886599 0.005455351 0.08613346 0.1186862 -0.0106319785 -0.004564511 0.07181154 0.077374116 0.086892456 -0.086592674 -0.040497147 0.035113897 -0.05495714 -0.10645895 0.08351376 0.026356403 0.001111461 0.03036158 0.05606581 0.0427299 0.041941047 0.016500644 -0.003290106 0.06485679 -0.06693874 -0.032175045 -0.07701359 0.068575196 0.072076 0.0021312577 0.045395892 0.029341158 -0.07668144 -0.06395456 -0.037422985 0.12452574 -0.01389981 -0.022515438 0.10009969 0.022934886 0.10228065 0.044211045 -0.06302159 0.016698617 -0.0067348755 -0.06655882 0.094523825 -0.0073850593 -0.13020018 -0.03684096 -0.08675431 0.060556836 0.021015063 0.046636004 0.013491166 -0.0017293462 -0.08997077 -0.10639846 0.07234666 0.0908404 -0.11381245 0.060282134 -0.017422773 -0.044808112 0.11169 0.09610085 0.01003914 0.13501559 -0.096726015 -0.028601041 -0.0114508495 0.06939173 -0.06989517 -0.08751864 0.016552314 0.06818452 -0.024690663 0.08767343 -0.016029697 0.111034244 0.09492543 -0.071559176 0.024824293 -0.015715338 0.08576109 -0.054535598 0.006699867 0.010984854 -0.09590204 0.03149929 -0.122122936 -0.049379103 -0.12059976 0.05226922 0.095484994 0.06463825 -0.057793066 -0.007410567 -0.047489405 -0.035883274 -0.05444309 -0.09791412 -0.00025560334
0.14074346 0.018950146 0.006535299 -0.087594755 0.0290822 0.038509365 0.057441372 -0.035877302 0.06492147 0.08668631 0.043572824 0.06456871 0.005335875 -0.067723244 -0.0057723606 -0.0051938943 -0.06994311 -0.099312775 -0.08729633 -0.013683898 0.06907044 0.012825288 0.07381911 0.045801025 0.0027292767 0.07462975 -0.0116745 0.011214146 0.004986801 -0.01039932 0.015905306 -0.00057571987 -0.07164888 0.053336106 -0.08330266 -0.00090860797 -0.05706928 -0.038504723 -0.07671918 -0.06975194 0.0076784627 0.082868546 0.054267008 0.07453637 -0.01677971 0.10196982 0.088971876 0.009977896 -0.011748702 0.019158509 0.04196475 0.1258845 0.07226905 -0.115160875 -0.020887932 0.0062784497 -0.023185503 -0.0019159975 0.0036427225 0.07929666 -0.08538079 -0.06369245 0.112110026 -0.037388053 0.077320255 -0.045633722 0.106731035 0.10341842 -0.050955508 0.07785984 -0.03799198 -0.032336336 0.016103584 -0.06098252 0.10086685 -0.084602945 -0.06027543 -0.06833774 0.012366532 -0.061058648 -0.00019292625 -0.0848161 -0.04763112 0.047600146 -0.0485751 0.070780575 -0.10555156 0.08307238 -0.103373274 0.08137914 -0.03191955 0.08048034 -0.070263535 0.044801343 -0.05143068 0.09403104 -0.00039790507 -0.02381968 -0.08942469 0.0833583 -0.051467843 0.019166091 0.08643175 -0.031101363 -0.040689435 -0.100340314 0.10098052 0.022141889 0.06039946 -0.022820592 0.07961067 -0.13002811 -0.08778446 0.1221046 0.104104705 0.08153529 -0.045636795 0.022574214 -0.054886535 -0.14041236 -0.0013893798 0.061824027 0.045742057 0.0973093 -0.07927032 0.044429854 0.0006022155 0.006396306 -0.04858889 -0.09588743 0.018012598 0.020676114 0.027317941 0.10708728 0.09889095 0.0550621 0.05866368 -0.052385148 -0.059453253 0.014798205 0.07842707 0.077074096 0.061457183 0.015775967 -0.044979617 0.037473194 -0.10542896 -0.09594671 0.10580005 -0.08882537 0.043856595 -0.031837154 0.0767513 0.037345067 0.08218353 -0.019160261 0.070536956 -0.047476694 -0.0720822 0.07211312 -0.019683614 -0.0827073 -0.09352482 -0.027749252 -0.03967324 0.004026633 0.029339062 0.088122085 -0.025522137 0.10324112 -0.097335644 -0.04116206 -0.05659819 -0.120088555 0.0853946 -0.011775494 -0.10561745 0.107280284 -0.03905663 -0.07015005 0.10615199 -0.031390086 0.066087775 -0.109688826 0.072330564 -0.084819734 -0.1310759 -0.13612142 -0.06987425 0.02665779 -0.048239592 -0.12647922 0.031275507 0.01073113 -0.06991224 0.07754054 0.08305527 0.036605176 -0.053495865 0.049736194 0.022467783 -0.10232572 -0.052339904 0.015163458 0.08072297 -0.14834519 0.016906595 -0.07090452 -0.07837471 0.075327374 -0.034666605 -0.07063896 0.023014251 -0.091421105 0.077589504 -0.07439616 0.01142152 0.07668941 -0.02536589 -0.01547634 -0.022063933 0.010932139 0.008265256 0.006105722 0.08321896 -0.03140333 -0.05835471 0.11704378 -0.023505697 0.030220877 -0.019516228 0.10845565 0.09478964 0.013997334 -0.056692757 0.055133812 0.0871601 -0.06318317 -0.0036798762 0.06796812 0.034503028 0.08211405 0.030061131 0.064862974 -0.007106954 0.07251475 -0.06040949 0.044544782 0.048485003 0.017396137 0.013228214 0.078148775 0.11474514 -0.05391012 0.028743353 -0.061073527 -0.036050305
-0.06607408 -0.10735294 -0.07518638 -0.07230043 -0.008642337 0.05590604 0.08512569 0.038711246 0.036725458 0.03327917 -0.02550985 -0.022498103 0.06861112 0.06038314 0.008823292 0.048456177 -0.13095698 0.03740067 0.007749559 -0.07138141 -0.0013125942 0.033819728 -0.059899583 0.039907005 -0.05973996 0.06221191 0.07427917 0.009822532 -0.12844914 -0.057027783 -0.06676193 0.005321157 0.06601715 -0.07650306 -0.1035622 0.00086121703 -0.06475029 -0.04857889 -0.00803145 0.08385789 -0.0029699148 -0.00588798 0.030045964 -0.06428458 0.07053373 0.039958388 -0.058533352 0.009658528 0.024493549 -0.014859061 -0.100560084 0.0025051474 -0.079619884 0.08681117 -0.051415272 0.008970219 0.05869455 -0.006482375 -0.016620377 -0.041682698 0.051112566 0.11203774 0.011320022 0.035775226 0.105114356 -0.023101721 0.02677231 -0.022316715 -0.034817323 0.0077661304 -0.08017887 -0.092906855 -0.028578773 -0.0043649077 -0.0934899 -0.07341306 -0.00033751965 -0.0055988207 0.085208744 -0.021250125 -0.022405546 -0.042284798 -0.02992134 -0.032572843 -0.111269705 0.08394657 0.0862192 0.021054666 0.06277241 0.011569191 -0.054084692 0.110961676 -0.05346226 0.10534348 -0.009651929 -0.02627315 0.03615349 -0.021348994 -0.08089579 0.08922317 0.09339899 -0.07670102 -0.030856071 0.03709448 0.07400993 0.006278247 -0.013849053 0.054288466 0.06439789 0.019425768 0.00030784687 0.029034033 0.03589464 -0.08845742 -0.016011758 0.030062243 -0.025057537 0.07048217 0.051952317 -0.009657125 -0.06983398 0.016120646 0.0007841802 -0.010080102 0.025678061 0.010473707 -0.039217215 0.055368237 0.010497299 -0.11352844 -0.057311285 0.04972018 -0.08854464 0.013813988 0.0795857 0.011578994 -0.14207926 0.069715686 -0.060026165 -0.061642636 -0.06680859 -0.05234015 0.04137311 -0.0024343138 -0.09517463 0.07471432 0.032267924 0.023242874 -0.11158361 -0.0136965625 -0.08390626 0.087859124 0.07775489 0.016913842 -0.06995897 -0.022604285 -0.011144318 0.027493382 -0.07546863 -0.05430281 0.064348884 0.07623539 -0.026663074 0.036131352 0.03976174 0.05802152 -0.07474167 0.07940449 0.041827157 -0.0069184727 -0.06317933 -0.017369075 -0.05869172 -0.036288742 0.06604893 0.08786301 0.08558979 -0.076415986 -0.06855842 -0.066155285 0.014255006 -0.026808191 0.089289345 0.022907393 -0.040402774 0.033495154 0.0547283 0.023976248 0.06293556 -0.009894855 -0.060709268 -0.09936519 -0.07619041 -0.0020360544 0.046970606 0.12252227 0.018698895 0.0051223077 -0.016246129 0.059661586 -0.030230043 -0.0627594 -0.03965135 -0.041091163 0.08394873 0.035059158 0.018808302 0.10062231 0.014438448 -0.05044288 -0.027193679 -0.024827851 0.03954666 -0.000623153 -0.015614003 -0.07944493 0.073555864 0.03517801 0.043761358 0.08827764 -0.06343231 0.012787171 0.08033411 -0.07301757 0.050226554 -0.07715639 0.018602507 0.07380156 -0.012325755 0.07130594 0.023840746 0.11645931 0.02772396 0.035357192 -0.07271548 0.09247601 -0.054529 0.0493419 -0.024703057 0.026255868 -0.017915446 0.101824835 -0.09051443 -0.08843452 -0.020596348 0.06026904 0.061063565 -0.09162709 -0.07403266 0.09373372 -0.07574544 -0.09788839 0.036480714 0.0013695261 0.07935757 -0.083603024 -0.014430781
-0.0018813633 -0.06794351 0.034940556 0.017543077 -0.13090366 0.055098694 0.025771137 0.06431511 -0.05818911 -0.0913852 0.04212859 -0.058135968 0.08814655 0.03920292 0.03591594 -0.09073308 -0.057575103 0.05333913 0.020901866 -0.02255987 0.014828332 -0.08972644 0.044721045 0.100459486 -0.024259627 -0.07464443 0.029827 -0.11324734 -0.03247048 -0.08354248 0.014730786 0.124688804 0.09210944 0.119106606 -0.0075126253 0.03444243 -0.09026194 -0.05253735 -0.07117632 0.07410131 0.07145761 0.0045621493 -0.047947187 -0.035508916 -0.04372108 0.09395544 -0.07977578 -0.07210396 -0.084384754 0.0419679 0.033091806 0.07059529 0.07232393 0.1316138 -0.0013093426 -0.104219735 0.068616144 0.032733288 -0.10378654 -0.017683925 -0.026957246 -0.049201712 -0.10243674 0.037613273 -0.00002262132 0.072852045 -0.105148256 -0.06586463 0.0068330136 0.050852884 0.030360913 0.021660848 -0.018377928 -0.047204476 0.05061422 0.07010791 0.09635325 -0.068036236 -0.0728581 0.046746816 0.027053574 -0.044387683 0.07958081 0.042134978 -0.07179076 -0.09352813 0.05778546 -0.075687625 -0.06235937 0.11858175 -0.005809947 0.079582594 0.062408783 0.088709354 0.0029016668 0.083611935 0.112444915 0.052804917 -0.026980188 -0.08460623 0.015205877 0.113980025 -0.11621485 -0.11125848 -0.010736689 -0.03285199 -0.087487586 0.06369936 -0.018172303 0.027362984 0.112290226 -0.015612528 -0.00983702 -0.01054336 -0.038240768 -0.096607365 -0.015749162 0.087973215 0.009546254 0.0867975 -0.055137638 0.06677105 -0.0047827484 -0.08064498 -0.026415529 -0.11618097 0.07974163 -0.09752557 -0.011468633 0.0867157 -0.070654824 0.063192226 -0.037590276 -0.05433091 -0.084485665 0.043021224 -0.050903697 0.083365634 0.0512154 -0.091559485 -0.09119959 0.09493997 0.10701314 -0.060080647 -0.04712882 -0.12050906 0.08757769 -0.05418484 0.010255776 0.08231003 -0.04257824 -0.047117926 -0.01508626 -0.07381902 -0.02706852 0.039861184 -0.11029496 -0.10149904 -0.08859313 0.066313796 -0.014711057 0.05727386 -0.06913021 0.010098657 0.07171832 -0.049148656 -0.048537016 0.07378671 -0.0935573 0.021568773 -0.017060902 -0.046673138 0.017477565 0.028861579 -0.07143098 -0.06396805 0.06623533 -0.059049405 -0.045682844 -0.08793441 0.06903006 -0.05616867 0.086412676 0.11774883 0.052070405 0.013027601 -0.086120054 0.08470652 -0.074365206 -0.020603092 -0.0032917098 0.0010638558 0.017116435 -0.030430146 -0.0050772936 -0.057768147 0.10501167 -0.02009033 0.07247973 -0.06475794 -0.016316103 -0.007720804 0.019452013 0.029472921 0.0119820805 0.0112484675 -0.011222331 0.09488161 0.05612229 -0.027359007 -0.06055718 0.011881192 -0.07407329 -0.02407322 -0.06643951 0.03289895 -0.068047725 -0.07283637 -0.036826935 0.041811135 -0.06552213 -0.06592858 0.020318085 0.11002203 -0.00038318333 0.09305541 0.052638967 -0.04154584 -0.05096233 -0.0060347156 0.083835796 0.022770535 0.06384444 0.0629987 -0.069698304 0.0214987 0.06627701 0.008525906 0.0013020219 0.06006617 0.007965115 -0.10506278 -0.08344628 -0.09308957 0.004297342 -0.07224822 0.074830346 -0.12841277 -0.011078636 0.00740026 -0.012846028 -0.0655071 0.0016322146 0.06109654 -0.028603092 -0.0060886447 0.08973725
0.037725415 -0.028895507 0.002641259 -0.042093135 0.08123345 -0.011685142 0.031860914 -0.08490964 -0.09552049 0.061453316 0.06728201 0.014839125 -0.088870294 0.003262271 0.14671478 0.07262795 0.11608722 0.0045931535 0.041730735 0.0039446377 0.06748779 -0.04036602 0.09515274 0.026028266 0.04676718 0.02516686 -0.016674723 0.067416586 0.15071371 -0.028584633 0.11217597 -0.10409086 0.077903315 -0.04018043 -0.023098243 0.02113155 -0.05929008 0.0060280445 0.026043259 0.024432253 0.02552058 0.077525035 -0.073677704 -0.04766536 0.017124653 0.08680002 0.068969846 0.030615127 -0.099289924 0.01775305 -0.035197034 -0.10899208 0.10144995 -0.037632022 0.0090227015 -0.010427995 0.05895753 -0.025774896 0.02235284 0.032213718 -0.049782008 -0.068700664 0.106431216 0.048846856 -0.04552585 0.062482014 -0.05579445 -0.029326478 -0.08575496 0.016296018 -0.03238666 0.10354434 -0.03377851 -0.06931526 0.079524055 0.038172632 -0.04263595 0.092721365 -0.08382225 -0.06543205 -0.04877046 -0.0125374785 -0.062340137 0.030009922 -0.011204656 0.066465475 -0.00023788313 -0.00759588 0.06859446 -0.061922565 -0.017867295 -0.0766302 -0.075713985 -0.0017444754 0.09482609 -0.018899987 0.083925076 0.061358187 -0.015165157 -0.043443944 0.089609295 0.03574711 0.059000205 0.081893615 -0.04851368 0.037853282 -0.0289501 0.1353113 -0.10571752 -0.005023074 0.0096048545 -0.10075691 0.0024808208 0.092212066 0.124688625 -0.13682356 -0.056288052 -0.025652219 -0.015943388 0.011016493 -0.04810152 -0.01409185 0.042889796 -0.05315745 0.020886205 0.06351278 -0.00316244 -0.021750644 -0.036054816 -0.06771795 -0.09071699 -0.09319133 -0.06539884 0.03643768 -0.06965696 -0.06535124 -0.098188125 0.05078959 -0.04097004 0.027216448 0.03836405 -0.036791228 -0.034968097 0.05197535 -0.04841926 -0.084248066 0.020573199 0.04103229 -0.082273684 0.047471482 -0.04084016 0.0819477 0.061683837 -0.04138615 -0.07015359 0.03157585 0.06463758 -0.11530004 -0.043573152 0.10263386 0.08677531 -0.024852945 0.099790834 0.0999751 -0.0417085 -0.020152787 -0.07347167 0.01674331 -0.078492425 -0.0490759 0.075125046 -0.0028189481 0.06733916 0.024657466 0.10460202 -0.1289801 -0.02800631 -0.020171866 0.08321703 -0.09477719 0.09311546 0.06943634 0.023362923 -0.047114413 0.04668978 0.037833996 -0.11951433 -0.09959724 0.07614409 -0.079619735 -0.041518655 0.08952195 -0.027453264 0.029868586 -0.008837703 -0.053625345 0.13591887 0.04943327 -0.04029593 0.022919254 0.09062303 0.057336267 0.015607989 0.07936059 0.032663543 -0.14013958 0.007480861 -0.00037403774 0.015579358 0.095573656 0.15679452 -0.085136555 0.02859685 -0.095797464 0.108597964 0.13319331 -0.03272135 -0.020593341 -0.053167712 -0.005529998 0.021292213 -0.044206876 -0.038322482 0.0070401323 0.016633416 -0.037370864 -0.045515224 -0.01669693 0.06492112 -0.14208513 0.068568625 0.04226911 -0.12112703 -0.008238431 0.05934203 -0.09274732 -0.034635507 0.049105648 -0.0341331 0.09113808 0.06146805 -0.09266473 -0.06400086 0.060823645 -0.004964205 0.085363925 0.0843143 -0.0644386 -0.095747925 -0.04739441 0.045489416 -0.080817126 0.06473821 -0.050677396 -0.1339678 -0.001411476 0.074321344
0.04779958 0.0346821 0.021220984 0.019031089 -0.087533355 -0.088902645 0.044957843 0.06575097 0.024403485 -0.047983 -0.038078252 -0.10084269 0.07148688 -0.124105275 -0.030702561 0.056721598 -0.057369433 0.03833712 0.08681691 0.02435067 -0.06945449 -0.09528259 -0.011752052 0.08218532 -0.0946768 0.017453035 0.045436595 0.0043351166 0.07279731 -0.08682487 -0.079598434 -0.08045091 -0.076334596 0.095618166 -0.06592231 0.040487144 0.029267803 -0.07040056 -0.0010817071 0.058520954 0.15080695 0.071206436 -0.05693688 0.031270035 0.07219719 -0.07091875 0.046354897 -0.10044098 0.018850608 -0.059362326 -0.08752917 -0.08151764 -0.084065594 -0.0422652 0.07487174 -0.0025507945 0.027957786 0.035983283 0.072153024 0.014052464 -0.031072866 -0.016214674 0.13677542 0.013954564 -0.030465346 -0.038101535 -0.05679396 -0.00045716748 -0.0024068584 0.028272431 -0.07136029 -0.069747694 -0.007380449 -0.10990293 0.060086764 0.0131789865 0.0010684921 -0.023613442 -0.049856838 0.012255553 0.035990503 0.05398385 -0.04657544 -0.08204941 -0.101620324 0.05076023 0.10458335 0.0853963 -0.04925908 0.036278773 0.06433522 -0.034824878 0.050815333 0.06100645 0.071261734 -0.026798796 0.079043 0.1330266 -0.022537585 -0.025211148 -0.044271734 -0.02549205 0.02611897 0.10506826 -0.070428185 0.009335371 0.0014029928 -0.05636559 -0.07023324 0.01368144 -0.03620458 0.068192914 0.012763805 0.061787 -0.04708246 0.018310526 0.038116466 -0.03232034 0.12844633 -0.04197189 -0.025087759 0.045000892 0.08616205 0.021062193 -0.0136587955 -0.123838246 0.09049766 -0.049743976 -0.08934605 -0.04564163 -0.093211256 -0.012508832 -0.02678001 -0.077618696 0.09100596 -0.036507625 0.067245536 0.061474744 -0.029670289 -0.024741404 0.072092466 -0.08576818 0.0523468 -0.04998633 0.07845645 0.10926763 0.05945675 0.10463368 0.0015348656 0.040795848 -0.07283433 -0.047161292 -0.026916746 0.03010409 -0.037728615 0.10975329 -0.0724309 -0.07790321 -0.055616546 0.069692604 -0.118863836 0.06653868 -0.034857806 -0.054195862 0.019856848 0.0117140245 0.06301201 -0.06948528 0.1337749 0.017987918 -0.07478944 0.023315523 -0.06438411 -0.07795537 -0.052446917 -0.06533627 -0.06112925 -0.005825586 0.07170548 0.07162803 -0.05433301 -0.15355673 -0.07767914 -0.011017447 0.040444285 -0.060699213 0.05551883 0.12032409 -0.05985795 -0.0033680168 0.016139043 0.08329851 0.02928797 -0.05408061 0.033106588 -0.086604364 -0.06766744 -0.055641547 -0.078780115 0.03716777 0.018352872 -0.040243533 -0.026959665 -0.09269472 -0.008391367 -0.059229635 0.025225163 0.069214836 0.029910043 -0.07887263 0.08008897 -0.01521961 0.067903236 -0.0027850892 -0.012454347 -0.08371417 -0.09366591 0.04501465 -0.023448702 0.019953525 -0.10416415 0.028688667 -0.020901624 0.10194989 -0.044397485 0.040060442 -0.17094055 0.071696274 0.067454234 -0.15964887 -0.0049672415 0.113199756 0.02384658 -0.009836598 0.058145422 -0.028776634 0.028914839 0.07964158 0.0025519344 0.024051003 -0.03738753 -0.06471645 -0.018091494 0.014540096 -0.07981088 -0.000051558996 -0.029554334 0.045926645 -0.021616101 0.034283683 0.021313695 -0.05430011 -0.031630553 -0.028961 0.093627006 0.03623191 -0.071989626
-0.10663631 -0.12346156 0.0010267764 0.014665389 -0.0143249985 -0.07643146 -0.1034629 0.022751415 -0.050025772 -0.05185232 0.00089106534 0.0033095712 -0.00021673251 0.0089750085 0.053671364 -0.10514302 -0.0015044411 -0.074978225 -0.04590641 -0.044955093 0.0439804 -0.08630839 -0.037804857 0.054837443 0.036540736 0.055927485 0.052076295 -0.032065876 -0.03830614 -0.03352896 -0.07886085 0.055556092 -0.023922661 0.08603861 0.022394214 0.061937556 0.05140692 0.019049024 -0.118278205 0.03206001 -0.02658381 0.035760023 0.113928385 0.07647857 0.06705098 0.025916986 0.06932611 0.05995461 0.08084026 0.062833615 0.067917965 0.078526765 0.059100576 0.03594851 -0.04499253 0.059530508 -0.0065953024 0.11264089 -0.114078544 0.063120216 -0.015363527 0.060087133 -0.08568431 -0.040189434 0.07461256 0.046934515 -0.06963509 -0.07911557 0.07704022 0.06697671 -0.011818683 -0.08111275 -0.0791277 -0.08657116 -0.11366819 -0.08591395 -0.009883635 0.03390414 0.0080120815 -0.028573666 -0.043056987 0.018339526 0.09813692 0.057612006 -0.042031668 0.0335 -0.0955807 0.03894638 -0.028424552 0.09793516 -0.0071408893 0.019263923 -0.10112022 0.07757866 0.02478359 0.012576685 0.045143757 -0.04175923 -0.0058538015 0.08800944 -0.0492652 0.004807249 0.03967657 -0.1002432 -0.0075033205 -0.055919737 0.0004930369 -0.047390345 0.028655501 0.059011694 0.018832592 0.13421099 0.013713475 -0.095789805 0.01550415 0.09932636 -0.09389457 -0.026944205 -0.07163548 0.027423352 -0.06849373 -0.012870885 0.061989013 -0.041862782 0.08495217 0.08037072 -0.09333666 0.11390022 -0.01378421 -0.06460621 0.04294604 -0.031955335 -0.09370635 -0.05088574 0.061658017 -0.040766984 -0.021287162 -0.044295136 0.07297254 0.057009786 -0.034771457 0.042334635 0.09449501 0.059510846 0.07239995 0.100286335 0.091765195 -0.06992159 -0.083424054 -0.0125988005 -0.031818025 0.008312963 -0.07387567 -0.12163829 -0.09668609 0.027812183 -0.003933865 -0.054563574 0.08798277 -0.06020952 -0.0149846235 -0.015414248 -0.06005608 0.011264162 -0.041736625 -0.06794686 0.08680792 -0.08576493 -0.06328508 0.016489329 -0.10197045 -0.035219718 -0.0857993 0.100485116 -0.004588216 -0.024644768 -0.005544061 -0.16002452 -0.0071197134 -0.07485334 0.007983866 0.055591077 0.10445339 0.076629885 0.08799558 0.02128726 0.117521435 0.0075746896 0.026659675 0.010229261 0.013615017 -0.04423732 -0.030822411 0.04382753 0.106722035 -0.0919851 0.05202082 0.024741622 0.05957626 0.07456721 0.041645743 0.086469844 0.07842237 0.056066785 0.10831274 0.098027214 -0.00631956 0.09488152 -0.016783584 0.07203151 -0.007745481 0.008719105 -0.04709484 0.03651905 0.019007558 -0.08228793 0.0328648 0.042867742 -0.08618472 0.12340202 0.06575082 -0.0036584847 -0.032186873 -0.031088084 -0.058404107 -0.021931907 0.10860579 0.05129967 0.03731797 0.0736039 -0.024761068 -0.09037329 0.06208513 0.008436475 -0.031641 0.03875185 0.06487665 -0.040104926 -0.024626235 0.083516724 -0.06574716 -0.053982433 -0.04636832 0.0012085644 0.08991778 -0.082890965 0.005803904 -0.13768008 -0.020436538 0.041078478 -0.01403276 -0.096548796 -0.042092185 0.087813005 -0.04032092 0.042170253 0.02135734
-0.05182562 -0.040670585 0.0075649316 0.054648347 -0.09808579 -0.08911194 -0.07257598 0.019011784 0.06412149 0.050910436 0.0045519574 0.023552787 -0.06575991 -0.022189396 -0.04273275 0.004449818 0.030908395 -0.042777777 -0.06179084 -0.052244168 -0.11456525 -0.09861314 0.07529667 -0.08432081 0.0024977222 -0.028503574 0.057476297 -0.034876596 0.04898516 -0.13138859 0.057602648 -0.021741547 -0.0066378717 0.005718421 -0.015940607 -0.05771773 -0.05313338 -0.039280992 -0.08834172 -0.0085919425 0.06002552 0.00147443 -0.081602536 -0.033479214 0.09662226 0.05325357 -0.01936659 -0.08941227 0.0181703 0.05125515 0.10581689 -0.09922955 -0.053638294 0.07971951 -0.05847779 -0.12632596 -0.053108387 0.08889475 -0.04653916 -0.026584834 0.07862557 0.035047475 -0.050256643 0.11677721 0.055445373 -0.025623035 0.016440822 0.044919055 0.006705842 -0.002996951 -0.07788166 0.089392416 -0.10363499 -0.03761569 -0.031377863 0.07966135 0.051850155 -0.024151389 0.06634309 0.10353876 -0.06152089 -0.05356317 -0.049344834 0.09450326 -0.025905007 -0.06536166 0.040289246 0.058483116 0.068251394 -0.01880095 0.056567233 -0.04768731 0.0017256044 0.032967567 0.002838171 0.036578167 0.09960482 -0.097757295 0.021293368 0.027430052 -0.023512349 0.068478145 -0.054494873 0.01658096 0.034543276 0.020291034 0.027244933 -0.0042470577 0.09626428 -0.09913675 -0.13207227 -0.020434715 -0.0073952903 -0.07061406 0.074495986 -0.12507623 -0.045618564 0.02940084 -0.14613919 0.08246639 0.030241236 -0.08746707 -0.06722994 -0.04893587 0.047203768 0.016304793 0.035364706 -0.042631317 0.061389674 -0.06504266 -0.1117439 -0.08128338 -0.046260964 0.04321714 0.006306554 0.06717488 0.022322528 0.027124994 -0.12000888 -0.06177848 -0.02413412 -0.013876394 -0.07225063 0.074107125 -0.09606592 0.023260584 0.067631446 -0.09374826 0.090109535 -0.10453273 -0.05887771 0.10323075 0.028978994 0.03193819 -0.051589046 -0.07737798 -0.0131869735 -0.06205752 -0.0244099 -0.048322737 0.060492896 0.0009586644 -0.040910255 -0.059859745 -0.082178466 0.079663604 0.028154703 0.04551686 0.11182252 -0.04945934 0.01398222 0.064689375 0.008870321 -0.06184006 0.054655578 -0.06283458 0.0594776 -0.06259667 0.018207608 -0.03404198 -0.00269231 -0.000584892 0.056821685 0.057046883 0.026949417 -0.032581206 -0.0037833455 -0.0523627 0.009305246 0.09068689 0.0347845 0.093415305 -0.0044680834 0.0474421 -0.025321158 0.13188933 0.0082702525 0.0012593351 -0.06979935 0.022148218 0.050307296 0.03903005 -0.012455529 0.05549432 0.12164257 -0.05069336 0.0000071812733 -0.009412923 0.017446227 0.04400587 -0.05483848 0.002519832 0.015052119 0.11764842 -0.04182365 -0.105125464 -0.020572193 0.120085366 -0.020566074 -0.04550132 -0.094641715 0.044551667 -0.09423228 0.06711634 -0.040967785 -0.016068604 -0.03704471 0.0028671946 0.07274144 0.052998073 0.051226523 0.031287014 -0.061871182 -0.07234104 -0.09184094 0.06442512 0.041005723 -0.052824475 0.09582344 -0.094546504 0.08709815 0.047931552 0.040971026 -0.020357816 -0.10845631 0.12771621 0.025221929 0.03727381 -0.084077924 -0.1000991 0.05533416 0.12040478 0.15119018 0.07451607 -0.025416164 0.044254813 -0.021130446
0.09018802 -0.06662694 -0.01860523 -0.031142589 -0.001920313 0.005473679 -0.09472847 0.019681226 0.041850578 0.098159015 0.07956812 0.030695722 -0.010031651 0.109615535 -0.0531487 0.073703565 0.13706744 0.083184235 -0.010181741 -0.04847791 -0.040478855 -0.07013453 0.012234471 -0.032006312 -0.075666726 0.0047451654 -0.07276119 0.009111273 -0.05574688 -0.06324209 0.053273745 0.10397382 -0.05601249 -0.04121783 -0.011864648 -0.023095937 0.03450701 -0.010110607 -0.0160438 0.053877648 0.051629655 -0.09468671 -0.0400109 0.018105801 0.06710819 0.12578885 -0.006447283 -0.1109871 0.12714718 0.00965183 -0.09223898 0.10098938 0.03110002 0.033028144 -0.008328882 -0.077616334 -0.045789093 0.03914588 0.024611156 0.15199007 0.08339905 0.054886907 0.04683543 -0.039227776 0.03786997 -0.032730155 -0.05861764 -0.07465882 0.13076307 -0.07917709 0.065245464 -0.074548274 0.09506716 -0.047369625 -0.030166881 0.08173712 -0.057933837 -0.00640501 0.07931036 0.014914635 -0.14836279 -0.02149117 -0.02037734 0.021899763 -0.024004424 -0.030903032 -0.0814277 0.108746864 -0.018775495 0.046022996 -0.08575 -0.06311003 0.10145935 0.110721305 -0.02848297 -0.01423319 -0.06397631 -0.021516224 -0.034048174 -0.050542425 -0.094504386 0.020214489 0.04984437 0.07247926 0.023347933 0.1091059 0.053428177 0.0368249 0.15687689 0.048121974 -0.01098712 0.0058110296 -0.0002928693 0.07200754 0.058334414 0.09627257 -0.102989234 0.086150765 -0.041521545 -0.1102884 0.03305734 0.012668085 -0.04405758 0.036796436 0.121405065 -0.005835409 -0.027738923 0.072124824 -0.14491458 0.047366757 0.022064315 -0.0094278315 -0.04051668 0.01665994 -0.10978287 0.106259376 0.038662042 0.08481674 -0.14717034 -0.08903046 -0.03624415 0.011465613 -0.068576306 -0.11268158 0.0006485434 0.090320565 -0.03168758 -0.0021426135 -0.05846072 -0.049937036 -0.0933886 0.030015131 0.018772166 0.011519618 0.054082684 0.03442386 0.00002511308 -0.093201414 0.11157431 0.037835803 0.042224992 0.061206117 0.06026895 -0.0015668399 0.03486992 -0.10831738 0.0066145966 -0.063309446 0.06148647 -0.08202398 0.052509066 0.09754085 -0.047072377 -0.050730594 -0.005978419 0.0038396597 -0.08088828 0.07322247 -0.0017503654 0.05055985 0.1089503 0.094802305 -0.043897185 0.029494314 0.10683066 0.009346471 0.061356634 -0.045148626 0.07870081 0.057887528 0.037012033 -0.041075457 -0.04364038 -0.055931002 -0.033387773 0.059110306 -0.010378733 0.0987525 0.09060344 0.05374892 -0.017031746 0.09763245 -0.01144982 -0.041789014 0.017396534 0.022904787 -0.010510754 -0.078223675 0.051252086 -0.077924706 0.025488576 -0.06328267 -0.05361172 -0.062042493 0.048876792 0.075488806 -0.06993867 -0.11006791 -0.0028526778 0.06217188 0.12627406 0.09626339 -0.0067014266 0.047294326 0.07034839 0.052832432 -0.044743117 0.061951857 0.031416267 0.06974922 -0.05648104 0.047184397 -0.03672376 -0.04249277 0.041861594 -0.058311008 0.07885946 0.110391065 -0.022876872 -0.06480054 -0.10139344 -0.034627583 0.069203995 -0.037548043 -0.039533142 -0.09113068 0.09562486 0.034315955 -0.08009401 0.08845545 -0.006081561 -0.08133183 0.11631605 -0.04576852 0.11948344 -0.046699658 -0.039259233
0.06907855 -0.01574594 0.07957896 0.06546182 -0.061232883 -0.07939759 0.032239996 0.065615445 -0.096293986 0.045530792 -0.007014669 0.022514379 -0.063864954 0.036649518 0.06022312 -0.02045288 -0.038616832 -0.038686194 -0.012410134 -0.040798295 -0.05323001 -0.0012994058 -0.027021382 0.03158755 0.0046450775 0.06957999 -0.059131894 -0.10021869 0.0605201 0.010130668 -0.047139727 -0.065443836 0.093585566 -0.07229929 -0.076851025 -0.086561486 0.09996788 -0.06860543 -0.023393698 0.07900047 0.07969832 0.0017260929 0.07537479 -0.01143212 -0.08442284 0.015097022 -0.022525515 -0.081531845 0.06323414 -0.049394537 0.06514612 0.025945308 0.0145131815 -0.09528132 -0.099198215 0.07906495 0.05493658 0.07511623 0.101141214 -0.021702413 -0.010910086 0.045251265 0.006644033 -0.041931573 0.030249022 0.055275396 0.037019975 -0.010859735 -0.08346039 -0.061362594 0.09662638 -0.046394013 -0.037665103 0.018970761 -0.026372697 0.009179632 -0.049268626 0.09357321 0.0138946455 -0.10170302 -0.027603408 -0.076000236 0.059212625 -0.05744503 -0.009050118 0.037517276 0.04062844 -0.04689167 -0.0500348 0.03340004 0.06556705 0.018669939 0.05969997 0.027614333 -0.100959614 0.05790896 -0.023802267 -0.041429807 -0.019388428 -0.07091745 0.018466748 -0.074218266 0.0011055552 -0.00666381 -0.059763424 0.07797005 0.0112556955 0.057771474 0.05906963 0.035655808 0.03719429 -0.07919915 0.0016029584 0.007798371 -0.036618076 -0.051281676 0.042598937 0.058721237 0.044737935 -0.067554355 0.01593895 -0.08008247 -0.018196916 -0.01244795 -0.030381966 -0.05013915 -0.057010267 -0.0850641 0.0541787 0.026934698 -0.052261334 -0.05174018 -0.008029451 -0.07884979 0.059043687 -0.03823337 0.037140116 -0.01887361 -0.02674541 0.05188467 0.09641751 -0.09863337 -0.091046594 0.065148644 0.078999124 0.016359916 -0.00028805638 0.0698999 0.03488709 0.042426113 -0.085371815 0.044229 -0.016161034 -0.09836605 -0.01819723 0.014493345 -0.07155154 0.080272324 -0.037426353 -0.08217854 -0.00025556085 0.023769833 -0.02008575 0.042862453 0.01447665 -0.06612118 -0.055072386 -0.09185733 0.09337941 -0.061273403 -0.0030322482 -0.044427216 -0.08373998 0.009700671 -0.020709373 -0.024614943 0.05636095 0.07990509 -0.017189188 -0.071295045 0.08481141 -0.04570575 -0.07705864 -0.035627842 0.0133931255 -0.065362446 -0.05673513 0.030248154 -0.09819394 0.067237906 0.07508787 -0.06279738 -0.06757992 0.0055660554 -0.10111689 -0.02675619 0.05341641 0.018890053 0.024518676 0.04253922 -0.017729875 0.04674679 -0.051490452 -0.07598511 -0.0890709 -0.09321113 0.019909056 -0.020133395 -0.07623181 0.086585574 0.09691583 -0.028093908 0.05800574 -0.07509855 -0.037965752 -0.020713635 -0.0711081 -0.02949366 0.032625616 0.04049903 -0.012011645 0.009118621 0.028334927 0.024345651 -0.069985375 -0.0608418 -0.092779025 0.0030563243 0.101022355 0.059325267 0.013222137 0.029574921 0.017959481 -0.044091597 0.096523665 0.067655094 -0.056580547 0.052195255 -0.037585523 -0.033717647 0.058050074 0.009761851 -0.020405281 -0.031932652 0.074714094 -0.07204968 -0.066824056 0.069192596 0.049604718 -0.046302453 0.07646544 0.03469027 -0.02032782 -0.091590434 0.058856934 0.00054707075 -0.084478036
-0.06205462 0.06529794 0.051482216 -0.045102585 0.00538402 -0.0020795662 0.048299827 -0.09639203 -0.096382074 0.022300582 0.092791155 0.0116647845 -0.088698566 -0.024053933 -0.0014685288 -0.0030045672 -0.06379261 0.0014358948 -0.090636216 -0.029316971 0.084892064 -0.025737112 0.007819462 -0.06685414 0.045583185 0.016529625 0.006693858 -0.007555153 0.049061358 0.0005158326 -0.069758154 0.011941542 0.11617682 -0.06685556 0.05511249 -0.024936952 0.07082538 0.053843655 -0.041329548 -0.006471944 -0.007624205 0.08594772 0.03999466 -0.09289948 -0.014050738 0.03519098 -0.018451603 0.046447493 -0.013598795 0.074432805 -0.035093535 0.08943118 -0.104843676 -0.08001826 0.058946665 -0.069829546 -0.019262182 0.047302987 -0.10611561 0.10810203 -0.06898465 -0.03834018 0.03865005 -0.09286032 -0.021749925 -0.014992348 -0.015447472 0.015318892 -0.010199832 0.003683702 0.06601651 -0.09489746 -0.1083952 -0.009408172 -0.030129442 0.028999867 0.08233835 -0.032182895 -0.043691892 -0.032550745 0.1001434 -0.05705313 0.026125938 -0.01478972 -0.00482299 0.054691136 -0.019844156 -0.007756705 -0.029289512 -0.04810911 -0.09265017 -0.093423225 -0.0032619918 -0.069141045 0.036821738 0.057569418 -0.05913908 0.010833953 0.034909558 -0.076041624 0.024831356 -0.06403779 -0.000029700801 0.02568836 -0.017855562 0.077424794 -0.05923257 -0.0009347041 0.08708524 -0.017388053 0.03939762 0.034220584 0.07097026 0.084877685 0.02287252 -0.07368312 -0.100557454 -0.03800789 -0.055724025 0.09883513 -0.011867864 0.04787394 0.07900924 0.07413918 -0.07249602 0.056127384 0.0071900324 0.012393885 -0.068446174 0.011336634 0.04383458 0.058066506 -0.085625276 -0.0074978303 0.039935943 -0.103212595 0.09568595 -0.034075413 0.09229154 0.06818391 -0.03487763 0.05526263 0.056702536 0.04852725 -0.069985315 0.053057477 -0.0755921 0.09903926 -0.053368762 -0.06394384 0.025229817 0.04551458 -0.03348169 -0.07725005 -0.025997 -0.056001183 -0.016871586 -0.04208106 -0.0023953854 0.059161577 -0.011477051 -0.035392553 -0.018135617 0.03914746 -0.051466513 0.008557549 0.054802503 0.06000475 -0.027477551 -0.012757888 0.023225218 0.086281575 -0.06791237 -0.016735487 -0.10876911 0.002658026 -0.0072801104 -0.014295399 -0.023910547 -0.08784033 0.051107574 -0.049873136 0.058179956 0.07204675 0.028275793 -0.08788705 0.0396053 -0.031993173 -0.03618466 0.08416015 0.06615145 -0.011767345 -0.09670325 -0.004939753 -0.013573555 -0.06707064 0.07480901 0.026806442 -0.06086473 0.08203376 -0.07413635 0.010199685 -0.0014253439 0.02509021 0.054825276 -0.097237416 -0.07131919 -0.01504854 0.057312295 -0.055814706 -0.034095336 0.049643375 0.024696652 0.044773895 -0.07568748 -0.0599887 0.014535128 -0.081635356 0.065192156 0.09465907 0.028395081 0.059520874 -0.005013919 -0.1188877 0.038717497 0.0150616625 -0.07560764 -0.0925593 0.049024418 0.014772749 0.09169239 0.04957077 0.046104718 -0.1043831 -0.06499305 0.016213048 -0.022252917 0.07820619 0.051628835 -0.037882544 0.034396227 -0.07813259 0.070953734 -0.018512126 -0.030032136 0.029751671 -0.023033611 -0.0005896365 0.05070815 0.018000508 -0.0084653925 0.035424467 0.04229441 0.060617983 -0.050074335 -0.056411467 -0.009755313
0.10283982 0.021375388 0.10656681 -0.07540474 -0.01676213 0.026320765 -0.043630622 0.037692845 0.10358452 -0.045509797 -0.024207054 0.049426395 -0.042037427 -0.03175952 0.023355013 0.019153828 0.023723235 0.019071022 0.06612827 0.043080814 -0.04662246 -0.079682596 -0.013570147 0.003402309 0.019424846 0.080791414 0.06742912 0.007901848 0.09287873 0.11192465 0.113829106 -0.008557394 -0.05124343 -0.005845843 0.03922423 0.029340677 0.09636387 -0.0034363542 0.06006713 0.041007616 -0.045519724 -0.06369684 -0.029801054 0.042903505 -0.07249826 0.06378429 -0.044159465 -0.020637434 -0.08746883 -0.03398033 -0.05128243 -0.0075068744 0.03748433 -0.027043272 -0.05498422 0.12960488 0.0010896117 0.11170804 -0.103588544 0.06494245 -0.110579096 -0.11550675 0.09307519 -0.057696477 0.047859345 0.017107425 0.07799969 0.0090655 -0.01402589 -0.076388314 -0.04432879 0.07475129 0.10930026 -0.043858938 -0.0012521176 -0.009603239 -0.04978438 -0.028669963 0.011484062 0.077693716 0.107884355 -0.016532416 -0.033146 -0.08230458 -0.07391731 0.038893305 -0.06809025 0.049736954 -0.07431479 0.074001126 -0.024691876 -0.016995737 0.075460665 0.07329092 -0.08813157 0.13505656 0.06984639 0.059070982 0.01224067 -0.08273661 0.015753584 -0.009338549 0.105376974 0.09381547 0.034495 0.08321568 0.002110947 -0.05959353 0.053157605 -0.08604855 -0.04404859 -0.07247196 -0.021382894 0.024339175 -0.032744937 0.019796422 0.056215152 -0.028470555 -0.01183253 -0.0977057 -0.067885056 0.074223086 -0.09357207 -0.075725436 -0.04364374 -0.0707894 0.048283104 0.07008491 0.032121647 0.0038285335 -0.069931544 0.04216 -0.029245695 -0.060626116 0.05267592 0.09333554 -0.059140548 -0.07728111 0.077258535 -0.07149335 0.0044403127 0.0011768547 0.005186864 0.07406229 0.035266258 0.07494986 0.07447691 -0.08599742 0.038637366 -0.030133761 -0.0025907063 -0.017998131 -0.051748846 -0.06893088 0.07114331 -0.090416536 0.026240332 -0.008828528 -0.022670174 -0.03373655 -0.046620477 -0.029059125 -0.039871708 0.071158975 0.04970552 -0.044033088 0.0627535 0.030218285 -0.013042901 0.10220898 -0.04761422 0.021216877 -0.0015299841 0.001080861 0.089854 -0.10735724 -0.03515374 0.103188366 0.09210756 0.030781563 0.08718647 0.07693716 0.05856274 -0.056351278 -0.043372944 0.03549131 0.035958387 -0.06711832 0.022062441 -0.104450956 -0.054616656 -0.10020856 -0.018586444 -0.03413493 0.07784205 -0.040419336 -0.012130578 -0.028759291 0.04999915 0.05650412 -0.07064802 0.089867786 -0.0001672127 0.082655534 0.086991414 0.08609715 0.06297572 0.078369506 0.010714297 -0.021079946 0.087060116 -0.033756677 0.08096753 -0.05022157 -0.028672524 0.008477621 -0.08004217 0.078008965 0.014860448 0.014478269 0.016582282 -0.04503092 0.034830794 -0.014314743 0.09964415 0.05754174 0.06450642 0.11618605 0.0653599 0.10411861 -0.015057619 -0.07367954 0.06334511 0.09140699 -0.1186397 0.00029472812 -0.072177805 0.08074556 0.06364311 0.06341054 0.034960777 -0.049902853 -0.048760667 -0.016627599 0.11696306 -0.031554468 -0.008941088 0.03767951 -0.06816942 0.0050466713 0.048714653 0.026603602 -0.09788703 0.0071594007 -0.10623461 0.0035341328 0.059163895
-0.15092781 0.03397486 -0.0039009461 -0.019334031 -0.048331816 -0.07811527 -0.056664474 -0.028618352 0.060437556 0.020079102 -0.1005894 -0.059480548 0.03476219 0.08657825 0.047116537 -0.021317104 -0.007731565 0.0683647 -0.058043927 0.0586844 -0.01011163 0.09320327 0.054851767 0.065157175 0.03282202 -0.08293797 -0.10706563 -0.004553093 -0.0971176 -0.13963327 0.005395786 0.03667788 -0.08945042 0.012951899 -0.086923905 -0.09484202 -0.0635254 -0.038210828 0.06805772 -0.041689195 -0.034279346 0.09844736 0.083388895 -0.072923236 0.05299962 -0.08416611 -0.064348735 0.0750778 -0.13975571 0.026682882 0.11370409 -0.008495205 -0.04644614 0.0039802124 0.044813793 -0.08301061 0.048301622 -0.10714599 0.0003938434 0.022362579 -0.077207506 0.0011922042 -0.020237379 -0.03312481 0.06275574 -0.019737909 0.07017519 0.09780036 0.13600819 -0.007831325 -0.074804194 0.015262631 0.085215434 -0.031148056 0.014963905 0.09855183 0.07359524 0.09329155 -0.027521992 0.04388028 -0.06218125 0.08511484 -0.07485432 -0.017223215 -0.065602675 -0.10481009 -0.071868286 0.04749272 -0.028504662 0.07932976 -0.020785404 -0.01762062 0.07053452 -0.04046062 -0.09047303 0.09066234 -0.00571134 -0.04373278 -0.03984905 -0.058189023 0.04768962 0.044107977 -0.027613379 0.010093862 0.04196926 -0.027736025 0.08411967 0.014969839 0.07350611 0.0075698704 0.023983909 -0.048064146 -0.014917924 0.018034905 0.08886175 -0.02381883 -0.051247176 0.08969269 -0.09325323 0.09398293 -0.0876874 0.0069406857 0.18612802 -0.029066443 0.06665046 0.007608248 0.12398206 -0.03657304 -0.03328047 0.07265468 0.050874017 -0.012200718 -0.054099992 -0.014490951 -0.039309546 0.017196357 0.05577938 -0.1395914 0.0678754 0.052233465 0.011181409 0.0077425954 0.044629738 0.018062389 0.0720466 -0.09233421 -0.031361647 0.07849954 -0.04379943 0.0769601 0.0045869634 0.046728145 0.06681255 0.08262793 -0.023643639 -0.1251133 0.006682 -0.09415156 0.069739275 -0.0022426764 0.10159518 0.10295992 -0.04368429 -0.019007055 0.04804159 0.0437828 -0.01792218 -0.09282586 -0.052126184 0.08884987 -0.04029581 -0.05287064 0.07393297 -0.03405754 0.025683131 0.10396211 -0.11929817 -0.028691102 -0.08237821 0.08860738 0.025277285 -0.09244863 -0.05854419 -0.030496731 0.121905744 -0.0011945398 -0.11119655 -0.020440936 0.06600021 -0.09231296 0.06676131 0.012286027 0.043224957 -0.028577982 -0.13402171 -0.06026557 0.06779706 0.00022479934 -0.051304128 -0.03514133 0.03585585 -0.07825264 -0.13677521 0.022253195 -0.041393775 -0.031268883 0.06679823 -0.01175226 0.0855372 0.06838072 0.021800792 0.008755324 -0.002478657 0.064965814 0.011173491 -0.043397024 0.042216085 0.024859956 -0.05483025 -0.034555264 0.0034610468 -0.0044349083 0.065096654 0.01134609 -0.10223203 -0.056158766 -0.08034328 0.039476797 0.04773477 0.032678116 0.09280827 -0.036278866 -0.10034473 -0.08103134 0.10854303 -0.04702051 -0.037740458 0.0748626 0.048622932 0.039284926 0.10635617 -0.028791774 0.05627312 -0.10480425 0.03597277 -0.045531098 0.031996746 -0.0076353066 0.04368461 -0.09546276 -0.07915326 0.1092865 0.030318258 -0.045888387 0.041419715 0.123253174 -0.011607495
0.034781907 0.0042237123 0.07516543 0.059965998 0.052556284 0.007426119 -0.071786486 -0.022953482 -0.05006779 -0.026389401 0.04661554 -0.049168833 -0.0022306095 0.02746009 -0.09267316 0.108343124 0.006406645 0.07276778 -0.058714528 -0.023013407 -0.054139808 0.044011958 0.032999333 -0.0037431768 0.00092054793 0.055265572 -0.028472023 0.056992564 0.0048061535 -0.10295782 -0.06711492 0.0064609284 0.024466831 -0.107767925 0.020651596 0.022978337 0.05544669 -0.010232571 -0.055362117 0.07603372 0.090596505 0.05335732 -0.06865019 0.06118194 -0.0508075 0.018691303 0.09783255 -0.0031775797 0.08574119 0.060371414 0.06690825 0.013471412 0.06961 0.08916272 -0.093865566 0.010916517 -0.032236893 0.07180917 -0.05667563 -0.07589698 -0.040115666 0.052776564 0.061971426 -0.047532715 -0.013386588 0.02526294 -0.09901335 -0.03784991 -0.048592772 0.104275756 0.00096194 0.0072680134 -0.0109323915 0.09647656 -0.041303214 0.07879635 -0.056119923 -0.07057636 0.073501684 -0.09453985 -0.043111835 -0.04451517 0.009331719 0.018776469 0.034933627 -0.053173598 -0.03697462 -0.038248725 0.06818888 0.065382846 0.04801247 0.020092165 -0.002885879 -0.049322087 -0.023073258 -0.08049563 -0.059156585 0.038749672 0.061512165 0.09895501 0.040615324 -0.066785246 -0.01808667 -0.03984912 -0.06895528 0.062746294 -0.07533869 0.033185266 0.0015217022 0.08092914 -0.09454774 -0.015332739 0.0026727687 0.017110027 -0.058877267 0.01494508 -0.04791646 -0.04679713 0.05013515 0.05490053 0.107227765 -0.026432434 0.02794681 0.015970951 0.01881363 -0.00934247 -0.021044359 -0.012273897 -0.102043115 0.0064496514 -0.046803087 0.003926642 0.081893586 0.06307231 0.035711575 -0.057963293 -0.07998901 -0.046469517 -0.098734595 -0.025884595 -0.074668095 -0.10373097 0.0011512792 0.03312049 0.070578 -0.07687198 0.010849848 -0.0650427 0.03667888 -0.051545758 0.032153226 0.045569442 0.05771873 0.016671661 0.06586967 -0.08201771 0.07394602 -0.020160373 -0.051023133 0.07920726 -0.041718196 -0.05668399 -0.09385961 -0.024899276 0.02487741 -0.05768834 -0.09524158 0.0113405045 -0.055228 0.07125318 -0.0035059464 -0.098276526 0.0034223401 0.029152552 -0.010963683 0.080811486 0.035401165 -0.09662879 0.019498676 0.102305375 -0.0115992995 0.046621326 0.025192698 -0.0066118212 -0.028343283 0.07685867 0.07043578 -0.027905976 -0.053600416 -0.024191651 0.013538318 0.025757995 -0.045181703 -0.042728435 0.08215595 0.020733032 -0.026010724 0.07103697 0.025070686 0.06876991 -0.10682456 -0.05048527 -0.108177915 -0.048037596 -0.07380635 -0.018995745 -0.008720905 -0.068935946 -0.091111645 -0.1065504 0.032866005 -0.06075483 -0.08045376 -0.11212474 0.09060129 0.022761509 -0.06363564 -0.07197111 0.06265018 -0.0679128 -0.03784627 -0.026007408 -0.052644044 -0.09040497 -0.03541573 0.077332444 -0.023112426 -0.07895324 0.02281771 -0.068499185 -0.017664857 0.047527898 -0.10128508 -0.04259311 0.02372641 0.0615902 0.019931933 0.05873671 -0.04156893 -0.038798723 0.035939574 -0.091678485 -0.08320673 0.05354724 -0.06807601 -0.060406797 0.0760471 -0.056628466 0.01839908 -0.0358949 -0.01584148 0.04935055 0.06623807 -0.0058435653 -0.075478785 -0.08494964 0.0731779
-0.087516 0.0059966613 -0.11637617 0.018888043 0.08010898 -0.020451523 0.09255507 -0.06902052 0.040183723 -0.04120774 -0.03900622 0.015406556 -0.04526788 -0.030338436 0.024651915 -0.010517462 0.034660053 0.007765359 -0.11654374 -0.051955793 0.0043107956 -0.0038977088 0.02593122 0.009764153 0.0193775 0.06614213 -0.08184969 -0.11499481 -0.055214167 -0.0050674416 0.08503409 -0.033460647 0.14986524 0.055901557 -0.1088853 -0.056109075 -0.05224672 0.029589592 -0.040854163 0.028753709 -0.116209544 -0.060301308 -0.03385225 -0.030470228 -0.029923892 -0.03151989 0.0077565904 0.09471461 0.031795472 -0.05016935 0.1205575 0.030202148 0.10699219 0.11785083 0.08981884 0.027974924 -0.029634189 -0.07348969 0.062119953 0.020653801 0.012003822 0.03946879 -0.15409458 -0.04635018 0.029624317 -0.044682164 0.06909986 0.052727498 0.0945246 0.029361317 -0.04042568 -0.022436213 0.05759536 -0.06687926 0.053394455 0.05898914 0.054655995 0.09251589 0.073897295 0.09497867 -0.03828695 -0.041399337 -0.08053028 0.041081768 0.05266629 0.05830698 -0.04420774 -0.1351605 -0.08146581 0.047430128 -0.13156952 0.10641321 0.025442382 -0.011696491 0.02883872 0.010423953 0.07270971 -0.11236749 -0.016200688 -0.059024487 0.051661517 0.09698242 -0.059117313 -0.07641714 0.055039044 -0.03211107 -0.015978212 0.10564914 0.011736597 -0.05289203 -0.08180859 -0.009106648 0.052536428 0.08085378 0.04871362 0.012473482 -0.025420848 -0.020520644 0.06147841 0.059699055 0.039363828 0.15716508 -0.008614142 -0.062023606 0.09971125 -0.099851936 0.028173365 -0.04584984 0.015527776 0.14366393 0.09748517 0.004119439 -0.05184096 -0.010540807 0.017361477 -0.0072508273 -0.11482344 -0.15915315 0.07331803 -0.005708572 -0.07249067 -0.06446783 0.054772045 -0.0056541585 -0.0812106 -0.09872588 -0.18153043 -0.06258508 0.025734507 0.108590856 -0.04088868 -0.041470308 0.2249733 -0.12325449 0.012663282 0.016228111 0.04386701 0.016256042 0.070249654 -0.06401058 0.16309798 -0.12614092 -0.07271087 0.088012196 0.10202039 0.030336171 -0.01813223 -0.102319255 -0.2232414 -0.064037815 -0.059091046 0.024139263 0.14968677 -0.08318152 0.09561344 0.081876345 0.08241228 -0.11559866 0.005572991 -0.13943212 -0.04835346 -0.014455905 -0.09037361 0.08759588 0.03813569 0.06919419 -0.029967383 -0.030429548 -0.035692126 0.09618536 0.08813183 -0.089668445 0.060445473 -0.033877485 -0.058928125 -0.105204515 0.025342291 0.06256007 0.13986167 0.11827888 -0.084601514 0.0006198963 0.077648245 -0.05943149 -0.08759267 0.053743847 -0.012685554 -0.0899427 0.098633945 -0.06694841 0.10660408 0.035162862 -0.017922865 -0.033537284 0.10020718 -0.077142626 -0.01626614 -0.07616567 0.042146683 -0.07571327 0.10340194 -0.089511424 -0.08917367 -0.07127508 0.05151523 -0.061694965 0.08953994 -0.01318463 -0.09779571 0.036306933 0.031838384 0.046114225 0.073985085 -0.06409494 0.106168434 0.01398988 0.005258985 0.004802899 -0.10051253 0.0020129248 -0.06488948 0.051913243 0.046653096 -0.03891263 0.002348397 0.023650313 0.0980925 -0.116533235 0.065777004 0.0606698 -0.011019525 -0.04940045 -0.11761879 0.06604021 -0.030295527 0.11760133 0.08649291
0.046215586 -0.07841094 0.062215604 0.087511085 0.010482227 0.037424844 0.093515545 -0.08692324 -0.06501814 -0.012332964 -0.009595398 -0.021947704 0.01407371 0.040486176 -0.04924951 -0.100151464 -0.13335776 -0.069870375 0.027858842 0.058515437 0.062297806 0.083989695 0.026640138 -0.11023417 0.044391003 -0.09170551 0.09432801 -0.033081368 -0.0006078976 -0.111868285 0.006946127 0.056418076 -0.07851789 0.041929565 0.08417806 0.0022346363 -0.058731273 -0.019898865 0.035487983 -0.08670712 -0.094706 -0.06410949 -0.032181885 0.03930821 0.0007041569 -0.08979886 -0.04900986 0.11170975 0.034379005 0.09943168 0.034611136 0.015241657 0.07252475 -0.028522788 0.046524372 0.028953798 0.05753796 -0.06328794 0.064917244 0.031295594 0.11182778 -0.05937254 0.053231787 0.04956036 -0.055063672 0.07849758 0.010153668 0.026067864 -0.019505832 0.047959328 -0.061160438 0.02837048 -0.004682141 -0.07141559 -0.066576704 0.06360889 -0.07347679 -0.06471001 -0.043711785 0.04194079 -0.11470608 -0.060884446 0.01964104 -0.019465366 -0.02633313 0.017846255 -0.07490553 -0.01923585 0.015606013 0.068926826 -0.039144725 0.018979985 0.06976082 -0.0776182 0.018667232 0.08681123 0.060383826 0.07246379 -0.029330803 -0.05220598 0.00057992566 -0.03620252 0.07702656 -0.007411918 0.036394548 -0.013045609 -0.032358646 -0.026628444 -0.038893703 -0.021808665 -0.056380484 0.0070313546 0.08081297 -0.013863691 0.03531785 0.067325324 -0.077222876 0.052038614 -0.048283838 0.016996164 -0.03140986 0.085033014 0.07359211 -0.055633195 -0.12708656 0.05577704 -0.0058774957 -0.06880316 -0.016427504 0.09279239 -0.023113355 0.0784777 0.046691768 -0.009898506 0.036186475 0.040772267 0.05073847 -0.09627443 0.019777209 -0.0013435255 -0.0749789 0.026390627 0.005540681 0.045126293 -0.04258776 -0.08118077 -0.076849036 -0.044057336 -0.028824516 0.00011740853 -0.08915034 -0.09225784 0.044145644 0.026472248 -0.0840022 0.050439764 -0.015785107 -0.025007201 0.00846232 0.014447285 -0.07582963 0.055629328 0.079120606 0.094604 0.054339577 0.06695417 0.09105285 0.02973913 -0.024603635 -0.10006651 0.059461262 0.11636067 0.028647333 -0.04993148 0.009851518 0.011205825 -0.0745397 0.06699777 -0.051540986 -0.0009136779 -0.112737246 0.0033683672 -0.08403693 -0.044239827 -0.08373477 0.047033135 0.053869188 0.025270913 -0.0516834 -0.041963454 -0.097884044 0.008116617 0.066740505 0.13027643 -0.03970441 0.056645397 0.032967802 0.059462532 0.102678016 -0.0013083266 0.0716055 0.023417931 0.09937243 0.024030082 0.055823382 0.086475395 0.009972546 -0.0408261 -0.08537213 0.062486425 0.08025512 -0.06976285 0.021512093 -0.087506436 0.05042922 0.033699866 0.074795514 0.0013077661 0.023408204 -0.031739116 -0.008043891 0.05584369 -0.08636415 -0.014301123 0.057840943 0.12137168 -0.0874153 0.05714982 -0.073260106 -0.015786177 0.0414224 0.03625 0.05564773 0.034136605 0.05793041 -0.13214467 0.09504454 -0.0171239 0.098073885 0.036026336 0.020771947 0.09892671 -0.009033161 0.047229137 0.08318063 -0.104937375 -0.01767284 -0.042972345 0.06819278 0.02716935 0.062884435 0.051105894 0.09286288 0.014981891 0.005029807 0.045514423 0.09121346
-0.06279114 -0.037863184 0.020328248 -0.06660415 0.14318778 -0.06856543 0.06744431 -0.11168127 -0.049726885 -0.12789229 -0.019672902 -0.016857646 0.09429636 0.03748804 0.052139852 -0.032678634 0.11514308 0.024328422 0.033310443 0.082001686 -0.10352197 -0.0011422329 -0.06366984 0.0013676356 -0.019135606 0.0115731675 -0.053731646 0.11862947 0.008674926 0.03506726 0.069704466 -0.050307687 0.06303604 0.1192964 0.023995891 -0.0760517 0.0132694235 -0.055938583 -0.016568951 0.10955163 -0.0021659832 -0.037798557 -0.004908404 -0.013206831 0.05482842 0.052369386 0.027062783 0.018607898 -0.06980976 -0.03942851 -0.045221727 -0.01726012 0.018962089 0.02732845 -0.0787511 -0.096442685 -0.052329104 0.008627608 -0.037810992 0.06738243 -0.04356579 0.0148583185 0.0014323792 0.116211295 -0.08892252 -0.059652615 0.020373927 -0.101641685 -0.05082431 0.04414057 0.101985835 -0.06205845 -0.026600888 0.04289912 -0.049057893 0.0946131 -0.10569495 0.082745805 -0.11842101 0.1144251 0.04752191 0.05937568 0.013527944 -0.042935405 -0.024112845 0.0847889 0.05061762 0.07197439 -0.073257454 0.06286458 0.044464596 -0.016389517 -0.11341066 0.119058006 0.13550219 -0.04830352 0.06353374 -0.036155514 -0.024739446 -0.060340654 0.11607814 0.015816253 0.010485379 -0.039119758 0.022319233 -0.071061626 -0.11503359 -0.05745327 -0.06091578 0.046428397 -0.110010356 -0.015939713 -0.09593882 -0.10910507 0.11235505 -0.07757681 0.040193856 0.080876485 -0.03300607 -0.053271726 0.055797994 0.13315511 0.002111121 0.00034508327 -0.064372964 0.0059893997 0.02811476 0.0743259 0.008188888 0.020670082 -0.036778774 0.045718215 -0.120231174 -0.097659536 -0.010997842 -0.004331435 -0.10905261 -0.085246176 0.09484783 -0.04376947 -0.021352222 0.11716364 -0.10521757 0.01070384 -0.10422776 0.12897526 -0.0854585 0.03241624 -0.052624244 -0.005439868 0.021047369 -0.08152192 -0.07725422 -0.08103217 -0.036968302 -0.036282755 0.12594135 -0.024300396 0.09384674 0.10924661 0.12799042 0.113579676 -0.101537086 -0.022662388 0.05107102 -0.024191828 -0.020149674 0.068986796 0.021505 0.047663495 0.045505647 0.07337908 0.0449618 -0.04173007 0.045375865 -0.009970111 -0.008185 -0.105699405 -0.13442193 -0.01378461 -0.006476211 -0.08052854 -0.038917374 0.0643478 -0.03895674 0.09322526 0.023236739 -0.06470999 -0.019845031 -0.0454507 -0.03510442 0.057129145 0.0048529184 0.010029866 0.06392576 0.07953457 0.12885056 0.047697153 -0.050758608 -0.09842698 -0.0037549199 0.010408842 -0.029015023 0.09359509 0.09683564 -0.073745914 0.033767894 -0.073473625 -0.04098024 0.12692451 -0.057335854 0.034280967 -0.0946593 0.12260999 0.010985934 -0.064086445 0.0049237204 -0.037371486 0.0148425205 -0.11858385 -0.051864106 -0.13052207 -0.09610874 -0.024342572 -0.029018711 -0.10623631 0.004190801 0.07193104 -0.024182217 0.015448387 0.05615146 -0.11531532 -0.086761996 0.026886998 0.08897447 -0.009987097 -0.033283707 -0.029900752 -0.07510477 0.045989644 -0.07694547 0.033658903 -0.09783164 0.050564803 0.037699208 -0.0049030962 0.03826736 0.09679943 -0.01716761 0.029175922 0.101832315 -0.07611699 -0.08773669 0.027585046 -0.101832636 -0.04040399 0.08257647
-0.054917853 -0.08205419 0.01900048 -0.050308816 -0.120625384 -0.067415036 0.013578866 0.08786792 -0.068908535 -0.05700536 -0.035113566 0.021556873 0.0016857216 -0.058715943 -0.06395551 0.020533819 0.07827908 0.08606474 0.092616625 -0.03505929 -0.0071539585 0.009149402 -0.08881478 -0.062603496 0.0896292 0.09203168 0.04356049 0.04781818 0.07457906 -0.083573595 0.024512958 -0.057850208 -0.024100993 0.069593094 0.057225335 0.021571534 0.021679575 0.06972651 0.04877552 -0.0056947945 0.09391503 0.05837237 -0.036890507 0.070498094 0.0675595 0.0076930914 0.022040993 -0.080264255 0.06408872 0.08758326 -0.018558187 -0.026193507 -0.06655941 0.065894455 0.017354336 -0.016765747 0.06855923 0.099835925 -0.08143895 0.0064884177 -0.10202524 0.07041384 0.010912447 -0.114441395 -0.07307605 -0.030692263 -0.0022691337 0.06305994 -0.0034172982 0.04951946 -0.020283436 -0.019383859 0.0026221445 0.08395591 0.075884506 0.09461122 -0.002779696 -0.07181118 0.07737885 -0.056754205 0.058154333 0.010388171 -0.10031112 -0.034714732 0.036879633 0.08060463 0.06989518 0.047940467 0.0904396 -0.063860975 0.012556335 0.108296774 -0.10241429 -0.07762821 -0.05378326 0.024689881 -0.048056845 0.07713042 0.08161813 0.05790036 -0.0595858 0.030653963 -0.101234116 0.097642176 0.028753484 0.042594157 -0.056871597 0.052436497 -0.089494444 0.09782267 0.01458425 -0.010392427 0.019681988 -0.07537711 0.065310486 -0.003796931 0.048141792 0.05999828 -0.006640291 -0.06830248 -0.0013383053 -0.022374459 -0.049068257 0.0022885003 0.09240246 0.050551545 -0.012884062 0.06379899 0.048209753 -0.030420894 -0.0071982797 -0.06569863 0.02895528 0.07920388 0.059314087 -0.06446852 0.02413548 -0.042205453 -0.062242728 0.043188483 -0.048854686 -0.019274259 -0.076539904 -0.044715736 -0.048196007 0.039744377 -0.036686286 -0.03801173 -0.06353154 0.12501109 0.120319575 -0.07196525 0.007089367 0.08318914 0.07612752 0.036215134 -0.025884373 0.070752196 0.10580395 0.05605477 0.07892135 0.077310115 -0.038527902 -0.0039041168 -0.07119321 0.019693544 0.011277965 0.06031257 -0.11760533 -0.054242533 -0.09016838 -0.014616334 -0.057193942 0.04610622 -0.012009526 0.07464187 -0.09297457 -0.0397512 -0.08175948 0.07948483 -0.021514587 0.031225735 0.038460005 -0.051516555 0.009065214 0.02262887 -0.035713673 -0.068766065 0.069304995 0.0901864 0.096646644 0.044103924 0.05356597 0.024054894 0.004074122 0.026978636 -0.025585078 -0.0073210467 0.01383827 -0.009036147 0.043911397 -0.03305103 0.037966266 -0.01988251 0.10284663 -0.15380149 0.03863458 -0.03050992 0.047605522 -0.058249883 -0.03983302 -0.05669222 0.013444944 -0.04041531 -0.04843916 -0.024253491 -0.091198474 0.07245005 0.09791396 -0.02397806 0.035495754 -0.036409225 -0.07253254 0.06910848 0.013896031 0.022159379 0.06571616 -0.08057305 -0.03605013 -0.008793744 -0.06264978 -0.031643424 -0.082370035 0.034511454 -0.046345104 -0.04649364 -0.07821801 0.0486324 0.0064281034 -0.10994219 -0.024300423 0.0054547708 0.017700562 -0.00037483234 0.026886491 0.06694012 -0.033183765 -0.015886707 -0.030152334 -0.0044784215 -0.08398183 -0.05835206 -0.00806356 0.03254314 -0.08100757 0.09240753 0.011355875
0.037929557 -0.016889425 0.07283891 0.042237297 -0.06422298 0.06298333 -0.09888741 0.062069178 -0.04135204 -0.067060485 0.006184586 0.13000917 0.051776305 -0.0016820263 -0.049718656 0.021176284 0.033676706 0.067076035 -0.02229426 -0.13198695 0.039530385 -0.026251458 -0.0665446 -0.090855956 -0.05935848 -0.042081054 -0.008928558 0.08538037 0.083097704 0.045008115 -0.022461984 -0.080658525 -0.026531925 -0.07269634 0.0010699 -0.08240449 0.04396327 -0.02871707 -0.005092955 0.06752731 -0.04207044 0.0634074 -0.11617008 0.08321392 -0.0037400068 -0.032451726 0.02487466 0.053720187 -0.08898698 -0.07315802 -0.021722687 0.038680647 -0.082634814 0.05611635 0.090075344 0.020132923 0.018817673 -0.011264466 -0.064152196 0.06564014 0.07027115 -0.10358877 -0.09728443 0.12247336 -0.047968343 0.0312548 0.0907685 -0.07666928 -0.07598673 -0.082066335 0.1036772 -0.09123869 0.024643192 -0.019882102 -0.00066147506 0.026868682 0.03353552 -0.01616459 -0.127162 0.11184309 -0.02056182 0.06270467 0.09358587 -0.0072688586 0.0042223763 0.0051168893 -0.0038173117 0.009336048 0.063477665 -0.11636597 0.06094943 0.008593902 -0.08482903 0.10666003 0.059687316 0.0011308048 -0.05598574 0.04261244 0.07082699 0.04265425 -0.03572286 -0.06304404 0.08372067 -0.079819985 0.0026469522 0.080593206 0.0069401367 -0.05539549 -0.034046758 -0.01967977 -0.09531664 -0.058864642 0.053277444 -0.06435528 -0.0480338 -0.05344935 0.06890142 0.09522369 -0.00041792914 0.060349125 -0.09191616 -0.08319597 -0.09866208 0.06999297 0.059062738 -0.038131576 0.05793187 0.027385999 0.08499764 0.0015691308 0.02723834 0.024275785 -0.06683275 -0.03699458 -0.047627088 0.06651822 -0.14186126 0.03015108 0.1278296 0.07681821 -0.10083772 -0.009052961 -0.106183656 -0.07207869 0.06917456 -0.028384728 -0.0863706 0.018696142 -0.027034925 -0.045375947 0.099477604 0.057878584 0.032505386 0.07372546 -0.0061173257 0.10050647 0.060772125 -0.07982155 0.077949986 0.07040258 0.02473511 0.08061037 -0.036221366 0.07799773 -0.008728987 0.08951716 -0.105058536 0.054537226 -0.038813476 -0.079123944 -0.12797387 0.102711655 -0.049888484 -0.08723228 0.048618313 -0.025206922 0.012963092 0.056376748 0.105223365 0.038500804 -0.005660305 -0.08421726 0.021765172 -0.07993443 0.045227062 0.082013115 0.058055263 0.09596853 0.06743573 -0.04803572 -0.06166951 -0.058677036 0.04085591 -0.08578919 -0.082805894 0.1633926 0.09461859 -0.10865037 -0.025542403 -0.0071326075 -0.06106729 -0.014126227 0.051245008 -0.0060360436 0.040054306 0.020819949 0.022141766 0.03298437 0.09353764 -0.08419276 0.0625921 0.017263196 0.089392476 0.074630074 0.045063652 -0.028914936 -0.05712678 -0.021704923 0.0009959078 0.037627213 0.049324956 -0.10545393 0.091124184 -0.10198895 -0.09172662 0.07088974 0.036618322 0.050277267 -0.090314366 -0.055082325 -0.04770013 -0.0012178397 -0.061138917 0.0877314 0.010620991 -0.066539764 0.05901437 -0.06777656 -0.025559625 0.034094397 0.08907651 0.038312018 0.066677995 -0.10048107 0.07527831 0.14318109 -0.029493125 0.059806556 -0.10034985 0.023032231 0.059480965 0.069025576 -0.03795515 -0.03458084 -0.10672383 0.101291075 -0.04973013
0.04256547 0.07243313 0.06173733 -0.037870947 -0.035463355 -0.058213674 -0.046735223 -0.11329149 0.025718117 0.076880984 0.110900246 -0.09956092 0.097515635 0.078171134 0.017528193 0.03960744 -0.054727037 0.108069286 -0.008983378 0.055785898 0.044989355 0.014814726 -0.077633984 -0.016685598 0.065183386 -0.02354869 0.06750354 -0.011421576 -0.008783415 -0.040280424 0.025885554 0.06363998 -0.012799536 -0.03101585 -0.0015001503 0.049533 0.047016602 0.029159702 0.103436 -0.061844405 -0.055599716 0.025906038 0.048369695 0.059938878 -0.04299879 -0.07075061 0.027525555 0.018734932 0.08712561 0.073289394 -0.05606053 0.016015096 0.01077646 -0.025395537 0.014483188 -0.0038362434 0.0649177 -0.0428329 -0.00014246795 0.031471904 0.011824483 -0.02726516 0.003323792 0.0067658736 0.031192817 0.016507398 0.04540792 0.054837264 0.0015496877 -0.041833922 0.104910836 0.103321455 -0.033236478 -0.012605242 0.10037994 0.0891304 0.07777596 -0.061282415 0.053734295 0.082432225 0.07911484 0.070456184 -0.050045416 0.020286508 0.031597547 0.076382175 -0.03283554 -0.09096918 0.08377123 0.05848153 -0.037867397 0.026984718 -0.08199344 0.03383779 0.05829044 0.10763691 0.050876074 -0.09799609 -0.010185371 0.04801233 -0.020335916 -0.04499634 0.06048885 -0.021303244 0.03728472 -0.052084133 0.090158656 -0.01368972 -0.02791665 0.04885646 -0.114345826 0.0153896995 -0.009421177 0.014897683 0.10120889 -0.019988282 0.06382145 0.08444799 -0.0515263 -0.120495595 0.0631934 -0.0077279513 -0.098155685 0.045923345 -0.06345715 -0.052630432 0.06660236 0.10059073 -0.024012595 0.02446599 -0.052384946 0.052183755 0.045597624 -0.01431544 0.06496823 -0.08959886 -0.0098968595 0.07300059 0.062769115 -0.112435356 -0.05624222 0.029558409 0.046171088 0.08693145 -0.03160115 -0.042335518 -0.050024975 0.02611762 0.036294244 -0.0006963484 0.020284578 -0.0075860014 0.0498146 0.119734675 -0.0667196 -0.03278949 -0.045816746 0.0346584 0.018114932 0.02117988 0.065579325 0.10785491 0.019811086 -0.04728451 0.05258499 0.11020241 -0.057374973 0.115379795 -0.10561293 0.047116615 0.03731615 0.026763795 0.06750223 0.120663404 0.049924523 0.08135382 -0.054762833 0.07991215 -0.09266141 -0.032862943 0.059815034 0.03388425 -0.035301793 -0.064759575 -0.027039863 -0.09789446 0.004856711 0.07613327 0.11092792 0.028133126 -0.099758685 0.069296785 -0.030056536 0.02537837 0.082689114 0.09525729 -0.10459708 -0.11838474 0.032010283 0.059930403 0.021312172 -0.06490436 0.034218222 0.06273316 0.046651173 -0.057787616 -0.0012534193 -0.032950535 -0.030013002 0.09799025 0.0069234716 -0.012583393 -0.0689197 0.04929934 0.068743564 0.09714245 0.031530578 -0.05061534 0.067736305 -0.009407748 -0.016937727 -0.038475696 -0.014925158 0.04683349 0.06980697 -0.020289864 -0.028463032 0.08955778 0.04490177 0.05259941 -0.109595716 0.064785086 0.013615541 0.08908415 -0.01641642 -0.09076446 0.0496517 0.06687047 -0.072642244 -0.09367099 -0.12357543 -0.026192745 -0.06834989 0.08461792 0.05822176 -0.0042340597 -0.09238942 -0.006485368 0.09448401 0.080709755 -0.0679258 0.07059176 0.008504231 -0.033561055 0.065214746 0.104406714 0.037131004
-0.035832845 0.048205808 -0.08236894 0.07564007 -0.02571379 -0.02432848 0.0075756325 -0.09049263 -0.07876783 -0.04122445 0.04442085 0.06253564 -0.082120106 -0.012947294 0.07650382 -0.0009561622 -0.027671603 -0.062425006 0.08871142 -0.06739658 0.032258503 -0.034331232 0.039124403 -0.041932445 0.066667065 -0.0021613054 -0.02350299 -0.040041797 -0.02719263 -0.03533354 0.08158596 0.000274035 0.052293826 0.06835293 0.11262714 0.036789414 -0.08239959 0.006962898 0.03708987 0.08629989 -0.0640207 0.032257814 0.05231323 -0.023911111 0.08428101 -0.0070881858 0.10144806 0.0015620406 0.024137689 -0.024902713 0.0055485507 -0.12989417 0.055030946 0.06136385 -0.049583856 0.003512844 0.0059222835 0.08034099 0.07135773 0.08870113 0.0071031894 -0.06968402 0.071487606 0.018336678 0.107676856 0.04881417 0.039187767 -0.012055959 -0.117503494 0.1236901 -0.05285654 0.020140784 -0.020790812 0.037414875 0.11068068 0.10126435 -0.07763496 0.011411011 0.041694675 0.09467041 0.034530334 0.05999471 0.053887416 0.07791095 0.020615794 -0.04668888 0.07168454 -0.06817136 0.048953224 0.07895233 -0.028492918 0.0058443025 -0.09473612 0.09145088 0.029856611 -0.13200258 -0.07674859 0.07421289 -0.10009617 -0.01225403 0.08058255 0.05036232 -0.0043447264 0.025432663 -0.004011233 -0.058825836 -0.021323297 -0.08521188 0.09648469 -0.08287522 -0.016390616 0.051981643 -0.03521877 0.013944584 -0.06527215 -0.10980037 0.038158894 -0.020200582 0.049782153 0.087381214 0.07280634 0.0008646239 0.006464579 -0.03789849 -0.107155174 0.07176475 -0.023786278 0.02112573 -0.09870865 0.08192351 0.011579543 0.0023496915 0.03714113 0.004602449 0.017735936 0.09450214 0.03714662 0.058492623 -0.08909454 -0.07628064 0.09167203 0.044517085 -0.020566266 0.052594855 0.09651083 0.0397695 0.04291269 -0.057813343 -0.020316495 0.040991075 0.010670109 0.052196078 0.024392184 0.017984593 -0.07540913 -0.08962342 0.041621737 0.05461885 0.059010755 -0.07707731 0.028181616 0.050469417 0.10938375 -0.047255233 -0.0025312111 0.016283065 0.0040502814 0.07746557 -0.06616241 0.07920628 0.00097517006 -0.013016978 -0.00827743 0.059009995 -0.027292792 0.046500303 0.07449674 -0.06467111 0.023456402 0.13103072 0.05881033 -0.03830845 0.028786596 -0.0966383 0.043086767 0.028407862 -0.07995369 -0.07268159 0.008649476 0.023936793 0.010925175 0.05391969 -0.048443105 -0.06352078 0.07513151 -0.060365397 0.06688302 0.027502442 0.05219541 -0.1053765 -0.016849369 0.03582575 -0.14096151 0.056831542 -0.0016270764 -0.0054966654 -0.032698505 0.07721557 -0.0603599 -0.03252551 0.06082635 0.08010003 -0.070062175 0.103704885 -0.0019184743 -0.016833061 0.07601675 -0.014674478 -0.030664716 0.1201846 -0.05480449 -0.026407802 -0.03133551 -0.06606935 -0.08009989 -0.026467238 -0.03844581 -0.097340435 -0.09477566 0.008202485 -0.016990162 0.009242807 -0.021886991 -0.06468688 -0.09466059 0.031477068 -0.031418845 0.044347145 0.07085631 0.040461987 -0.021489793 -0.05812352 0.0011137322 -0.053057656 -0.09462254 0.028519487 0.0831062 0.0034535516 -0.06848327 -0.11376221 0.015578298 0.038922943 0.04211688 -0.03154048 -0.037285954 -0.030893676 -0.009577171
-0.029162928 -0.062443234 -0.026007202 0.012102582 0.0025234763 0.063099004 0.024608003 0.009236738 -0.07066896 0.049992517 0.05440715 0.055278625 0.031318005 -0.09790676 -0.08753707 0.02331573 -0.074959375 0.0023746172 0.023097765 0.030210212 -0.033908974 0.062431883 0.0111246 -0.0983623 -0.07212184 0.14203325 0.018450059 0.007834755 0.03151685 0.04382884 0.08802914 -0.09283456 0.013504257 -0.01512199 -0.07592431 -0.11292927 0.059009872 -0.07137091 0.05552961 -0.097011805 0.015429694 -0.10634487 0.02151886 0.06373992 0.065157294 0.081642 0.046253376 0.12088912 -0.104273535 0.03282007 0.048026983 0.021843791 0.06782338 0.028009482 -0.09579688 -0.0012483606 -0.08161848 -0.037243802 -0.06081977 -0.043267302 0.03218327 0.07193678 -0.031809054 0.068869464 -0.023624402 0.035221703 -0.11218375 -0.051382106 -0.036320217 -0.13232365 0.07913859 -0.09800368 0.06290442 0.08571897 0.026491178 0.03602501 -0.0517603 0.11739954 -0.0005130473 0.070011355 0.06477137 -0.0024856883 0.10260848 0.10113183 -0.07139388 0.09820221 0.020578746 -0.05521722 0.06553725 0.113769576 0.08100541 -0.13182467 0.028689446 0.013738996 -0.04773547 0.104844965 0.042433362 -0.05032948 -0.0398984 -0.081353076 0.1281985 0.009929902 0.035655964 0.044346668 0.007670501 0.022380639 0.06597982 -0.0039484357 0.075600356 -0.043481655 -0.013542417 0.009766496 0.0102065755 -0.00019748184 0.053380683 0.056977674 0.060737915 -0.06256042 0.07602259 -0.038612757 0.054238603 0.001006931 -0.102591366 0.08177919 -0.086141154 0.009479371 0.00086557464 0.11150507 0.08578981 -0.009381587 -0.003489488 -0.032095794 -0.07554042 -0.010915483 -0.0008922064 -0.110326864 0.016769225 0.0072847013 0.07255348 -0.07599306 -0.045818195 -0.0056096027 -0.034489516 0.04197255 -0.075122215 0.027016252 0.047424316 -0.0109586865 -0.08471693 -0.031687386 0.024160951 -0.02816388 0.011141912 -0.00030118896 -0.03655035 -0.026556622 0.018835306 -0.111117944 -0.07308731 -0.052336 0.07870498 -0.08467947 0.022110714 -0.004140403 -0.043058757 0.09622122 -0.09130255 -0.05676133 -0.092242 -0.041161064 0.020473262 0.055885874 0.14074624 -0.05048041 -0.06770284 0.030136663 -0.017379833 -0.039373197 -0.11793662 -0.10439966 0.039923497 0.06516322 0.008109148 -0.006889711 -0.07636371 -0.053284995 -0.015687056 -0.048135843 0.097125985 -0.023504136 0.04295348 -0.051130082 0.017414989 -0.009165743 0.095458426 -0.09297142 0.0013388788 -0.08442518 -0.09430061 0.025053538 -0.059184846 0.031975478 0.042980958 0.11657652 0.035112716 0.053544708 -0.01646618 0.112204015 0.050809935 -0.12335167 0.13222907 -0.07348543 -0.07639996 -0.027899498 0.09794497 -0.05868422 -0.06806396 -0.06083511 0.017960997 0.03628258 -0.043517202 0.097021714 -0.05378961 -0.018234605 0.06989933 0.0037811866 0.0847124 0.009810729 0.0853779 -0.036337685 -0.025190234 0.038740315 -0.007712708 -0.06784791 -0.08164605 0.031407367 0.061629195 0.02620088 -0.06493971 -0.012732023 0.01736747 0.018951777 -0.068246804 0.0612779 0.08949504 -0.044734955 -0.039533295 0.08787758 0.08416043 0.044179082 -0.027685456 -0.063151374 0.03972904 -0.08992669 -0.06702956 0.06604661 0.061573397
0.014929482 -0.08721143 -0.039906662 -0.025725633 -0.15022123 0.004695621 -0.0814234 -0.062969536 0.07526883 -0.0711055 0.008820485 0.023306416 -0.084015176 0.07026575 -0.03815311 0.0078270035 -0.09556476 -0.039143965 -0.06124227 -0.07451143 -0.0828112 -0.06527347 -0.036562055 0.043250993 -0.032213405 0.076512836 0.00034881267 -0.14922474 -0.016605962 -0.046234455 -0.06533426 -0.046750892 -0.006213603 0.015349662 -0.073849514 0.043603685 -0.074046135 -0.038547672 0.0421196 0.090487584 0.085180365 -0.0712052 -0.05690076 0.10367707 0.06708694 0.034039292 0.013175387 -0.11086738 0.09078063 0.09903125 0.06048309 -0.11082806 0.07609144 -0.07219349 -0.01042673 -0.105043374 0.02799075 0.010596133 0.0044515347 -0.043998133 0.007477372 -0.06298448 0.0066263136 0.072809525 0.15188049 -0.066897675 0.082959205 -0.11780886 -0.04488755 0.07808181 0.086961515 -0.07057325 0.015565379 0.07229487 0.07542104 -0.03768445 0.0862276 -0.04195283 -0.09030256 -0.029395273 -0.115895435 0.1166962 -0.10164574 0.034411725 0.0075958814 0.05566841 -0.03967219 0.01943791 -0.1066746 -0.058603555 0.0023126234 -0.04082402 0.09387344 0.033823207 -0.08231534 -0.12794064 0.06346411 0.049883414 0.08405812 -0.026071174 -0.079849444 -0.060878415 -0.100397624 0.06799161 0.029063612 0.05660249 0.025856826 -0.011597291 0.11129384 0.07660372 -0.073985085 0.06426385 -0.014479163 0.019254103 0.06583595 0.039689597 0.05339405 0.0279825 0.046118416 -0.02566941 0.08493039 -0.012527944 0.094719686 -0.018486403 -0.047272097 0.024095261 -0.03457132 0.020236043 -0.118033275 -0.029202374 -0.037049122 0.028672438 0.09210629 0.032384086 -0.00092894287 0.1298209 0.020208951 0.07374591 -0.033364575 -0.0010763115 0.07530424 0.0375793 0.055239957 -0.05170456 0.0311548 0.08347238 0.0023185804 -0.021085141 -0.12264464 0.08056873 -0.059211437 0.04963989 -0.061612904 -0.008763704 0.027618863 0.050796833 -0.07143961 -0.04586256 0.06422118 -0.048688613 0.0935633 0.05809109 0.118983276 -0.0961674 -0.104830585 0.027547028 -0.02618397 -0.0071775247 0.07786845 0.026909785 -0.06251223 0.02186428 -0.02227216 0.016548848 -0.0070500714 -0.030666785 0.0064141066 -0.022072844 -0.012570017 -0.00040995414 -0.08277465 0.03109057 0.073735714 0.12808459 0.118906215 0.02819915 -0.10019949 0.050670654 0.043253113 0.014929604 0.045005437 -0.04542989 0.064978704 0.07320543 -0.05494724 -0.038176086 -0.05625251 0.0410316 0.008943812 -0.08529689 0.019833641 -0.05735817 -0.021041144 -0.0007364535 -0.062143844 -0.066471085 0.007944301 0.03619844 0.024568873 0.058569565 0.014937623 0.0109868245 -0.015953077 0.044663742 -0.10460468 -0.033393044 0.036719598 -0.061757028 0.06174889 0.13732006 -0.061345592 0.123633996 -0.0033512078 -0.0012401815 0.04928391 0.13148464 -0.073556624 -0.039613876 -0.0020599037 0.013638376 0.0884483 0.08277314 0.059416916 0.06008997 0.017607681 -0.045068905 0.0050277147 -0.10773084 0.13540635 -0.074459314 -0.0704014 0.009432549 -0.026851084 0.09678115 -0.084028594 -0.06406651 0.08364552 -0.07919748 -0.11771258 -0.041964155 -0.03143878 -0.054540873 0.086547576 0.042124826 0.089862265 -0.047536425 -0.08025169
-0.09011744 0.0031997918 -0.016997015 -0.05715944 -0.016110195 -0.084112264 0.07576274 0.021170713 0.009825231 0.1135273 -0.084062055 0.032129414 -0.02650615 0.013342115 -0.06543227 0.071380526 -0.072681226 -0.053321462 -0.07743148 -0.025777567 0.08387333 -0.037657406 0.024842458 -0.063214555 0.030860227 -0.07485752 -0.05208815 0.036231197 -0.053929333 0.10115727 -0.051862445 0.055398628 -0.00887607 -0.07949024 0.05213921 0.061631467 -0.08622371 0.059089895 -0.0037198858 0.020250611 0.08905605 0.08637043 0.09449039 0.028667023 -0.04656793 -0.07927862 0.0409401 0.049517438 0.0931185 -0.048644718 -0.03250072 0.078106895 -0.023779403 -0.08937331 -0.10272026 0.057447586 -0.00826079 0.024025088 0.087213874 0.025869766 0.01917753 0.09067713 0.0541554 -0.09049611 -0.05345964 -0.07767185 -0.06665651 0.09120148 -0.037415966 -0.057302307 -0.006710334 -0.057917126 0.08912007 0.070074186 -0.047003336 -0.062281355 0.06255183 0.050401494 0.015093208 0.06706723 0.028815199 0.089761026 -0.02257011 -0.0885046 0.06273746 -0.03820063 -0.059188083 0.05510188 -0.024317907 -0.033215627 0.031470068 -0.05634225 0.048498712 -0.08591889 0.040019907 0.005517243 -0.037619203 0.013381206 0.026072124 0.047761783 0.052847397 0.09231486 0.013802275 0.020514166 -0.026336307 0.0844511 -0.10522727 -0.09669499 0.024301983 0.09773788 0.0123317735 -0.017472923 0.00046575782 -0.068755984 -0.0016910936 0.10866959 -0.05662493 -0.025075225 0.0049772696 -0.06058072 -0.09325726 0.046148185 0.05983183 0.07215948 -0.06841486 0.03433671 0.039421935 0.11616372 -0.089017935 -0.009042728 0.082176894 0.00422298 0.104689345 0.06959435 0.018490985 0.08286557 -0.03729756 -0.032700635 -0.050917573 -0.08526313 -0.059513953 0.033131853 -0.058707215 -0.038645197 -0.075367615 0.09527452 0.0006919949 -0.0037380091 -0.047318164 0.08420339 0.023812274 0.053740513 0.08105393 -0.091602094 0.092403725 0.02962158 0.07455663 0.10637852 0.020260928 0.07517808 0.047908287 0.09886026 -0.036954213 -0.058122247 -0.04503003 -0.07666945 0.03721344 0.02059892 -0.07068919 -0.01618702 0.07441556 -0.05024942 0.05177752 -0.078606635 -0.14182298 -0.0831827 -0.09153344 0.03403878 0.050636258 -0.008154092 -0.03760337 0.049051125 -0.06537214 -0.027425947 0.07638377 0.04288671 0.019945288 0.0756694 0.045217507 -0.047014844 0.040122338 0.07726787 0.037361223 0.051897626 -0.061668828 -0.015449669 0.08178593 0.025016975 0.064436324 -0.0028799772 -0.09593847 -0.072681755 -0.068829395 0.058504462 0.0004917578 0.018366054 -0.06775694 0.0351188 -0.0017163958 -0.08020037 -0.008471073 0.007024808 0.06384251 -0.07625455 -0.04711023 0.004186647 0.01082718 0.06237165 -0.089044996 0.12158516 -0.08166764 0.057921655 -0.026805373 -0.06636352 0.052762873 0.001798887 0.034440048 -0.06774203 0.021641808 -0.105783984 0.09191015 -0.039272252 -0.014422862 -0.09765663 0.065941334 -0.013341033 -0.032834757 0.0028920532 0.07898219 0.02796692 -0.07595821 -0.025890782 -0.07315901 0.0063158707 -0.110620275 0.06093509 0.015335397 0.046261918 0.0262385 -0.075936265 -0.06304181 -0.05462817 -0.022385739 0.062099427 0.08042609 -0.01044596 0.054122977
-0.07814438 0.055644598 0.08904926 0.0065450827 -0.07437322 -0.062225215 -0.07291291 0.043064665 -0.0737192 -0.026302885 0.032239467 0.08974064 0.08908172 -0.08086842 -0.03306635 -0.033092093 0.006539804 -0.06394237 0.055940647 -0.018196775 0.0063900673 0.027834792 -0.08102964 0.10820799 -0.022934237 0.004791685 -0.016227953 -0.10922687 -0.04483267 0.03746386 -0.024306221 0.00225561 0.0202486 -0.05767252 0.042900838 -0.03321033 0.014478387 0.05171211 0.004473463 -0.10564613 -0.055498604 -0.08974359 0.0020460833 0.11217481 -0.013975757 -0.03976346 -0.09841573 0.019053362 0.042672448 -0.050667454 0.11065397 -0.0055818283 -0.06829529 -0.029769529 -0.0024942409 -0.1079489 -0.094739474 -0.036022324 -0.006043326 0.023893435 -0.041686602 -0.031156905 0.0247321 0.0060116793 0.008832293 0.06106625 -0.08801776 -0.12767667 0.064772636 0.105266474 -0.056002688 0.046062052 0.097325586 -0.10317884 -0.015998797 0.07281422 0.0023621703 0.029462678 -0.06423003 0.106870145 -0.057418846 -0.038218223 0.031436216 -0.093563884 0.019614613 -0.03180687 -0.014093166 -0.10310554 -0.08008595 -0.056925237 -0.039007384 0.037120406 -0.073385306 0.03358959 0.068469256 -0.10069478 -0.0010628196 -0.099736825 0.036955565 0.0067910105 0.003591646 -0.07540225 -0.06358265 0.05695766 -0.097658925 -0.10736402 -0.07727566 0.027944826 0.0477134 -0.0092515 -0.0634768 -0.01322831 -0.010255293 0.005613907 -0.04178081 0.07514284 -0.021179339 -0.018490985 0.034110192 0.03730375 0.05724031 0.021636851 -0.1004172 0.0089088185 0.035965234 -0.107313365 0.009268557 0.037051808 0.058011085 -0.082110316 -0.044946935 0.08962434 -0.004158391 0.082517646 -0.0051276316 -0.0384293 0.074603654 -0.06572079 -0.058775138 -0.07998315 0.04742735 0.10306424 -0.055029735 0.015895858 -0.10057816 0.030441726 0.10444158 0.042176962 -0.023181818 -0.08791618 -0.028717544 -0.10109958 -0.018552115 -0.06990432 -0.013518093 -0.062821776 0.018502058 0.0523075 0.026024308 0.10112488 0.108697966 -0.08612675 0.027107913 -0.011980442 -0.017334925 -0.01133999 -0.028959136 0.10512516 -0.01392554 -0.013335941 -0.10226813 -0.06027587 -0.07261102 -0.010671492 0.0395903 0.08004404 0.07504925 -0.14037153 0.032527216 -0.032113247 -0.010124581 0.07087882 0.01263571 0.04176286 0.013701025 0.07321689 0.018497204 0.069599584 0.1344517 0.11537525 -0.012965829 -0.043980014 0.047253396 -0.0704922 -0.05623483 0.02122262 -0.053746074 0.110242955 -0.06338915 0.07431281 -0.08609015 0.06744101 0.0012494993 -0.09206471 0.059385717 -0.027143624 0.05758531 0.030878292 -0.041642565 -0.03801647 0.07033369 0.08478037 0.07388826 -0.025965452 0.04784068 0.05532753 0.053865306 0.045272697 0.040901158 0.1597122 -0.020754974 0.0005260671 0.029692203 0.015517722 0.06018196 0.074764594 -0.014067084 -0.07873198 -0.09754129 -0.03004538 0.0472263 0.010181004 0.0025001692 -0.01178136 0.048326716 0.045498654 -0.10601495 -0.109671384 0.060257543 0.005470829 -0.013589104 -0.04858064 0.0068379636 0.037212133 0.06097306 0.083767414 0.09066473 -0.100596935 0.055570666 -0.09818081 0.0497062 -0.03089942 0.015158751 0.109534785 -0.058458537 0.029177679 -0.043347564
0.029184837 -0.059699483 -0.13829009 0.002118212 -0.055166993 -0.06266311 -0.046874486 -0.03869267 0.03097334 -0.023003716 -0.07259892 -0.04331405 0.05504993 -0.026785694 -0.0069045825 0.081470266 0.11685968 -0.087085456 0.08897657 -0.10405718 0.053217355 0.009672906 -0.07709017 -0.087340355 0.0011337192 0.03166783 0.059818607 -0.0691989 -0.104806565 -0.078866854 -0.07686022 -0.030299759 -0.04038465 0.06295052 -0.08433094 -0.029201142 -0.012333735 -0.019553458 -0.07719764 0.11224565 -0.037880514 0.01109033 -0.08121476 -0.112099454 -0.00020888913 0.09544814 0.011617878 -0.11533258 -0.029655397 0.07290966 0.07638628 -0.10404277 0.015015807 -0.0013644766 -0.10207993 -0.10472471 0.08486783 -0.032091785 0.093784794 0.0812033 -0.021675467 0.096876115 -0.037070487 0.011507919 0.034993682 0.08138392 0.13369875 -0.01613409 -0.061601616 -0.05247853 0.016938351 -0.0017887806 0.049819965 0.055509854 -0.01273633 -0.09337528 -0.032964393 0.06430506 -0.03259839 -0.006930115 -0.061543435 0.00016522741 -0.07296529 0.10126073 0.022942735 0.02597748 0.0764487 0.027656011 0.062027395 -0.04085474 -0.050294753 0.046157498 0.021992285 0.0039751553 0.016495405 -0.062531374 0.097292244 -0.014889481 0.05027789 0.015055376 -0.047590557 0.032775827 0.021462487 0.0062631466 -0.05022355 0.08579951 0.049492598 -0.090223856 0.009186049 -0.101575404 0.08111247 -0.09327827 0.06271538 0.05093863 -0.07415122 -0.016772049 -0.033423185 0.07306946 -0.0064580226 -0.11653785 0.08610886 -0.041054115 0.08965135 0.11312367 0.12170857 -0.043020707 0.10203534 -0.033746693 -0.1167888 -0.025358282 0.03495016 -0.095771864 0.10504404 -0.044123914 0.139128 0.061169297 0.021587104 -0.007360758 -0.007690492 -0.019030683 -0.027199756 0.07892564 -0.006850308 -0.11412483 -0.016929725 -0.058703437 -0.06405367 -0.012995701 -0.07833915 -0.048792884 -0.12401868 0.05969188 -0.026226563 -0.043359727 -0.036047757 0.037535556 0.03427014 -0.024932722 0.0054254383 0.042655207 0.11956801 0.080708764 -0.020187594 0.097997956 0.083506286 -0.106713735 0.07862866 0.0765587 -0.07749977 0.049584996 -0.06508295 0.08254735 0.115178026 0.07284762 0.05006641 -0.033029083 -0.009744396 -0.044903044 -0.011816158 -0.014116104 -0.023662256 -0.064535156 -0.034529645 -0.04779503 -0.032949388 -0.01474954 -0.06918039 -0.10922655 0.046458162 -0.047894493 0.01827731 0.13714983 -0.0050735534 -0.09277727 -0.006013565 -0.020622548 0.14813268 -0.10441672 0.070593365 -0.08912674 0.05326852 -0.039113875 -0.07332497 0.08570448 0.04765574 -0.014368176 0.061603013 0.031016845 0.122305855 -0.09344472 -0.07228763 0.07347165 -0.04455919 0.0033609008 0.0630625 0.027834151 0.014297206 -0.018893488 -0.065399036 -0.15364482 0.08351457 0.0021799768 -0.029162455 -0.11241368 0.061743174 0.08644283 0.03266596 0.05287261 0.07594188 -0.006512007 -0.10721719 -0.047939546 0.0088569885 0.0040988317 -0.028751623 0.032784335 0.05261794 0.019648511 -0.046994317 0.057536326 -0.021604419 0.017074546 -0.07427907 0.026091397 -0.07305475 -0.0016150251 0.050779924 -0.012764754 0.015202645 0.05083625 0.062190764 -0.09145899 0.044274975 0.00506482 0.10656734 0.037118286 0.034399524
0.062156048 0.037636183 0.00089863956 0.0779023 -0.037664603 0.071385846 -0.05207262 0.018986965 0.026962457 -0.00022121295 -0.054349657 -0.028517613 0.014144966 0.012070356 0.038631216 -0.0957267 -0.0029770886 -0.038402952 0.093464874 -0.12069786 -0.058854986 -0.08085996 0.021629 -0.10949041 -0.110256165 0.002635524 -0.042709537 0.02717745 0.06830476 0.10429879 0.14048341 -0.03346224 -0.008786479 -0.099066935 -0.060217954 0.04781347 -0.0082327025 0.015016845 -0.07574344 0.045323126 -0.01660616 0.0004893174 -0.015676381 -0.014200099 -0.079782955 0.004283508 0.07966286 -0.11364036 -0.080748126 -0.0029841491 -0.06847793 0.040061675 -0.04085738 0.10529632 -0.066422835 -0.028290145 0.003506263 -0.0038738018 -0.009616399 -0.07504257 0.0101960655 -0.095214345 0.10792778 -0.069706544 0.1023344 -0.112310246 0.03874141 0.06271124 0.016007688 -0.054663647 -0.0198969 0.040477477 0.055516936 -0.069873415 0.10967763 0.04646155 0.012770668 0.02602063 -0.0675503 -0.061159715 -0.044940278 -0.064885594 -0.10437101 0.107053585 -0.014118316 -0.018742474 -0.015630508 0.067821875 0.04551769 -0.022142513 -0.019492665 -0.059318896 0.075534 0.07733844 -0.0947593 0.07798608 -0.012167015 0.022497626 0.001240054 -0.049545597 0.02127399 -0.07416342 0.055522233 0.037235994 0.07859579 0.15625979 -0.07159796 -0.08454337 -0.08033456 0.017346455 0.06689814 -0.093545 0.069608815 0.08253972 0.08204407 0.083629064 0.0905086 0.082070306 0.05311653 -0.068206556 -0.088566944 -0.06705223 0.033514388 -0.01584648 -0.096261166 0.109681755 0.05190857 0.06528132 0.08879304 0.03639205 0.00042852864 0.07888674 -0.055445217 0.077267826 0.005306695 0.091080174 -0.043646067 -0.07684537 0.0811804 -0.004894697 -0.04256012 0.034870602 0.10665782 -0.05095062 -0.10194937 -0.08127171 0.010072148 -0.027298711 0.020282257 0.046751782 -0.025715498 0.018757055 -0.08437037 0.12539181 0.0894193 -0.11718807 0.002170616 0.11131352 0.056877535 0.012317131 -0.062064648 -0.0745863 0.034070063 0.026052516 0.0076361243 -0.068850294 -0.025819011 0.021740094 0.038587622 -0.031388935 -0.09460978 0.04582323 0.12859449 -0.03801443 -0.0747981 -0.038959723 -0.023148311 0.14151287 0.05734858 0.030175578 -0.0021297107 0.06531485 0.11262415 0.08444993 -0.04958078 0.06339255 -0.03716075 0.05634945 -0.07183542 -0.026337255 -0.081105195 0.06918568 0.039805003 -0.066572934 -0.06833021 0.029105248 0.06527131 0.09374181 0.102643326 -0.05800357 -0.017682824 -0.077350646 -0.011884119 0.07953747 -0.08424325 0.009317266 -0.08947582 -0.017301362 -0.025732122 0.07352396 -0.095662266 -0.062302865 -0.018896738 0.04830375 -0.042397358 0.12955016 0.031571884 -0.12700665 0.09903776 -0.033718698 0.013005815 0.096621856 0.02095782 -0.12881267 0.075750984 0.023194479 -0.0876538 -0.09246794 0.021901432 0.07108461 -0.0049998686 0.051708452 0.041245714 -0.01856548 -0.035309892 0.087447435 -0.02858748 0.02345818 0.026775545 -0.09364855 0.07558163 -0.054682363 0.051029045 0.05283806 0.017131435 0.08526579 -0.063182846 0.033681966 -0.036024205 -0.02126303 0.025580106 0.07081798 -0.03165985 -0.052358504 -0.0013002373 -0.06551213 0.0031584084
0.005995771 0.045703594 -0.025782917 0.071004875 0.082721345 -0.13220537 0.07627353 0.15211521 0.070216596 0.0017677288 0.015674623 -0.06449257 -0.041592438 -0.022171056 0.10122177 -0.05298085 -0.038938668 -0.025402708 0.109028496 0.07823247 -0.11813971 -0.033161465 -0.025692109 0.121517844 -0.111909986 -0.062875666 -0.07129904 -0.06452473 -0.059040938 -0.10359592 0.11414222 -0.03604512 0.055178117 0.07749956 -0.08296046 -0.0041527436 -0.042306498 0.117177054 0.062418606 0.02955984 -0.018061513 0.040158864 -0.063780375 -0.072797656 0.056181364 0.048096944 -0.039364327 -0.0067487964 -0.0590722 0.016066829 -0.04679965 -0.044521157 0.105820246 -0.07092625 -0.13169718 -0.07081596 -0.071948335 0.04949543 0.03585601 0.005908843 0.025969265 -0.015964761 0.010104828 -0.050625995 0.05942086 0.07399683 -0.11896282 -0.102627315 -0.023695804 -0.1511567 0.08487942 -0.035345122 0.028117994 -0.055719327 0.072819136 -0.034933794 -0.10515351 0.050546627 0.04977334 0.03276476 0.074618846 -0.060553342 -0.04342713 0.054146606 0.043014713 0.019321427 -0.08406621 -0.0017168786 -0.08788476 -0.059179418 0.073042475 -0.019757567 -0.0481679 -0.06551567 -0.02941307 0.028592497 -0.041678824 -0.04290713 0.034813102 0.037704337 -0.120931685 -0.013736498 0.06784474 0.038253147 -0.08255725 0.0640872 -0.022937052 -0.03602519 -0.008270113 -0.07082791 0.10847466 0.0060488833 -0.07154399 -0.033397418 -0.03335153 0.043608766 -0.09701201 -0.041557934 -0.08237725 0.050626274 0.058581978 0.039301194 0.072986744 -0.12787578 0.042038478 -0.13471426 0.019010771 0.021030998 0.09914198 -0.012845375 -0.068637796 -0.032821257 0.10073369 0.06340224 -0.049236957 0.10075452 -0.11468699 -0.09467144 -0.086444445 -0.047304653 0.0615202 0.046536095 0.021851484 0.038994383 -0.0858385 -0.03635646 0.0874123 -0.038315292 0.0656507 0.07493895 -0.05424773 0.08369366 -0.0029472432 -0.04722103 -0.033483922 -0.005894433 -0.008498933 -0.11304267 0.11652858 0.011775793 0.03714032 -0.0061597074 -0.10203121 0.042692263 0.020395482 0.068606615 0.123015955 -0.05816485 0.020917179 -0.08394495 -0.08967503 -0.08241276 -0.021530092 0.016134838 0.04768537 0.101686366 0.075876206 -0.06658817 -0.07926532 0.037889402 0.06914176 -0.17204413 0.045547027 0.111361414 -0.073228866 0.08702639 0.038351152 -0.040403977 0.10205914 0.07824527 0.04822875 0.099994764 0.080395706 -0.07618529 0.098436184 0.0059228395 0.046341766 -0.014502439 -0.049389705 -0.08725851 -0.042736202 -0.07387135 -0.07901538 0.11709163 -0.060560543 0.09240599 0.030738465 -0.046594355 0.06890218 -0.086438775 -0.14220795 -0.07005454 -0.04464479 -0.09508627 0.030438822 -0.120401055 0.079936735 -0.016078815 -0.07935517 0.07350474 -0.087699726 0.18038829 -0.06883376 0.066463634 -0.083421685 0.08864853 0.08432618 -0.10447052 0.051170688 0.08366165 0.013548023 -0.06272743 -0.15478195 0.07378045 0.040745463 0.026619716 0.06798065 0.020727836 0.070324995 -0.092318974 -0.033561647 0.037429295 -0.0012242071 -0.0801055 -0.089728616 0.096184604 0.013046283 -0.02150491 -0.034237057 0.06747821 0.06374669 -0.05609179 -0.0034888885 0.07439859 0.09126314 -0.09996552 0.064875305
0.0779602 -0.075429365 -0.020625776 -0.06674941 0.035653386 0.08644992 -0.0022809757 0.045522783 -0.025412286 0.038848415 0.069329806 0.012892873 0.013711125 0.112899266 -0.053054843 0.06671806 -0.04155767 -0.021675132 0.043695047 -0.03472769 0.042821523 0.085273646 -0.06669962 0.0790513 -0.019461036 0.0073666656 -0.085008815 0.111500904 0.030524774 0.058801416 -0.031426292 -0.022405144 0.033016738 0.035855237 -0.03840668 0.005991946 -0.08469598 -0.042655133 0.02629537 -0.09267172 -0.066969596 0.060893334 0.08201327 -0.0694278 0.081307076 -0.12852332 -0.005930857 0.11782792 0.0059141675 -0.03130231 0.013020714 0.023736186 -0.10458557 -0.10124741 0.023926852 0.017836682 0.022793232 0.0113748945 -0.03298556 -0.10799443 -0.10077815 -0.023770787 0.124233566 0.08808764 -0.12434928 -0.077588625 0.08332751 0.091996506 -0.05743857 0.024765357 0.08518243 -0.03806049 0.027065685 0.07073307 0.1050746 0.11461371 0.010832552 0.12549356 -0.049180858 0.036754195 0.08906997 0.09045313 -0.012976713 0.036381543 -0.039218932 0.004159824 -0.066263676 -0.082003266 0.025189852 -0.025043422 0.03990828 -0.13447933 -0.05836176 -0.04693839 -0.051346857 -0.020420384 -0.07740254 0.077075765 -0.000108081724 0.0024276394 -0.09428476 0.016975515 -0.064372435 0.029134497 -0.11244802 0.068804726 0.059269547 -0.10687622 0.04088089 -0.087829396 0.049325664 -0.030402707 -0.041293222 -0.0954322 0.105425395 0.029798992 -0.0053441636 0.030497178 -0.022405867 -0.052520987 -0.0057598148 0.022501428 0.042461902 -0.06848643 -0.014896058 0.06350239 -0.024677249 -0.03568289 0.06810627 0.02693837 0.076857835 -0.037438124 -0.10290244 -0.06416534 0.042126704 -0.11443361 -0.035333935 -0.076498255 0.0036969178 0.0747875 -0.104498915 0.09145827 -0.07431345 0.0982079 -0.072372705 -0.051711414 0.025931586 0.11499731 0.058632426 0.100608 0.07678216 0.11147057 -0.07288393 -0.037635412 0.045794312 0.009120267 0.0022251466 0.039732043 0.012456009 0.0053512673 -0.037398975 -0.031814627 -0.053662453 0.06159846 -0.03609349 -0.039365895 0.067871906 -0.060104646 -0.033194378 0.01749098 -0.04206589 -0.0010906651 -0.051523056 0.015385937 -0.032896664 0.02409944 -0.06786498 -0.094492674 -0.00061901653 0.08352639 0.021456266 -0.0001035008 0.017676083 -0.027568726 0.101449065 -0.023548702 0.10590934 -0.04098704 -0.08358324 0.07503524 0.074005425 -0.07138539 0.05100405 0.0057442123 0.033462524 -0.046522032 -0.09546187 0.033928543 0.09099223 -0.062706925 -0.058936745 0.040315345 -0.08221695 0.03233441 0.021214033 -0.10826317 0.1025036 -0.042670194 -0.0680307 0.022527324 -0.0825307 -0.056982778 -0.019889802 0.05552888 -0.023763388 0.0966038 0.05217352 0.074579015 0.05497412 0.03629608 -0.110271014 -0.036588807 -0.120542005 0.01824528 -0.09236854 -0.08474732 0.022170853 -0.019005634 0.078428514 0.007832689 0.088923104 0.06961456 0.09160389 0.12019922 -0.02936781 0.07761411 0.08430487 -0.07409197 0.06817695 -0.049830277 -0.08424398 0.0017413701 0.019081555 0.0014140046 0.07418873 -0.08493174 -0.055867497 -0.09548314 -0.07820482 -0.08409398 -0.054716725 0.020729994 -0.036090348 -0.03669508 -0.094997965 0.0048400657 0.013226572
0.035014026 -0.08808818 0.080378376 -0.086282045 -0.115982324 0.05985931 -0.009338061 0.0034483995 -0.06819285 0.09605745 -0.097694606 0.0105342865 -0.025236808 0.07887216 -0.060384545 0.057288587 0.09000867 0.09185276 -0.03130838 0.003337744 0.1173086 -0.08582432 0.02515043 0.016113339 -0.064528316 -0.029158851 0.05048252 0.1024133 -0.036257006 -0.017945586 -0.102426454 0.11255246 0.0216044 -0.0897168 -0.044826314 -0.070471436 -0.08638473 0.028624365 0.06806085 -0.031886257 -0.002629994 0.040346276 0.036690477 0.009719523 -0.02809442 -0.051247105 0.097945616 -0.055427197 -0.014641982 0.04883079 -0.054815985 -0.033353146 -0.022114225 -0.036789227 -0.011128916 0.069298744 -0.005630877 -0.091068365 -0.052833296 0.005036544 0.008423342 -0.016791048 -0.035200503 0.099130616 0.034743086 0.056185044 -0.09056417 0.11724002 -0.065173455 0.11659388 -0.057975523 0.057565447 -0.045028515 -0.09498412 -0.014342807 -0.019511048 -0.017064 -0.07129977 -0.034402974 0.077083535 -0.08623711 0.11461823 -0.13332155 0.038857885 -0.048688788 -0.04362017 -0.027811483 -0.07269094 -0.09590036 -0.096311316 -0.06644144 0.121956974 -0.03484959 0.04878834 -0.02175435 -0.044783928 -0.023135068 0.012837406 -0.08428564 0.13041069 -0.06303922 -0.09129904 0.09881134 0.018005382 -0.02165692 -0.114756785 0.035595335 0.0112314075 -0.07599992 0.049595084 0.021342577 0.09660488 -0.055996746 0.0055033704 0.016690629 -0.05101849 -0.056731913 -0.06649888 -0.042364296 -0.072597034 -0.061496407 -0.11723516 0.0024167332 0.046188217 0.055608913 0.0076828995 -0.08636572 0.056529798 0.10420803 -0.0407669 0.04094995 -0.09616134 0.0019515298 -0.10509087 -0.07706558 -0.041463 0.0897558 -0.025929095 0.061866518 -0.016300239 0.022216992 0.06622461 0.03297649 0.024958562 -0.04531274 -0.032259315 -0.051377494 -0.06978608 -0.0022921062 0.055605136 -0.057051305 0.050352585 -0.028670141 -0.019939361 0.020057395 -0.09376143 0.017609175 -0.03024188 0.042929858 0.05547485 0.058084622 0.0059670582 0.096456535 -0.057334643 -0.052051205 0.07131528 0.03823567 0.05778053 -0.0839465 0.081407845 -0.04518388 -0.06661673 -0.073410116 -0.03295183 0.07792781 0.09281621 0.008519886 0.07410249 -0.011905844 0.05007089 0.027139045 0.044622295 -0.022273004 -0.028700164 0.034764443 0.087199494 0.00778149 -0.04250059 0.0640383 0.110146224 -0.07352455 0.0022402143 0.015603035 0.10640811 -0.10091497 0.07585737 -0.02190349 0.121503524 0.08130778 -0.10896092 -0.041998878 0.021268519 -0.16207708 -0.023212252 -0.10037049 -0.042577248 0.025088802 -0.054787166 0.06385377 -0.061461635 -0.06869868 0.00084915175 -0.01687051 0.08171516 -0.11802651 0.0585293 0.08275384 -0.06671516 0.07018549 -0.07150567 -0.050078653 0.016621616 0.016475748 0.08149678 0.06989821 -0.07072203 0.03449349 0.08365449 -0.107805856 -0.020487813 0.018546168 0.017343402 0.056392264 0.07127122 0.026969358 0.10147716 0.04340736 -0.06801589 -0.051004328 -0.08640669 0.050479047 -0.05022144 -0.08439512 0.026314855 0.05499103 0.06880321 0.094848 -0.04880965 0.05047505 0.03143632 -0.0389605 0.10662114 0.1391894 0.063285194 -0.028276542 -0.088094294 0.08223565
-0.072067484 -0.04907487 -0.03826806 -0.09566943 0.035575245 -0.01014209 0.0024056155 0.018035607 -0.05362535 -0.032170057 -0.04309839 0.026689252 0.039295085 0.105073035 -0.017185828 -0.091770604 -0.04531845 -0.010483809 0.06776053 -0.019364245 -0.08819156 -0.046131093 0.029146962 -0.02192347 0.053304672 -0.024402477 -0.052897718 -0.013974232 -0.10168304 0.0550879 -0.04833504 0.08316047 -0.04916447 -0.0863203 0.061725076 -0.076958574 0.036005955 -0.0211004 0.008674115 -0.07857754 0.08917105 -0.018459916 0.01968811 0.08580986 -0.04597107 0.07076139 -0.11417138 0.0017565207 -0.0065470235 -0.08131017 0.033725794 -0.10578966 -0.08567915 -0.05008418 -0.042028937 -0.025946505 0.085133605 -0.07972086 -0.084145054 0.017576953 -0.06261358 0.07249843 -0.09507899 0.05735105 0.008460576 0.0014609895 0.07874122 0.104175806 0.06843941 -0.089344926 0.11063301 -0.07048684 0.07229737 0.04036264 -0.10381109 -0.0213256 0.011482728 0.11204189 -0.015609133 0.050304636 -0.07650907 -0.047780536 -0.04024537 0.079626754 0.022768117 0.03748755 0.01540026 0.007810699 0.056117076 -0.04375103 0.09963478 -0.03549909 -0.105062 0.03301437 0.019780967 0.11518043 0.0072802785 0.108113974 0.025093326 -0.03961208 -0.051772438 -0.0648119 0.027342629 0.05629184 -0.010003472 0.10063666 0.033093605 -0.052276086 -0.03338203 0.01980255 0.049491096 0.10144376 0.07346589 0.024842227 -0.03299058 0.08972871 -0.05495312 0.14837421 0.0842623 0.016728025 -0.062019438 -0.07471681 0.0736573 -0.052366484 0.09311379 -0.05069007 -0.007843743 0.04767344 -0.027413635 0.10097473 -0.09760272 -0.021035159 0.106233165 -0.026457753 -0.046595734 -0.011455137 0.006972893 -0.060703192 0.045064542 -0.022354694 0.08397585 -0.026599903 0.022584476 0.05268668 -0.07823837 0.0434061 0.09314163 0.014238638 -0.06757269 -0.122480504 -0.0544714 -0.07251301 -0.07705076 -0.06283875 0.057153955 0.029571671 0.08087217 -0.02500641 -0.00717353 0.040939614 0.0047216457 -0.06612577 -0.04461946 -0.049926933 -0.0171939 0.027542558 -0.027916273 0.045484234 0.06145477 -0.044888742 -0.1052468 -0.043803234 -0.06322366 -0.034729894 0.06333353 0.05486955 0.08382714 0.12690769 0.033936914 0.08348878 0.011810413 0.052915618 0.061121717 0.04425124 0.064198956 0.033730973 0.055019457 -0.058783326 -0.085333906 0.05831782 0.114746064 -0.07818328 -0.0312891 -0.0216407 -0.037379432 0.08141739 0.07697337 -0.03156523 0.027875109 -0.10140467 -0.0048526833 0.11918376 0.015838066 0.04654713 0.0002556127 0.01080535 -0.08885928 0.004613198 0.032279745 0.07316561 -0.081449285 0.012193145 -0.012053657 0.10496355 -0.0482519 -0.039590452 0.042385533 0.07279022 0.0574474 -0.09317004 0.053481534 -0.058649685 -0.08025759 -0.08075817 -0.00021694989 0.10262892 -0.056783736 -0.087351106 -0.10666157 0.042138733 0.047499694 0.061793666 0.025719976 0.09814434 -0.07808661 0.13282867 0.010674642 -0.005809794 0.025380224 0.06531273 0.09803842 0.04241355 -0.023803469 0.059958056 0.047379356 0.020096743 -0.06899135 -0.0009998565 0.00028599927 0.042583305 -0.03367111 -0.048526533 0.092283264 -0.03671434 0.047858793 -0.003567192 0.05551601
-0.01369709 -0.0019560105 -0.07359212 -0.039011948 -0.0019990446 -0.080246136 0.039036073 -0.058695596 0.040709313 0.030004809 0.021760954 -0.02710341 0.055479676 -0.015411084 0.07052867 0.0129885515 -0.09849767 0.0681127 0.06625058 -0.10540176 -0.03031217 0.0021464862 0.08708155 -0.011296037 -0.08061647 -0.102959834 0.09571968 0.05210433 -0.013860215 -0.08532839 0.011701661 -0.11653412 0.0383509 0.08560488 0.053873196 0.078619264 -0.050938398 -0.077394925 -0.058199923 0.04053976 -0.019354042 0.016954988 0.10142524 0.06236136 0.085049115 -0.017426154 -0.103287406 0.053650863 -0.07899561 -0.036332574 0.06814474 -0.0009467382 0.043966733 -0.007943778 -0.032392755 -0.012813594 -0.10277795 -0.08617468 0.04186406 -0.09646872 0.08423872 0.022887414 0.015824152 -0.098221265 -0.012179372 0.0056031616 0.012217064 -0.062250964 -0.119055815 -0.03175789 0.031697884 -0.03946654 0.08693607 0.000113964656 0.106269844 0.047423627 0.0077775936 -0.03819235 -0.0041427864 -0.06862378 -0.06076488 0.063090354 -0.054334916 -0.010220376 0.028552385 -0.08054408 0.02725993 0.014815022 0.04159427 -0.0762991 0.03881907 0.05784032 -0.054301187 0.06840125 -0.07509986 0.029683497 0.034979522 -0.042902716 0.026244946 0.08818297 -0.009028003 -0.06914809 -0.1216906 0.05556744 0.046638418 -0.07429637 -0.047270425 0.014655557 -0.049001798 0.012873477 0.038693078 0.06187569 0.07238001 0.07955698 0.024613323 0.053393804 -0.07611632 0.064952575 0.0052351267 -0.009313586 -0.05884316 -0.08748751 -0.0059537455 -0.0065578115 0.07499935 0.06638812 0.008472838 0.07112938 0.1303018 -0.06263167 0.037796125 0.02273594 -0.03316601 0.0377725 0.0044897343 -0.08829718 0.073311776 0.037335053 0.08649147 -0.0822985 0.002774936 0.041767985 0.014091235 -0.037532493 0.066411994 -0.07514915 -0.11414846 0.09319871 0.059542824 0.07434752 0.04922316 0.016609121 0.0032793593 0.114123784 0.021978945 0.03942148 0.03557878 -0.010626879 -0.022768572 -0.0850936 -0.089168265 0.010542822 0.082242474 0.00076317845 -0.087330125 -0.014242441 -0.019857612 -0.085819595 -0.104572564 0.014549956 -0.07793083 0.07025345 0.0345355 -0.035864037 -0.010025847 0.02001723 0.06340844 -0.02670935 -0.09422328 0.071286276 0.005772165 -0.047721338 0.07552564 -0.048078634 0.089727245 0.017961176 -0.07325408 0.0036779481 0.009706911 0.010391872 -0.06517672 0.047955457 -0.12328926 -0.016876386 -0.09571777 -0.06253017 0.09583322 -0.019771988 -0.020251032 -0.07281236 0.09535724 0.046634026 0.050899677 0.07014155 0.030737085 -0.057096347 -0.03467299 0.0076277177 0.09104435 0.11862645 -0.07665346 0.074538626 0.016193612 -0.014411431 -0.08837805 -0.11616598 -0.018834773 0.025332563 -0.06720811 0.024442183 -0.0762063 -0.06402308 -0.055928674 0.051957197 0.052624617 -0.055638388 -0.007904985 0.090391666 -0.04591602 0.0004463184 0.027173975 0.101005726 0.00093452283 0.13429382 0.05181426 -0.07043103 -0.013153938 0.027892891 -0.06811741 -0.089040846 -0.015249784 -0.07272022 0.04330941 -0.047555488 -0.053494677 0.036949657 -0.03888178 0.03214866 0.041982636 0.053670146 0.09426537 0.045252085 -0.019330652 -0.068110846 -0.008717786 0.0665656 0.07061337
-0.0054753874 0.08628954 -0.014581441 -0.12150863 -0.09993014 0.016179051 -0.08162626 -0.08841082 0.05870225 -0.01724564 -0.057752684 0.09398307 -0.002633291 -0.029486163 0.09242707 0.051490024 0.08167107 -0.054926224 0.029172903 -0.027281899 -0.09783574 0.008275005 -0.0052927327 0.002845599 -0.07367973 0.06468525 -0.07022591 -0.017683858 0.06533536 0.042309415 -0.023355726 -0.088714495 -0.0641066 -0.035328746 0.010209567 0.037035707 -0.0011746875 -0.00485742 0.07937574 -0.034081057 -0.005844992 0.010815785 -0.03932831 0.06959367 0.03850547 -0.023237038 0.0022117428 -0.04655925 -0.09251307 -0.056377113 -0.0660599 -0.055414148 0.056933787 0.04560449 -0.011037539 0.008092965 0.07874507 -0.0129107945 0.03326786 -0.036833428 0.0946213 0.022679724 -0.089022525 -0.053142905 0.076007284 0.035820372 -0.022195738 -0.07825862 0.10136308 -0.029243218 -0.0021343294 0.08307232 0.09208543 -0.0941644 0.0075692115 -0.05412504 -0.024434937 -0.08982067 -0.02371261 -0.0124737695 -0.10091334 0.104126066 0.053663056 0.024337785 0.06664934 0.11172545 0.108777605 0.04328483 -0.023774207 -0.006939822 -0.034374364 0.022855686 -0.014544422 0.037104525 -0.013683518 -0.09712356 -0.036581792 0.01683387 0.040519115 0.057215307 -0.07483057 -0.056923702 -0.06644971 0.14971656 -0.012194538 0.028984407 -0.009689376 -0.0099371625 0.12779737 -0.08004875 -0.09101782 0.07127272 0.047175407 0.053826336 0.076653354 0.09559476 0.0047190674 0.08065065 0.03514461 0.019738441 0.078380495 -0.15200534 0.09691114 -0.05358481 0.048008516 -0.093870096 -0.022698762 0.061113574 0.02516825 -0.0023474728 0.028678441 0.028094646 -0.080927305 -0.042043533 0.06396079 0.15531959 -0.11535103 -0.003990075 -0.08771243 0.067746386 -0.0651262 -0.059818793 0.076410085 -0.06579147 0.05714288 -0.0009822046 0.011044677 0.040529866 0.028702721 -0.099863514 -0.106709436 0.053860378 -0.015588536 0.067500055 -0.016632956 -0.08263213 0.1152449 -0.102683105 0.09735335 -0.10258714 0.06608811 0.11574769 -0.004956091 0.05543149 0.082290486 0.05857507 -0.062985286 0.086341284 0.022865737 -0.10390838 0.084244974 -0.11786377 0.021568323 -0.074978925 -0.107434474 0.014570583 -0.05598693 -0.028185781 -0.066238135 0.12618993 0.066251874 -0.0972442 -0.061417107 0.017771991 0.03531819 -0.056373056 0.13057424 -0.06709349 0.08654375 -0.00072385324 0.0413287 -0.025556637 -0.06775345 -0.03442295 0.053967707 0.004737826 0.0675695 0.11829182 -0.017874403 -0.12627508 0.007611385 0.03343895 -0.033781994 0.09692316 -0.07396089 0.013833603 -0.034616716 0.03072783 -0.049686477 0.03936803 -0.07663094 -0.03627716 0.06338611 0.034163408 0.1318613 0.070573896 0.081347674 -0.00565702 -0.08411005 -0.10959996 -0.06922501 -0.094301604 -0.09842227 -0.05040235 0.07418576 0.018951856 -0.054891847 -0.073372655 0.05561212 0.031063193 -0.08817416 0.053405654 -0.0816221 -0.06653476 0.055134285 0.10596687 -0.0017141891 0.052063916 0.09924533 0.075087585 0.08184268 0.035043 -0.09932965 0.0021830369 -0.020424461 0.10360286 0.047206216 0.008140193 0.035902817 0.0811543 0.05772497 0.06700109 0.01099466 0.0152552435 -0.055521518 -0.012616616 0.09874982
0.023322282 -0.0320686 0.08930435 -0.014406988 0.0791097 0.048414845 0.044629328 0.022572236 -0.08118089 0.025270479 0.060547102 -0.0638376 0.03425108 -0.06376033 -0.12703516 -0.028112328 0.06896064 0.050304342 0.025475128 -0.018288048 0.055662356 -0.05910237 -0.038723964 -0.0070955358 0.0185767 0.0024244958 -0.06812352 -0.0322096 0.011379052 0.04833861 -0.014183152 0.10205163 0.111220874 -0.08161628 0.047324125 -0.036704328 -0.056137074 0.044557013 0.071554825 -0.09251086 0.019075872 0.04575965 0.12511878 0.08893906 0.075015344 0.050296355 0.09451287 0.011397981 -0.11533857 -0.008154108 -0.06721528 -0.02716079 0.038615927 0.047609124 -0.03233729 0.073965944 0.086165525 0.11077212 -0.07784329 -0.014565246 -0.052857835 0.0016177788 -0.02517445 -0.0029168434 0.011120113 -0.04555162 -0.06489322 -0.07976953 -0.06800471 -0.01468976 0.015803508 0.0440615 -0.030155426 -0.060864203 -0.0094966 -0.087966844 -0.014004609 0.06951656 0.025989527 0.016288085 0.036595583 0.040299427 -0.040603824 0.012695008 0.009541444 0.093812376 0.00886412 0.015897702 -0.010877223 -0.053463038 -0.004094302 -0.046873692 -0.07383058 -0.036842257 -0.12767883 0.041979726 0.033739362 -0.007304648 0.08411547 0.05138857 -0.061986458 -0.0066630873 0.073969364 -0.030040804 -0.07510975 0.02876428 -0.011565911 -0.06807223 -0.0671119 -0.026317852 0.0711812 0.11479507 -0.072848074 0.099084556 0.07573373 -0.021935605 -0.069695495 -0.07056281 0.036449354 0.10189612 0.086721696 0.039724678 0.08975255 0.023579646 0.047565322 0.063462555 0.073006034 -0.055791486 -0.08753568 0.037061293 0.020710658 0.0072379736 -0.07790851 -0.036815245 0.07964277 0.063852265 -0.11761221 0.033915147 0.073431335 -0.04741782 -0.06764651 -0.02929046 0.084703535 0.04616177 -0.077904366 0.050993633 -0.07678873 0.013325348 0.06717399 0.017055461 0.045883827 0.097200684 -0.05233553 -0.043716535 0.037727147 -0.07367931 -0.06825402 0.1085922 -0.042278063 0.08234245 0.046414886 0.06990634 -0.08946116 -0.03603985 0.07388329 -0.03957669 -0.026193779 -0.09046073 -0.028216824 -0.08449468 -0.018797496 0.060936276 0.046055663 0.06422037 -0.04542722 0.062339023 -0.09516557 -0.0909874 0.03399038 -0.037844036 -0.016693553 -0.008381869 0.03867862 -0.005879823 0.069214076 0.076214366 -0.020205135 0.0043663494 -0.03660881 0.09683764 0.07576745 0.04626349 0.082053155 -0.04552579 0.027618317 0.040791254 -0.06889526 -0.065558024 0.08667061 0.063194804 -0.0056609986 -0.003761132 -0.07974961 -0.077589214 0.06649405 -0.032868553 -0.054584876 -0.0065909578 -0.03068747 0.0013265865 -0.00608575 -0.07065997 0.11347115 -0.022354968 0.052260023 0.019451233 -0.013754981 -0.035796616 0.060893487 0.018027278 -0.018425578 0.04509684 -0.10652329 -0.0736091 0.070050575 0.09465871 -0.026206052 -0.015469177 -0.021452095 0.10350355 -0.03389366 -0.00023376624 -0.036417022 0.10493057 -0.03296458 0.07547225 0.0019512046 0.06299515 -0.06474799 -0.050678074 -0.01034767 0.015225743 0.07571452 -0.026308713 0.04558028 0.03533235 -0.043727025 -0.023948438 -0.08707339 0.025822118 -0.03930148 0.09992822 0.058554266 0.042823795 0.044957835 0.07670025 0.06039088
0.0404029 0.08656166 -0.032416657 0.020155331 -0.124065086 -0.06485809 0.014375464 -0.006896699 -0.10667736 0.03879177 -0.11762401 -0.019334123 0.051068936 0.0216846 -0.071718484 -0.032851674 -0.002199313 -0.014861493 0.080378555 -0.028304022 0.041466516 -0.0622043 -0.09991834 -0.12024182 0.09002125 -0.0416217 -0.010188828 -0.09186425 -0.013105297 -0.00031882664 0.08438985 0.0502383 -0.019461416 0.04439718 -0.038103834 0.06779261 0.009138904 -0.03571466 -0.056193326 -0.011982615 -0.09230908 -0.06842433 0.040731844 0.030214032 0.062318437 0.11248314 0.06701082 0.04320925 -0.020244928 -0.057336226 -0.09817217 0.02638968 -0.05763577 0.0833094 -0.018084966 -0.020766405 0.0031299721 0.062563896 0.07971129 -0.0031175378 0.13772167 0.026874144 0.014794655 0.112679206 0.066077955 0.0560607 -0.031620454 -0.04118974 0.010155747 -0.048981145 0.08758743 0.042721074 0.009954248 0.06273976 0.010553556 -0.010286542 -0.03984464 -0.061534148 -0.082022175 0.015551256 -0.115504526 -0.09685581 0.046199456 -0.017947296 0.06027916 0.11607108 0.12650956 0.1033219 -0.0005248061 -0.07064516 0.009496433 0.123360485 -0.0038177727 0.057944994 -0.030054202 0.07062288 -0.10222347 -0.038234018 -0.08371109 0.032360524 0.06595501 -0.06252706 -0.118165165 -0.087131 0.05496336 0.03844957 0.044226553 -0.063651845 0.061835222 -0.018649347 0.057154387 -0.120893486 0.0467679 -0.06399526 -0.040643983 -0.039954063 -0.09478909 0.06877809 -0.03281451 0.016388992 -0.023190042 0.036435284 -0.07566925 0.011800697 0.010706518 -0.024498543 0.13275103 -0.053925864 -0.070755616 -0.091848165 -0.09904288 -0.00486099 0.044119183 0.045619234 0.01087017 0.13606194 -0.09802753 0.062309757 -0.09130964 0.006709716 0.027591562 -0.008220848 0.033810835 0.085791245 -0.009995579 0.079388335 -0.044462558 -0.008258483 -0.044015534 -0.0850966 -0.026149385 -0.039274313 0.089152806 0.07299424 -0.073229715 0.10553801 0.007968069 -0.109087855 0.08687482 -0.067383535 0.054444615 -0.026667636 -0.000087587374 -0.05084868 -0.018153828 0.018304769 0.041211095 0.08914885 0.011116155 0.08230108 -0.055187117 0.003003043 -0.061789777 -0.07379349 0.091603585 0.09748336 -0.06663166 -0.1542136 0.0023217197 0.060469978 0.05964879 -0.04895702 0.0049046543 -0.09221544 0.043977905 0.0047497978 -0.033829816 -0.08075127 0.033708833 -0.044292275 0.033090536 -0.0045687137 -0.089505404 -0.091164075 0.032806713 0.09018579 0.011785448 -0.089214616 -0.021264752 0.010566613 -0.025077853 -0.032575753 0.13584809 0.03133016 0.047710672 -0.050220896 -0.02844069 0.031395573 -0.017817937 -0.046414286 -0.01962215 0.107723914 0.05673775 -0.02766364 0.03693814 0.060788326 0.0153003 0.006112666 -0.010270647 -0.09452639 -0.10006472 -0.012169644 0.04168259 -0.120087095 0.05045736 -0.06510028 0.10936138 0.030589616 -0.009744011 -0.08439503 0.07352411 0.07990747 -0.011565516 -0.07724813 -0.0076063895 -0.120623395 -0.081063285 0.06282983 0.0029243897 0.01268719 0.04397269 0.107907146 0.08645359 0.08438682 -0.042827677 0.03977016 0.03489243 0.120795906 -0.10986503 0.03507542 -0.010930105 0.097865276 0.036995884 0.096715145 0.09135361 0.06857733 -0.07856683
0.0073585794 0.03017829 0.011530619 0.033081263 0.02797196 -0.009492539 -0.018876432 0.14277156 -0.02250919 0.07728949 -0.049913853 0.0805126 -0.07138009 -0.083726756 -0.017172875 0.0024838836 0.08843171 -0.08764777 -0.07362818 0.04147272 0.04003854 -0.012143433 0.09279406 0.017286781 -0.0039359666 0.045231145 0.020300798 0.032992844 -0.08341052 0.06313614 0.1001995 0.04310282 0.042219248 0.003668468 -0.020676117 -0.068702884 0.10386109 -0.07749584 -0.08855061 -0.031997383 -0.009406779 0.014074458 0.12866236 -0.019683713 0.012737142 -0.023657056 0.112652175 0.115400046 0.026558883 0.044746924 0.026214834 -0.06316032 -0.023104845 -0.004567093 0.0899485 -0.1431878 -0.018683553 0.115921445 0.048960734 -0.0070928237 0.08518301 0.09135592 0.03358311 -0.07594384 -0.03409731 -0.05965254 0.039914705 -0.06675275 -0.07771505 -0.056137335 0.08146213 0.07231588 -0.06003041 0.07430673 -0.06965599 -0.077472165 0.040770292 -0.034877192 -0.038544342 0.0724763 -0.055659767 0.08631827 -0.09682288 -0.026080735 -0.04164346 -0.03388158 0.08702172 0.11507406 0.061903615 -0.065380104 0.041222252 0.04021123 -0.087772675 0.0012163715 -0.1295563 0.019997401 0.0054580052 -0.026524978 0.015417503 -0.04924341 -0.057555262 0.034977064 0.017352503 0.12493911 -0.05830218 -0.006312318 0.063374795 -0.04928871 0.03413596 -0.05712274 -0.02120857 0.07258844 0.08799715 0.076103464 0.082468264 0.016787399 0.091875345 -0.022128832 -0.019708676 0.0989171 -0.06950201 0.08089668 0.03672034 0.037678 -0.005826144 0.008031605 0.013349782 0.0650259 -0.011750454 -0.10617555 -0.024812525 0.033242196 0.04054949 0.04476624 0.090019956 -0.08484125 0.015040878 -0.045026492 0.014220421 0.07376882 -0.0704033 -0.012918487 0.10302384 -0.06040831 -0.06859556 0.066535905 0.03287724 -0.046055738 0.0044820644 -0.10496376 -0.06954063 0.01953987 -0.033968955 0.01999769 -0.08364235 0.062660605 0.016400607 0.054858472 -0.029455883 0.010931582 0.005632595 0.056420602 -0.04799387 -0.0073810583 -0.0038624983 0.029156359 -0.013621314 0.028666712 -0.039703168 -0.06796442 0.0817677 0.011250679 0.04441837 0.019170282 -0.042811792 -0.04646098 0.04704654 0.049502254 -0.0076020733 0.05012686 0.01783111 0.008387421 0.0023828386 -0.13054523 -0.036169473 -0.05412837 -0.004706392 -0.100119255 -0.015072112 0.0013091565 0.0802461 -0.0025720485 0.019182652 -0.04678856 0.09448217 -0.06804978 0.058818623 0.13706352 0.09451868 -0.06345093 0.018813806 0.057059888 -0.0072594043 0.013734636 -0.05647817 -0.061248027 0.07441043 0.016288126 0.07757308 0.004039619 0.05978683 0.106306344 0.07815815 -0.027241481 -0.084674396 -0.13484429 0.0073808413 0.006547321 -0.048281416 -0.058704562 -0.07177112 0.00495094 0.06967277 0.06461558 -0.001522743 -0.018665899 0.09981045 -0.027321639 -0.09409729 -0.10414719 -0.039803885 0.015469015 0.07617716 0.040024243 0.017575497 -0.006801855 -0.10077842 0.06746131 0.088785686 -0.071667895 0.11459838 0.08168019 0.05255406 0.033730987 -0.010248245 0.05473173 0.10931224 0.010445 -0.0066581313 -0.07196092 0.06099182 0.11791137 -0.008357309 0.045536432 -0.056168124 -0.037503712 0.044149946
0.015652856 -0.02905107 -0.087663405 -0.01321105 -0.011870788 0.0072502117 -0.076991916 -0.042474672 0.0539695 0.080138616 -0.053774405 -0.07806135 -0.09079807 -0.044399664 -0.08338256 0.031987093 -0.054300483 0.08070447 -0.022861911 -0.0006912053 -0.1035216 -0.09746137 0.09869631 -0.038679413 0.02963788 0.084290944 -0.009959967 -0.105896935 -0.061685927 -0.019729642 -0.05238112 -0.00286483 -0.07873418 0.05103001 0.025832957 0.01001125 0.0033127635 -0.08848941 0.057375044 -0.024236953 0.012714304 0.017140478 0.07516671 -0.056392685 -0.09586451 -0.0057052914 0.05491255 0.033171613 -0.034190446 -0.017524103 -0.06608897 0.031859033 0.0887948 0.061840177 -0.055949215 -0.037499808 -0.022292946 -0.054339994 0.021151954 0.031887416 0.06699102 0.06869606 -0.042546306 0.014443477 0.06881135 0.014682694 0.08363663 -0.04211317 -0.081392154 -0.026965884 -0.087619625 0.050175715 0.010921508 0.0011645636 0.04417674 0.084407896 0.040721454 -0.023215163 0.057312824 -0.08913956 0.03959152 -0.029233156 -0.014631113 -0.038373373 0.05678972 -0.103377566 -0.06585911 -0.03909128 0.09247891 -0.0847201 -0.010664817 -0.032971058 0.09758708 -0.033122726 -0.06555434 -0.047723364 0.04889135 0.019941961 -0.02020979 0.08873497 0.032500483 0.048300013 -0.06462292 0.03699016 0.090271905 -0.06180379 -0.055270944 0.10007165 0.018162746 -0.024794439 0.06012202 0.0972921 -0.0046075536 0.02857896 -0.031191902 0.06655505 0.024927476 0.051694363 0.04108239 -0.062434293 -0.060784988 0.085333064 0.0025078743 -0.10338305 0.0128777865 -0.073140845 0.049903575 -0.047591593 0.080043904 -0.09476707 -0.023311175 -0.01238841 -0.0062263194 -0.063045196 0.00089875574 -0.06582593 0.016109627 0.048960123 0.070906445 0.09326594 0.09721507 -0.0055448366 0.023503708 -0.086410455 0.04848192 -0.03455617 0.039371353 0.00020002438 -0.09082003 -0.09334239 -0.0095355455 -0.088197716 0.008302282 0.027631588 -0.056400616 0.009694677 0.043235175 0.055832744 -0.001916615 -0.106901385 -0.10511459 -0.008127493 -0.0031599442 0.050814692 -0.03545557 0.0070299124 -0.08919126 0.018476935 0.054194387 0.004334723 0.06675298 0.0404628 0.021677312 0.05062252 0.04749437 -0.021134933 0.03668703 0.017391784 0.032742526 0.05753284 -0.06299546 -0.017676186 0.0650839 0.010086297 -0.014566825 -0.03867496 -0.06601981 -0.045201115 -0.038637977 0.018883428 -0.04747051 0.012005197 0.045286395 -0.00065288844 -0.05982467 0.045647267 -0.06924479 0.078521624 0.054179415 -0.004082226 0.07796122 0.026257657 -0.094928145 0.06063294 0.0019344216 -0.068088345 0.031977136 -0.0080538755 -0.08643045 -0.040268965 0.045966577 0.05326043 -0.04273296 -0.08942682 -0.103919856 -0.06752548 -0.017935164 -0.061247136 0.04503474 0.040140353 0.010056189 -0.024054412 0.0035381957 0.05547778 -0.08047537 -0.024424471 0.062358912 -0.085142136 -0.00293926 0.0016703235 -0.00476332 0.07963421 0.006298056 -0.09335607 -0.09303404 0.022127056 -0.019053424 0.041668642 -0.044687692 -0.034653276 -0.07514309 -0.018521234 0.012730876 0.08793426 0.045198735 0.06654329 0.032437664 0.07643746 0.009283282 -0.0767743 -0.08193257 0.04282116 0.057806898 -0.06178691 -0.055410184 -0.03996942 -0.081238754
-0.052651126 -0.04451169 0.050099663 0.08294157 0.026686028 -0.05278521 -0.051878907 0.09670167 -0.0065035783 -0.032932058 -0.020194162 -0.016787285 -0.06541098 -0.097773775 -0.009009847 -0.01447638 -0.09036149 0.08116762 0.066676274 0.059372526 0.09684893 -0.06028925 -0.0619126 0.022025703 0.030499423 -0.06575281 -0.022826074 -0.08663909 0.08715984 -0.002918434 -0.015624135 -0.082343705 -0.08582033 -0.009737151 0.08138847 0.007329812 0.04121738 -0.04135276 0.0012776052 -0.07124086 -0.014798209 -0.042681392 -0.065821044 -0.0361185 0.08427981 -0.037976168 0.052705813 -0.0379563 0.08144279 -0.06471361 -0.03224909 -0.06453943 -0.09096782 0.045783818 -0.07544301 0.07702104 -0.086353436 0.0068376344 -0.07368782 0.032985646 0.055820655 0.08625184 -0.08777287 -0.0704873 -0.062608056 0.0045855273 0.026744088 -0.06724735 0.029290609 0.051645644 0.07482483 -0.04213357 0.050762884 0.025955584 0.040291432 -0.054397594 0.06843872 -0.07252086 0.06983716 0.0713228 -0.009096583 -0.086678684 0.053937215 -0.023991397 0.050867364 -0.047750298 0.08107737 -0.039394706 -0.07044504 -0.06016905 0.004183822 -0.037905637 -0.067005396 -0.09294966 -0.075657755 -0.09297657 0.07203064 0.055069014 -0.0012559821 0.035626017 -0.0060241045 0.04289051 -0.049875274 -0.062127244 -0.06694192 0.0034671214 -0.038558595 -0.06439125 0.038179968 0.08946081 -0.102802694 0.031103678 -0.014907851 0.037972994 -0.04176187 0.012117381 -0.055213388 -0.07369991 -0.0029212108 -0.016047215 -0.029225701 -0.040582266 0.058707338 0.0109128645 -0.01969261 0.079827175 -0.05557529 0.022491112 0.07574771 -0.041063566 -0.05193317 -0.084464446 -0.0607214 -0.03731434 -0.034111556 -0.07145437 -0.07005442 -0.052976724 -0.02089328 0.042774178 -0.07109073 -0.08051547 -0.03607559 -0.0070806053 0.011851174 0.009663087 -0.02506223 -0.048967734 -0.038132083 0.07378963 -0.0012312956 0.03658905 -0.003770235 -0.042115666 -0.05846897 0.08777973 -0.030586565 -0.08467739 -0.03759849 -0.06594003 0.079330504 0.02819223 0.026675655 -0.062136456 -0.09632426 0.046737827 0.008142197 -0.07216043 0.066129535 0.07011088 0.084009975 -0.080035254 -0.0883835 0.012042541 0.07164277 0.08546005 0.07275272 -0.029821765 -0.057923436 0.06234474 -0.002852966 0.02544305 -0.08128888 -0.06698122 0.026947536 -0.07230133 -0.05686691 -0.045540802 -0.06866893 0.007029365 0.086507566 -0.08781306 0.05344042 -0.08550556 -0.04978768 -0.0047569205 -0.101512805 -0.003479612 -0.09050436 -0.050312698 0.08675187 0.0252571 -0.026894959 0.041397993 -0.028569303 -0.04492963 0.04341903 -0.06783078 -0.03190548 -0.024932833 -0.091891624 0.029875379 0.079034865 0.05044189 0.057221204 0.030504154 -0.08253289 -0.044560507 0.078136444 0.05133684 -0.07162524 -0.0829402 -0.05954509 -0.0745456 -0.04507869 -0.09188446 -0.047506437 0.032084867 0.038759872 0.03810637 0.039775368 0.040002186 0.018569209 -0.009420132 0.049443442 0.02060154 -0.021123983 -0.09462359 0.032570377 -0.027871402 -0.067369685 -0.03764751 -0.025859103 -0.019665897 0.01645326 -0.0021484823 -0.07248261 -0.008989847 -0.030599024 -0.050285786 -0.03341495 0.07402886 -0.028818538 0.035824403 0.06313672 0.05467229 -0.056927364
0.05251474 0.0572033 -0.062059216 -0.06302427 -0.070706 -0.053211395 0.09381834 0.16175093 -0.003810666 -0.06268496 -0.047968775 -0.0745051 -0.033561148 -0.07069868 0.023154013 -0.08781558 -0.0038862515 0.04764161 0.04666112 0.07146589 -0.0045479503 -0.061417677 0.10190542 0.023092126 0.030222265 0.061672788 0.089613356 -0.003351505 -0.079366215 -0.044887092 -0.095435075 0.07073703 -0.038810454 0.075057134 -0.0120659135 0.05769841 -0.10024403 0.08203173 -0.061990336 -0.024238627 -0.00010826127 -0.04332223 0.06117815 0.005702708 -0.016661622 0.033656184 -0.038288217 -0.022491233 -0.080868505 -0.0725533 0.034230698 -0.089796945 -0.0802943 -0.05693462 -0.15143727 -0.034387454 -0.06989687 0.012421253 -0.0699802 -0.043395337 0.10450722 -0.045665212 0.008394943 0.0780071 0.06214435 0.104742065 -0.11548828 -0.034978207 0.117556475 -0.052218962 0.03377373 -0.022459868 -0.036121197 0.06148693 0.009877357 -0.0018739564 0.042938694 -0.008975786 -0.070219085 0.038824417 0.07970759 -0.024468949 -0.08624805 0.10463341 -0.049683247 0.022236362 -0.09762366 0.054911066 -0.06329244 -0.03864693 -0.0636118 0.12793994 0.031051083 -0.052122872 -0.031795647 0.05473507 0.031210879 0.022139423 -0.058864456 0.037850343 -0.06574784 0.033284616 -0.079652265 -0.0045686355 0.0046028644 0.054911498 -0.07647869 0.04096537 0.03700888 0.049354855 0.0748616 0.043778464 -0.08093045 -0.076652825 0.018380975 0.002102819 -0.031150151 0.007531595 -0.042548086 -0.05996011 -0.09910549 -0.03709036 -0.05275095 -0.043267272 0.05915597 0.07401081 -0.0850412 -0.08358043 -0.013618073 0.014909945 0.024054166 0.08647787 0.14040998 -0.015987217 0.039000932 -0.045022193 -0.11921183 0.015297253 0.042425025 -0.034159467 0.009165455 0.002802967 0.013331582 -0.09859025 0.06516987 -0.13197312 0.046166696 0.059960943 -0.07039365 0.060729083 -0.0065045394 0.0075328993 -0.10671873 -0.0202799 0.076360606 0.045060586 -0.075523496 -0.1095078 0.010157981 -0.008910613 -0.09014063 -0.028562682 0.07527692 -0.02953822 -0.006839699 -0.07172488 0.061405495 0.079982236 -0.022544097 -0.05919412 -0.0010023293 -0.08013555 0.042238235 -0.108540714 0.014440897 0.07179666 0.05257229 -0.050430845 -0.07766178 -0.08192955 -0.08702839 -0.069356136 -0.050532527 0.0019734327 0.016600478 0.016672693 -0.01366868 0.036406133 -0.09439 -0.055675846 0.010019109 -0.014316434 0.028181927 0.04031382 -0.11491213 0.050859336 -0.08122322 -0.0016357541 -0.028217724 -0.037778705 -0.00878563 0.0994071 -0.07770266 0.116372414 0.014914997 0.051712062 0.044138066 -0.08992003 0.004599575 -0.074809365 -0.10543954 -0.0107329525 0.018466013 0.016037907 -0.067838 0.086780466 0.018346753 -0.039307028 0.0444278 -0.04822262 -0.09485655 0.06756471 -0.05240603 0.0923197 -0.0009884895 -0.015950823 -0.04205413 -0.015803332 -0.046805333 0.05266992 -0.014787881 0.024468422 0.032694887 -0.07276015 -0.010508267 0.03605042 0.044216774 0.02315794 -0.042120244 0.02947379 -0.02776684 -0.09853741 0.10965797 -0.048640367 -0.04913273 -0.083702646 0.1090123 0.0033452732 -0.096914984 -0.11514777 -0.10884597 -0.058148883 0.071702674 0.09613774 -0.04309716 0.014644446 0.06864655
-0.105314076 -0.08766869 0.000013861968 0.06382785 0.08224489 -0.022106972 -0.07632141 0.045404065 0.06266893 -0.019129744 -0.082409754 0.054566648 0.07887205 0.10592011 -0.005149754 0.045267344 -0.03989392 0.086029306 0.120626226 0.052081544 -0.06758713 -0.041111015 0.088902734 -0.04559546 0.059263323 0.070734896 0.027982851 -0.006642374 -0.012881859 0.024052674 -0.0322424 -0.105127126 0.06197548 0.08170527 0.01240993 -0.087547734 0.011334157 0.08248301 0.005601368 0.066379644 -0.031802736 0.06286132 -0.07949808 0.054703847 -0.06718196 0.008857835 -0.06607281 0.06895397 -0.07972455 0.0369595 0.09653998 -0.016704908 -0.08746221 -0.043574356 -0.06372275 -0.05683675 0.07112133 0.009841174 -0.0831293 0.042128216 -0.026169678 0.08735928 0.011946569 -0.07548967 -0.040430043 -0.05047468 -0.07214664 -0.071261086 -0.059407547 0.06573987 -0.009092093 0.076871656 -0.093522735 0.07318216 -0.024780411 0.07557837 -0.02474601 -0.05371291 0.016859008 0.011424722 0.0481282 -0.01570527 -0.121046394 0.03852701 -0.03605509 -0.053782873 0.043637358 0.06408402 0.04228293 0.10308752 -0.080419004 -0.030396443 -0.084482506 -0.03092187 -0.038404237 -0.05997508 0.1054149 0.08630869 -0.004337503 -0.050902408 0.024977554 -0.041914683 0.001039563 0.075943306 0.059276793 0.030340238 0.01635428 -0.048384447 0.11221757 -0.030289574 -0.017097898 0.04916268 -0.09606208 0.08063023 -0.089214414 -0.044872813 0.03666132 0.011024642 -0.05630502 0.023009047 -0.01689776 0.100951366 0.0445945 -0.06964267 0.020036818 -0.049582254 0.023236915 0.022485796 -0.08185164 -0.06450405 0.053739674 0.056231953 -0.051291913 0.035029616 0.02654093 -0.015632745 -0.09841869 0.09799843 0.04815816 -0.024556031 -0.1019002 -0.023761716 0.012560092 0.07661289 0.039054263 -0.011276574 0.058467943 0.08562536 0.08368081 0.0864953 0.06260482 -0.045359284 -0.0684599 0.03985387 -0.016538424 0.100192495 -0.054006156 -0.04828332 0.08486775 0.028509462 0.030696545 0.1124592 0.07467987 0.08265226 -0.00309365 0.030656861 -0.019581538 0.08684128 -0.0722038 0.025389152 -0.053933926 -0.054056544 -0.10904129 -0.017923014 0.034992132 -0.08170877 -0.063670516 -0.0057203406 0.03838825 -0.020311387 0.09143927 -0.11421349 -0.0039421744 -0.097595654 0.02683031 0.102994524 -0.046781506 -0.08324574 0.008388485 -0.07757088 -0.01707758 -0.07286576 0.058825057 -0.09093853 -0.036014553 -0.0027046546 0.08767411 -0.12519312 0.081312925 0.050499767 0.06322731 -0.04800778 -0.058045454 0.039804198 0.03479761 0.013868238 0.06337222 0.055000793 -0.04453738 -0.043877628 -0.05987064 0.09552633 -0.05290362 -0.052207176 0.07806041 -0.0779708 0.005393551 -0.020414636 -0.04016854 0.044192716 0.078899704 -0.07090937 0.00044816363 -0.052738484 -0.06173402 -0.06727229 0.054549877 0.09938611 -0.018913759 0.15212785 0.0496018 0.08939688 0.016613143 0.07022183 0.016057707 -0.07434053 -0.098017 0.05407706 -0.08605658 0.050735734 0.02078837 0.0798119 -0.025775854 -0.07399106 0.038896415 0.08613765 0.056771863 0.03235148 0.04684342 -0.063701116 0.016636726 0.036818504 -0.027376665 0.06691591 -0.08895092 0.011997671 0.058671
-0.116157286 0.047747143 -0.043466087 -0.10422475 -0.07713028 0.053967517 0.08348854 0.05903938 0.03157875 -0.048286207 0.074340224 0.035208736 0.00664739 0.03622521 -0.007934997 -0.047130734 0.0683587 -0.03106294 0.020820402 -0.036408678 0.05089164 -0.061453626 -0.045819424 0.08421954 0.009351055 0.01362731 0.033490486 0.08209637 -0.05011541 0.059142884 -0.021290978 0.10164319 0.06560958 -0.02278333 0.03344875 0.023588004 -0.09561261 -0.036531117 0.056486316 -0.06672903 0.074964106 0.055967804 0.022282623 -0.03257676 -0.062275194 0.023643922 -0.045029946 -0.060890198 -0.036812883 -0.040781096 0.045756686 0.01664999 -0.07799636 -0.054729547 0.08210547 -0.09622627 -0.046490423 -0.0627685 -0.06994029 0.1172075 0.0949727 0.060511842 0.024364924 0.015718056 0.03324205 0.019132787 0.015366084 -0.009924167 -0.026866999 -0.034011785 -0.09725973 0.052397765 -0.016752796 0.009458186 0.0062426464 0.032122977 -0.05646291 0.102977425 -0.03498809 0.119997464 0.042792283 0.07674442 -0.043106515 0.071536794 0.050413575 -0.056743786 0.072396055 0.051240876 0.0382863 -0.082276195 0.0707014 0.087252036 0.048377417 0.08100015 0.019400652 0.011675124 -0.05251502 -0.010458191 -0.03550659 0.07181231 0.013894541 0.028048426 -0.06096487 0.013698207 -0.02774274 -0.08839741 -0.07722504 -0.070460804 0.13955443 -0.05596087 -0.041174125 0.09731606 -0.013594438 0.06433814 0.047437336 -0.01520081 -0.046993967 0.07750623 -0.032409 0.014293366 -0.007888093 0.021280121 -0.044418704 0.067498125 -0.055690795 -0.025752593 0.0340061 -0.07362623 -0.065719545 0.021399908 0.049753215 0.09599899 -0.041617017 -0.05694986 0.063503735 -0.010117142 -0.014713827 0.088825405 0.035740048 0.0670146 0.030519579 0.10820126 0.0040705525 0.10482423 0.02236015 0.10283823 -0.07092761 0.040055733 -0.005367196 0.068985075 -0.062297743 0.10571722 -0.056710694 -0.016150527 -0.10705863 -0.010997986 0.018632159 -0.11117803 -0.0039833947 0.011397294 -0.08452967 0.10623907 0.011045881 -0.06877455 0.063779436 0.0056144022 0.06291272 -0.038645513 -0.07898803 -0.058147352 -0.053589124 -0.102515675 0.014981084 -0.069873124 -0.06670307 0.09288329 -0.061107494 0.038258452 -0.11126679 0.08250399 -0.07423471 -0.0355099 -0.0025163705 0.0790008 -0.08295603 0.027194371 0.14228539 -0.02128377 0.063228734 0.05222279 -0.029263018 -0.0316751 -0.0055817366 0.056222335 0.01594487 -0.04435892 -0.05223165 0.049829487 0.014687326 0.017649665 0.09803596 -0.050506886 -0.0035265156 0.014959304 0.0748901 0.14707324 -0.07539566 0.1003054 -0.06036122 0.033783723 -0.10639351 0.07061417 0.06917881 0.036164317 -0.05549563 -0.032608204 -0.024070334 -0.09555936 0.07432334 0.118184805 -0.0659285 -0.03454259 0.04350507 0.021564929 -0.07394485 0.0039488077 0.02382201 0.024987586 -0.09335209 -0.00008537622 -0.0011220678 -0.1113079 -0.023602055 0.026495468 0.092926465 0.0038930143 -0.0713871 0.002915396 -0.06317922 0.080965616 0.026933508 -0.08254651 -0.08653146 -0.025624033 0.06054839 0.09723607 -0.055721097 -0.07740578 0.007831178 0.0208714 0.023880377 0.055979807 -0.006995181 -0.08391138 0.10084053 0.0838272 0.018952338
0.01098031 -0.05859307 -0.09257014 -0.019596925 -0.06112041 0.061848838 -0.022701094 -0.03579182 0.029327244 0.10094348 0.09664862 0.022882527 -0.07985323 -0.08323589 0.09088768 0.0006111676 -0.01827826 0.10041927 0.08985329 0.036217604 0.1118118 -0.07612569 0.059828904 0.019681938 -0.07955509 -0.047087505 0.012574586 -0.07635094 0.06787684 -0.1035951 0.018092992 0.11121511 -0.025573907 0.0025360286 0.049192347 0.0059998045 0.035407964 -0.08675196 0.05303458 -0.0477269 -0.0030564691 0.0053347307 -0.027513403 -0.07794145 -0.010710223 0.0067098094 0.044081938 -0.12384704 0.034727935 -0.03793068 0.05307937 0.088552736 0.034574565 0.111268654 0.091874756 -0.008064201 -0.031416107 -0.0859483 -0.08242237 0.017606502 0.09183636 0.020668194 0.042507745 -0.06845916 0.03126731 0.09022559 0.06987769 0.09145407 -0.03385215 0.113610424 0.083779655 0.008235874 -0.05629435 -0.08288043 0.10496236 0.09424964 0.07263858 0.033995308 -0.060346838 -0.07574258 -0.048863657 0.039981753 -0.0096594775 -0.020856626 0.088879965 -0.038038917 -0.0578046 0.03247724 -0.022954369 -0.060934693 0.011597022 -0.0103448685 -0.004588319 0.057067107 0.07496513 0.0233489 0.0053220266 -0.10114902 0.02699988 0.112172164 -0.078774296 -0.08289229 -0.075767696 0.039660897 0.019323936 0.02534361 0.020599931 0.002466948 -0.018429147 0.047943708 0.090935 0.05613299 0.11469361 -0.086373106 0.061130222 -0.049533334 -0.017006412 0.020493586 0.01514289 0.006135944 -0.00028542726 -0.041743726 0.021929665 0.07036845 -0.07648858 -0.049072407 -0.08233551 0.06902371 0.05692508 0.1083445 0.045774274 -0.051678695 0.10184968 -0.06454441 -0.04664364 -0.0030263886 -0.031182326 0.10193015 0.024193376 -0.10490415 0.007780898 -0.08883267 0.019495333 -0.08505385 0.043087576 -0.0013972993 -0.07595226 -0.070768334 0.015372551 0.09528088 -0.0029559801 0.07310277 -0.12926671 0.09955472 -0.048383504 0.06926133 0.06641253 -0.0026840745 -0.08999685 0.077775344 0.04887978 0.0033361593 0.11611907 -0.028023766 -0.039875343 -0.044812832 0.039950304 0.0615862 0.09994838 -0.042954758 0.14863205 0.025373898 0.08468063 -0.044318914 -0.110917404 0.03918102 -0.033078793 0.17661218 0.137374 0.045436587 -0.053623524 0.12125205 -0.0504892 0.04529422 0.0009785034 -0.08698209 -0.04652137 -0.03558949 -0.0727482 -0.033265486 0.07281077 0.009071111 0.12183148 -0.0091575 0.08013501 0.047234707 -0.00013731701 0.02237219 0.017375765 -0.07888652 0.082881026 -0.097451836 -0.13214979 -0.09066161 -0.018317617 -0.031195724 -0.11624073 -0.09971546 -0.0044498406 -0.08739173 0.10169865 0.04412225 0.09544724 0.020231422 -0.013698784 0.11984522 0.08871993 0.008218027 -0.07502705 -0.0291317 0.084980294 0.044793986 -0.006719864 0.06892964 0.06580949 -0.056931026 -0.03626105 -0.010573823 -0.015492062 -0.08253001 0.052355807 0.07286521 0.020422911 0.082058765 -0.0074174106 0.10155717 0.01132522 0.085988596 0.039317906 -0.0010960795 0.11019405 -0.035487086 0.014668714 -0.04668663 0.04180576 -0.011559491 -0.009653739 0.02830652 0.08576469 -0.030103361 -0.061257184 -0.05422856 0.169122 -0.10534316 0.07903945 0.022941913 -0.0028380535
-0.11990704 -0.02192902 -0.03120968 0.011357951 -0.016640086 0.10406723 -0.014426401 -0.07939131 -0.054530744 -0.009491939 -0.06645942 -0.05365975 0.040387493 -0.055967912 -0.082049444 0.0664906 -0.070373885 0.033672493 0.091380835 0.0047748648 0.058612656 0.037671313 -0.018032579 -0.0036437656 -0.09475785 -0.102083854 -0.034385365 -0.07612935 -0.036868647 -0.03267123 -0.025483903 -0.023248803 -0.05901272 0.006296314 -0.038462553 0.0006728276 0.0019888608 -0.06259684 0.036467437 0.012076322 -0.098180026 -0.0051628193 0.0015803869 -0.0044962233 -0.012976807 0.076002665 0.03363668 -0.056814462 -0.08293846 0.074540175 -0.024025522 0.010918097 0.03894328 0.050214358 0.019096889 -0.14406155 0.029588342 -0.014484559 -0.039842546 0.05966433 -0.041209966 -0.0716364 -0.0077477247 0.114381805 0.025355611 -0.062969856 0.0516882 -0.061611895 -0.0015310069 -0.01269152 -0.057413742 0.00018839836 0.03554504 -0.071275584 0.08454009 0.030734787 0.07434148 0.05987814 0.0031915426 -0.025871117 -0.027825112 -0.02167963 0.025837278 0.08127081 0.08093262 -0.03691374 -0.063591816 0.10653312 -0.015088085 0.05453887 0.053884838 -0.065471575 -0.09504876 0.09619663 -0.08003259 0.034515683 0.12747103 0.0709794 -0.010582796 0.046647124 -0.06208615 -0.017348042 -0.09972208 -0.024398752 -0.103751905 -0.054667685 -0.06632713 0.023139928 -0.035763 0.043008637 -0.038349528 0.07846205 0.0544578 -0.07009722 -0.03640399 0.025927369 -0.05133572 -0.071919486 -0.08837419 0.048640452 -0.024287324 0.039111134 0.02234437 -0.09691555 -0.052034713 0.05384877 0.028480202 -0.031102274 -0.09155554 -0.044101067 0.033913046 -0.02379402 0.058216088 -0.04789077 0.069479674 0.01613478 -0.0071976827 0.04494444 0.091764465 0.06776037 0.07829123 -0.04039959 -0.07521294 0.07760249 0.074202426 0.044201165 -0.002989143 -0.04808403 -0.054972067 -0.04060919 -0.10344343 0.01246188 0.09401627 0.013182251 -0.04367384 0.0689677 0.088150926 -0.08602344 -0.1036696 0.035578478 0.035578225 0.08370892 0.03307632 -0.042409338 -0.005766221 -0.08009179 0.116597444 0.047550246 0.030174244 -0.07601399 0.0024854706 0.073422104 0.036454353 -0.13154751 0.06189173 0.09344001 0.12770997 0.03414792 0.054266408 -0.054974165 -0.056520075 0.074396946 0.09359411 0.09751514 0.045398675 -0.015581255 0.1284117 0.07376983 0.00022165824 0.08760933 0.031932976 -0.034071755 0.01686803 0.05403398 0.08211244 -0.018021256 -0.044601277 -0.043582577 0.029368758 -0.122828014 -0.004522794 0.0043061133 0.070211805 -0.080200166 -0.100108825 0.08854222 0.012006011 0.07342407 0.04095651 0.04418605 -0.114982516 0.01755914 0.021135692 0.06433719 0.008684801 0.021127313 -0.116763 -0.096501954 0.098665275 0.04463568 0.009176937 0.06206246 -0.063544884 0.088415876 0.0038184656 -0.08647257 0.04502293 0.0027617165 0.0029765158 0.03751638 0.07046412 -0.04357681 -0.041089848 0.075610235 -0.04557109 0.0988153 -0.069883406 -0.07780971 -0.07608988 0.03132647 0.05007707 -0.01462719 -0.07090053 0.056069307 -0.07849372 -0.05485524 -0.014498732 0.12419858 0.042903192 -0.06988353 -0.0046865907 0.086415164 0.03475299 0.054834656 0.068206675 0.047622435 -0.040659357
-0.008971171 -0.013142268 -0.09829239 -0.107217975 -0.08373442 -0.09907601 -0.035253562 -0.027915087 -0.10231352 -0.0099219205 0.05865216 -0.056987952 0.03758198 -0.07699575 -0.055543113 0.057617135 -0.03934845 0.007928496 0.066122755 -0.026218938 0.08350724 -0.047193322 -0.089259505 0.06106745 -0.08248569 -0.04774754 -0.08527123 0.034384884 -0.0724115 -0.02793049 0.06998217 0.018841846 -0.07898305 0.051981136 -0.119032554 -0.029062519 0.07617384 0.08242752 0.0013187896 -0.0464945 -0.034157127 -0.022771692 -0.072668016 -0.09375756 -0.010760116 0.013321295 0.054143123 0.052526657 0.047583643 0.039918005 0.10188079 -0.08264951 0.06583962 -0.053681042 -0.052504268 0.029802898 -0.10753058 -0.11013652 0.019242328 0.0046767117 -0.06587499 0.10656763 -0.034072127 0.037063006 -0.06842089 0.0032464492 -0.0025950603 0.03680094 0.005293754 0.05025873 -0.03951988 -0.047333512 0.025472164 0.06977707 0.0017980719 0.10133377 0.03881651 0.10902957 0.041838553 0.030155228 0.08566231 0.0038814836 -0.070876054 0.07554449 0.0002353576 0.06434676 0.08091268 0.06627847 0.0024844003 -0.043913376 -0.009006366 0.03892135 -0.07528395 0.10380022 -0.04767822 -0.015621074 -0.026761085 0.10210133 -0.013528689 -0.095735304 0.018012654 0.035461366 0.06278839 -0.041653696 0.023462914 0.076446734 -0.032544933 -0.02427951 -0.02917578 0.025261201 0.009482283 0.04373224 0.027158067 0.024119636 0.008518217 -0.06786527 0.017069962 -0.073434375 0.018873857 -0.02371153 0.077064626 0.13297452 -0.062382832 0.03368401 -0.06970744 -0.078710325 0.030234426 -0.09570003 0.017255506 0.10668323 -0.09091363 0.04452605 0.02526967 0.0037515743 -0.071689405 -0.03112606 -0.02499676 0.063741 0.015598665 0.047809493 -0.068415314 0.09989821 -0.107862115 0.023624856 0.103268646 -0.04648234 0.006039546 0.14325441 -0.012974113 -0.0057963827 0.042155243 0.038274612 -0.041506097 -0.09848769 -0.021048607 -0.0617026 -0.0452848 0.0012118291 -0.018188277 0.00018132289 0.06917166 0.032935083 -0.055251423 0.05537403 0.09933878 -0.06827666 0.03558641 -0.077767156 0.077528074 0.082391396 -0.053396896 0.0070674242 0.03662692 0.029193882 0.13667418 0.06657419 0.041892465 0.04966739 0.0035246941 0.0455603 0.12795939 -0.04503245 0.08409154 -0.013257388 0.014404497 0.021901298 0.062761754 0.034388572 0.041637704 -0.09498961 0.06497612 0.09739613 -0.10151592 -0.020799793 -0.018805835 0.09532178 0.11732086 -0.11347399 0.03468191 -0.02541137 -0.008020951 -0.015989657 -0.023539947 0.0868564 -0.034021385 -0.062350713 0.06701368 0.06335327 0.026229843 0.016368266 -0.065876454 0.083315454 -0.03155483 0.044089533 -0.083770536 -0.07242488 0.011414931 0.09825983 0.06468386 -0.122791216 0.036515646 -0.018984057 0.019776704 0.11013116 0.064853564 -0.10272946 -0.046412468 0.052452147 -0.010235154 0.08379291 -0.055386845 -0.06707678 -0.0826505 0.08698692 0.040616117 0.021826407 -0.060085095 -0.047482472 -0.061191823 0.04594052 0.078201786 -0.03204366 -0.07189641 -0.009679125 0.0039342795 -0.012671446 -0.08860888 0.12432702 0.05442977 0.056580342 -0.03764548 0.024069604 0.014817789 0.018353742 0.022756131 -0.00342896 -0.07905469
-0.011242606 -0.09003235 0.01699918 -0.07808141 0.017987575 0.016361993 0.041564614 -0.020068979 -0.009022011 0.07320667 0.0028510261 0.12031776 -0.015044442 -0.038845915 -0.06688774 0.09085111 0.0015235848 -0.035173986 -0.037946727 -0.073279 -0.07723548 0.09410292 0.07055632 0.106301084 -0.007981069 -0.038247302 -0.077973954 0.06684358 0.01946868 0.069399364 0.08454861 0.06979995 0.053019073 -0.031498976 0.054564364 -0.10600863 -0.036915183 0.037609454 0.025468308 -0.012353361 -0.05227706 0.04314118 -0.117971756 0.03438752 0.046661414 0.08907122 -0.101618886 0.07949863 0.06553498 -0.05205116 0.01698588 0.030664649 -0.058936846 0.064792626 -0.08576839 0.077423565 0.04010858 -0.0037144478 -0.06222033 0.040263202 -0.08351232 0.016985549 -0.0028190012 0.04463694 -0.0907912 -0.05581558 -0.10703693 0.073831014 -0.06892316 -0.0708215 -0.011107324 -0.074725226 0.050831534 -0.07204509 0.02644354 -0.01826364 0.071922846 0.026511837 -0.037841592 0.0011739695 -0.062789656 0.08114018 -0.053047698 0.059253696 0.032148153 -0.05971972 -0.008342798 -0.009455306 0.087778315 -0.09543889 0.0025424666 -0.031003479 -0.070886955 0.036527913 -0.04262779 0.06817176 0.04436342 0.018184764 0.028415993 0.05077305 0.009492731 0.02889881 0.11685212 0.009539302 -0.082075626 0.07743552 -0.056934714 -0.104202725 -0.0013236941 -0.079646245 0.08949499 -0.087863654 -0.07747805 0.055996366 0.065744266 0.046537057 -0.07707197 0.0783654 -0.008971541 -0.053661197 0.064892754 0.10560739 0.026760586 -0.045242913 -0.045398567 0.0546447 0.015166997 -0.042437237 0.04108617 0.014718765 -0.045923434 -0.09008658 -0.07621714 -0.0068793567 -0.007117581 0.12305177 -0.083565526 -0.03896566 0.032286666 0.0011110919 0.03606653 -0.091101184 -0.04552385 -0.01168298 -0.03324806 0.084572695 -0.028277796 -0.054697797 0.034416553 0.016310722 -0.010254363 0.07361316 -0.08581508 0.040627487 0.11632692 -0.06799166 0.05665808 -0.06970102 -0.08079315 0.057466365 -0.118626304 0.09058893 -0.016050741 0.053162754 0.07046086 0.023105074 0.05381555 0.09703812 0.038571715 0.024791814 -0.012331508 -0.014905797 -0.068967625 0.00014462859 -0.09167357 -0.023488339 0.019831201 0.108115055 0.030046066 0.031089338 0.088417046 0.0794195 -0.0131649235 -0.09586066 0.08048518 -0.054274783 0.088363096 0.008442157 0.08555224 0.08355451 -0.019059869 0.04574115 0.009278343 -0.052546956 0.0011767452 0.08003403 -0.029023472 0.03829804 -0.041246887 -0.05084604 -0.0072131027 0.006197343 0.09342791 0.08978423 -0.0023170228 -0.013568753 0.039032713 0.07640544 0.038375203 -0.08193781 0.020250492 -0.07641507 -0.0766585 0.0555722 -0.06869799 -0.008265644 -0.06675884 -0.07485563 0.009889409 -0.033697087 0.038824953 0.053604107 0.00012888729 -0.035323635 0.028040236 -0.06618236 -0.058267582 0.10405045 0.061066158 0.0038397445 0.04568381 0.056979544 0.07375867 0.0028135963 -0.007980241 0.016856145 0.043541357 0.023365768 0.045915335 0.092340454 0.016974451 0.111792885 -0.115756206 0.05082494 0.04797702 -0.021247273 0.010052251 -0.034424644 0.11211912 -0.05189162 -0.08819978 -0.11703764 -0.0545703 -0.092287354 0.093426295 0.061984662 -0.0008784069
-0.055283327 0.05359518 0.07585783 0.013950353 -0.007820417 -0.05871823 0.08252245 0.086586274 -0.11515787 -0.13471219 0.06409802 0.057952628 0.00032851202 -0.08181453 -0.113047384 -0.08034941 -0.013744023 -0.11251913 0.1130306 -0.09771476 -0.045026954 0.12554091 -0.07589879 -0.097596414 0.06528731 0.019589832 0.054433703 -0.114201576 -0.09933266 0.0015100776 -0.07043465 -0.042545892 -0.11649894 0.13968174 -0.026524687 0.113069646 0.041442413 0.041444436 0.065755524 -0.07927523 0.017322617 -0.0980013 -0.05327286 0.004408576 -0.0449894 0.1056571 -0.0027887982 0.07048658 0.11685082 -0.021713939 0.032733593 -0.04324005 -0.024890166 0.0044829412 -0.09829914 -0.13466372 -0.113233425 0.02948467 -0.07992531 0.076187514 -0.06568554 -0.093227245 -0.018468095 0.14784236 0.0015500835 0.014400939 0.06164318 -0.008714022 0.059419334 0.01139162 0.09997381 -0.005709712 0.11861095 0.07572915 -0.07360623 0.037029862 0.02526061 0.121511064 -0.08772751 -0.01716018 0.06875646 0.08980968 -0.03852975 -0.003664677 0.07197073 0.06448154 0.08150271 0.07301339 0.03834638 0.07558579 0.069614574 -0.027858697 -0.01705812 -0.013619918 -0.101444356 0.07310512 0.033884652 0.043046337 -0.088771604 -0.0056887483 -0.08079146 0.028151099 -0.05135517 0.020862598 -0.08530059 -0.0596077 0.0053037354 -0.06690795 -0.026688648 0.013287056 0.05167548 0.053574305 -0.12767805 -0.077554114 0.002301804 -0.02250749 0.027817054 -0.03002172 0.015919115 -0.006495657 0.008590285 0.06577498 -0.079630375 -0.021203553 0.011803881 -0.061926965 0.09203162 -0.09742775 -0.04171357 0.11421911 -0.069459826 -0.01988704 -0.06168887 -0.0006256867 -0.047923945 0.116992995 -0.09472214 -0.01075089 -0.07907027 0.111286245 0.08035549 0.01652966 -0.13216142 -0.02367505 0.051183306 -0.066455685 -0.12586865 0.046093293 0.07281284 0.1165386 -0.04655428 0.060673885 0.000650042 -0.03913445 0.1227486 0.07881565 -0.048699636 -0.13258766 -0.07115947 0.118449286 -0.07918433 0.08279149 0.0100983465 0.058677766 -0.08885738 -0.050597206 0.10252888 -0.07058445 0.12122707 -0.012166934 0.08981805 0.09339959 -0.0720527 -0.089341596 0.100087516 0.11768131 -0.03731649 -0.05494125 0.00024628834 0.059574008 -0.08705542 -0.080477566 0.07435667 0.06130539 -0.08775216 0.06656851 -0.04139013 0.047942683 -0.0719345 -0.022021037 -0.102844134 -0.0049396344 -0.06475764 -0.08688155 0.036439113 0.022318425 0.007422132 0.02756944 0.09118998 -0.114485346 -0.010838716 -0.025476871 -0.079480894 -0.046260983 -0.07248071 -0.01057546 -0.04902001 -0.06339858 -0.052394688 0.048598018 0.0568684 0.11503624 -0.052874476 -0.07852418 -0.03516379 -0.096661314 0.078948684 0.081190154 0.09106472 -0.06299456 -0.030119412 0.08990309 -0.09209541 0.12793814 0.041663036 0.15501058 0.08308259 -0.065498374 0.036363166 0.08635934 0.056003764 0.043795668 0.0038058693 -0.029002013 0.05453097 0.116625175 -0.0832242 -0.019656342 -0.051772952 -0.00642645 -0.09393329 0.07476916 -0.030715127 0.019656103 0.038182467 -0.0470082 -0.00066385255 0.17538705 -0.05523356 0.013956939 0.0037840917 0.11189844 0.011126487 0.11256646 0.02949014 0.088608064 -0.061533
0.112309344 -0.04224173 0.12258301 0.034932643 -0.06910152 0.07565691 0.05907977 0.0888117 0.097461976 0.046223823 0.07399069 0.053274088 -0.023372134 -0.08938114 0.001745605 0.09580525 0.013920443 0.042808432 0.021949204 -0.06923193 0.012842984 0.06375886 -0.061366517 -0.08234252 -0.032279775 -0.074481696 -0.08867892 0.062999114 0.032412976 -0.072254084 0.076808356 0.013236138 -0.022899058 0.013450321 0.0019427671 0.09058152 0.038972415 -0.09994854 0.07228052 0.012277383 -0.041134946 0.11090794 0.030491378 0.07932053 -0.09981947 0.040527612 0.069667354 0.09059086 0.062207766 -0.02857436 -0.011439699 0.07549506 0.02255447 0.018054705 -0.049637266 -0.05228168 0.0881613 0.037069257 0.05289505 -0.09087476 0.085095786 0.07197548 -0.07954794 0.016981922 -0.03669572 0.02674102 0.10049145 0.015527714 -0.079878345 0.013083311 -0.058198806 -0.037483696 0.05251685 -0.018867122 0.04456517 0.070512295 -0.0024285645 -0.04004364 0.102788255 0.024677036 -0.11251311 0.050189976 -0.05605862 0.07997356 0.015767306 0.020844199 -0.054148443 0.004510354 -0.07302054 -0.016602265 0.06316578 -0.057369106 -0.079779655 0.015356233 -0.08083201 0.0633549 0.08479866 -0.023884311 -0.08984071 -0.05880592 0.04185447 0.05077058 -0.0019003749 0.031140694 -0.04318875 -0.033991057 0.008975691 -0.094194405 -0.045537606 0.077799626 -0.07667157 -0.06768958 -0.013076394 0.018498577 0.08434102 -0.016330784 -0.08882732 0.09571806 0.045562137 -0.07752433 0.043352067 0.0069782925 0.06097152 -0.06601391 -0.013611378 0.048077736 0.08666078 0.08679896 -0.06635427 0.060827978 0.028232906 0.037786406 -0.007391501 0.030750053 -0.01657579 -0.06747393 -0.07453705 -0.050054852 0.04935322 0.040878356 -0.008483128 0.041789867 0.08117095 -0.053349115 0.034345873 0.06354552 -0.06922465 0.059743118 -0.04625161 -0.040058624 -0.050602835 -0.07176167 0.058510423 -0.012704279 -0.077250786 -0.09725473 0.026789427 0.040432308 0.046114795 -0.025416212 -0.018117769 -0.10652223 0.07908191 -0.016728614 0.031108908 0.081844196 -0.12093416 -0.038970273 0.064860664 -0.002177007 -0.12228569 0.07591967 -0.051231526 0.058318906 -0.10049675 -0.04214881 -0.039279364 -0.08856079 -0.08281758 0.036339715 -0.059139304 0.047029898 0.045851313 0.057795785 -0.043264516 -0.05451308 -0.057812463 0.060066607 0.08578538 0.017413445 0.069445275 -0.11419727 0.030490067 0.05732475 -0.051525183 0.10899535 -0.068561845 0.09182428 0.09527776 -0.07270206 -0.113771185 -0.060495175 0.023062723 0.010036094 -0.03825409 0.06968727 -0.04422391 -0.029554455 -0.07690271 -0.0860556 -0.030341277 0.08992854 0.0069251014 0.08606138 -0.033921577 -0.04486983 0.0017523977 0.03664961 -0.0012249975 0.08390755 -0.021870326 0.011604317 -0.03497691 -0.063607596 -0.018588476 0.0732786 0.045072474 0.0037217452 -0.07570485 -0.06550596 0.0041908734 0.07214638 -0.039570056 0.06419106 -0.041071005 0.09673029 0.055447493 -0.02260854 0.104161814 0.0036417898 0.04245149 -0.021186654 0.04633213 0.06584135 -0.050257236 0.0914657 0.06720356 0.035952337 0.06430501 0.04707028 -0.045596406 -0.074198306 0.12712047 -0.00006865143 0.04711405 0.071720086 0.05491562
0.03899137 0.055602714 0.0583864 0.02217772 -0.040592924 0.03538893 -0.022694478 -0.009069097 0.043292474 0.027476495 -0.053661216 -0.031472664 0.00027478085 0.042342212 0.02163674 -0.024777757 -0.13271281 0.037388507 0.1213849 -0.12528561 0.09067262 0.05321473 -0.039169557 0.05534534 -0.010416628 -0.034178663 0.00853581 -0.097249635 0.08178096 -0.018730838 0.0011985435 -0.08310058 0.055963255 -0.0826442 0.051408675 0.09053023 0.0076649855 0.0059914454 0.03361659 -0.027642142 -0.016240563 0.0049843243 0.03479447 0.10137123 0.009338267 0.11787809 0.032108776 -0.06822366 0.0626439 -0.08534505 -0.07872179 -0.083020486 -0.0069556283 -0.009646561 0.055518504 -0.1472323 -0.08976801 -0.05353651 0.043312166 0.083147906 0.06814393 0.008338312 -0.051081065 0.006470367 -0.06509092 0.060757488 -0.06690696 0.004895417 0.0039066863 -0.067425385 -0.08734903 0.041352566 0.057540026 0.0028529812 0.033473507 0.036934026 -0.082336955 -0.041129827 0.02313667 0.042592354 0.080827676 -0.029336376 0.10905048 -0.027387155 0.014457883 -0.059727397 0.054441515 0.16753599 -0.0731746 0.048553783 -0.0319617 0.0074695996 -0.030699674 -0.011147625 -0.038131975 0.07478295 0.08261231 0.13782816 0.07134245 0.054285213 -0.03609723 -0.0932302 -0.025270425 -0.010118762 0.04738516 -0.054934714 0.05768458 0.04554756 0.06223912 0.024230579 -0.049516473 0.019921225 -0.08025425 0.041712265 0.06582221 0.014458208 0.005817704 -0.04883238 0.023806715 0.07373403 -0.004581038 -0.010438372 -0.05531937 -0.03897147 -0.05626206 0.03905637 0.0033396326 -0.087837055 -0.034939975 0.041060746 -0.04826682 0.0060207937 0.11882684 0.042467587 -0.093680784 -0.0022769526 0.016193304 -0.024751998 -0.04625686 0.1421811 0.0315704 0.0013179464 -0.0778391 0.03155381 -0.03524639 -0.05182927 0.121012054 -0.024393924 -0.024715874 0.0007636126 -0.02102626 -0.0055861906 0.047906335 -0.031287983 -0.036585514 0.0012327763 0.0717411 -0.05420552 -0.0724399 0.07112523 -0.060991064 -0.005705608 0.06195129 0.078595355 -0.03408001 -0.10757327 0.1031898 -0.09858346 0.08009184 0.09282447 0.1346805 0.10647646 0.022857584 -0.07111636 0.07807101 0.09731335 0.04378037 -0.018669767 0.13879636 0.026762212 -0.09985373 0.08608328 0.027709097 0.03319328 -0.09234357 0.05235792 0.14077285 0.09082443 -0.12608635 -0.06832236 -0.051740725 -0.051677056 -0.005776003 0.011084826 -0.07647122 -0.02895672 -0.06880104 -0.021666335 -0.07579832 0.0022382885 -0.064486265 -0.04005567 -0.043921474 -0.08453699 0.029344423 -0.10792516 0.00035733785 0.03819976 -0.03185209 0.013893999 -0.09600778 -0.044414826 0.054295685 0.10478654 0.061443876 0.02550692 -0.04753151 -0.0632003 -0.035092127 -0.11067694 -0.056764968 0.06100669 0.008039822 -0.026254112 -0.018555613 -0.10130478 -0.019540042 -0.02826123 0.017255748 -0.008418545 0.06853523 -0.019927409 -0.084581316 0.008300336 -0.021607118 -0.060818158 0.09649106 0.10578298 0.09015091 -0.015292406 0.030777808 0.045197573 -0.016458448 -0.05338405 0.057412885 0.06067865 0.004469302 0.09955361 -0.10578586 -0.077888474 -0.000528802 -0.014027881 -0.024382306 0.07216685 -0.09397639 -0.05786539 0.019440638
0.050818592 0.045293715 -0.007496397 -0.012973807 0.07576622 0.016022004 0.0655007 -0.050953433 -0.059661455 0.10209992 -0.047531236 -0.063046716 0.00055823376 -0.01720613 -0.0077308705 0.06080905 0.097392775 0.006920773 0.06643439 0.05184288 -0.064696975 -0.12089369 -0.09464942 0.03905563 -0.09570874 -0.1791174 -0.026285606 0.0001148736 0.02795271 0.07054036 -0.07187168 0.07297009 0.049360383 0.04131343 -0.03838251 -0.10841341 -0.042027634 0.037034675 0.0017018854 -0.077300236 0.15608813 0.03672906 0.06676736 0.014316571 -0.04562272 -0.011585355 -0.022493308 0.039698638 -0.036262836 0.08911413 0.0062529277 -0.14415509 0.048966333 -0.0131073585 0.11490952 0.03458496 -0.06780897 0.059346445 -0.07877331 -0.016231708 -0.094982 0.015182975 0.052254453 0.023721429 0.09273683 0.047067795 -0.08266933 -0.0415082 -0.06687283 -0.13925613 -0.047280382 -0.0026724653 -0.04664745 0.011077263 0.0944974 -0.050839692 0.06978635 -0.015195692 -0.06010392 -0.089234255 0.077998415 0.07799612 0.027586346 0.055723824 -0.032739293 -0.038806185 0.02775232 -0.057083722 0.027741678 -0.0757362 0.1583172 0.054292742 0.08422762 -0.104052156 0.0057841786 -0.011588268 -0.016471226 -0.010391225 0.052232463 0.098582 -0.06290825 -0.08375763 0.07566216 0.10499708 -0.019521324 -0.027554192 0.036174178 0.024220537 -0.07675892 -0.04995833 -0.04805906 0.02891486 0.031127607 -0.06794545 -0.04010385 -0.042187303 0.015030789 0.06436731 -0.0028280474 0.07490982 0.10513009 -0.13518304 0.059232093 0.11507117 -0.11429319 -0.006604425 -0.030887922 0.044789236 0.12759537 -0.010451175 -0.08357423 -0.063399844 -0.08092575 0.008369653 0.03410127 -0.11691617 0.14625892 0.15082467 -0.11820124 -0.020450141 0.08993072 -0.056084257 -0.107831456 0.063352905 -0.04130674 -0.06134424 0.06656204 0.0066662193 0.10648281 0.092296906 0.038559966 -0.023658296 -0.1487001 -0.0062799053 0.019790063 -0.05696194 -0.024373872 0.08757798 0.11517308 0.11138621 -0.17522207 0.07956994 -0.016745156 -0.1477259 -0.075082704 -0.05771329 0.052218977 -0.026856897 0.13030037 -0.014736603 -0.044817656 0.03605854 -0.057817258 -0.0239279 -0.02215864 -0.053386495 0.036900707 0.1314445 -0.066622175 0.13663295 -0.029611459 0.012975487 -0.074483015 -0.077029206 -0.011804895 0.047062736 -0.0030554119 0.09277549 -0.016774692 -0.09421866 -0.009233524 0.08733762 0.07826864 0.003539785 0.120020054 0.014367512 0.060852252 -0.110674165 -0.07837839 0.002854235 -0.07188043 -0.05276357 -0.009121971 0.015082952 0.006211591 0.008257408 -0.03014661 -0.03522975 -0.04449286 0.06814477 0.047922794 0.03046039 -0.013901665 0.076107584 0.04934071 0.06411194 0.03722197 -0.10728083 -0.08792241 0.083162285 -0.0041004648 0.002520201 0.015611381 -0.020450171 0.04870959 0.074726425 -0.10505901 -0.05203151 -0.08760387 -0.004594488 0.022132311 0.07543791 -0.10221242 0.023119237 -0.02033295 -0.08821282 0.047145363 0.055184886 -0.07867506 0.059321515 -0.0035410237 -0.06308452 0.03683097 -0.0016024683 0.013945031 0.11066916 -0.054886326 0.06943715 -0.085237354 0.015318358 0.07212232 -0.03263428 0.04557536 -0.0010828058 0.121919416 -0.0695457 -0.022192957
-0.013666273 0.08288307 0.019578487 -0.0869653 -0.013934354 0.044127394 0.0023129075 0.04912373 0.064441726 0.023191199 -0.01784482 0.116695516 -0.07129595 0.06587082 -0.10753285 -0.08049493 -0.09231745 0.011258113 -0.06028412 0.018910171 -0.02379388 -0.014653193 0.07483669 -0.030305171 -0.0065058316 -0.08962759 0.046090513 0.032882772 -0.0024842122 0.10452524 0.06772061 -0.032189082 -0.008174299 -0.05575288 0.0027027389 0.08074914 0.006131747 0.034724575 0.0636561 -0.07154854 -0.07425125 0.03770404 -0.056010943 0.04424804 -0.0717827 -0.035311546 0.030536087 0.024545945 0.14312825 -0.03555101 -0.116413094 -0.0485036 -0.09683541 0.09984707 -0.073625274 -0.09287575 -0.021538073 0.0944308 0.05884192 0.03189167 -0.042725626 0.08448661 0.065590836 -0.061320383 -0.003044747 0.029218674 0.005766811 -0.13839535 -0.02493209 -0.061682817 -0.028047927 0.01366232 0.0753234 -0.06178144 -0.10147532 -0.06787636 -0.0013816816 0.0072437082 -0.038968094 0.01795684 -0.08137585 0.055429786 -0.052071143 -0.08588003 -0.083311796 -0.055896334 0.081626244 0.016045371 -0.022645129 -0.06790348 0.07916983 -0.06434901 0.04274577 -0.08501542 -0.07950272 0.04325417 -0.00454944 0.08892895 -0.0147929685 0.062476702 -0.08813196 -0.09097477 0.00264359 0.02239444 0.045475975 -0.06917694 -0.050663978 -0.097449094 0.1025586 -0.05352683 0.08252974 0.06284912 -0.021603286 0.029956669 -0.0032413804 -0.019139713 0.03912665 0.043874193 0.070785806 0.102816485 -0.094492145 0.058869638 -0.059640784 0.049856 0.000034147746 -0.05035504 0.04950149 -0.0510994 -0.09975954 -0.063899934 -0.018726392 0.07304392 -0.0023368215 0.02634548 0.08740708 0.058386136 -0.0179482 0.055607308 0.042334665 0.06431093 0.00550243 0.0003398184 -0.04114092 0.058848158 0.04341885 -0.04145855 0.081946455 0.041606583 0.09681378 -0.09040784 0.07003367 -0.055488106 -0.020011876 -0.036218192 0.046260994 0.041714992 -0.049085073 -0.03949904 -0.016253497 0.00042983476 -0.119444855 -0.049535874 -0.076096505 -0.08330726 -0.06005596 -0.07248687 0.07275197 -0.044943053 0.07337265 -0.040173747 0.07554845 -0.07957271 -0.061180647 -0.04898171 0.027814895 -0.031763475 -0.015303908 -0.07864754 0.08469595 -0.09894916 0.009432886 0.09356751 -0.08493347 0.035974946 0.020316115 -0.047447555 -0.028197285 0.0700515 0.008521402 0.013215551 -0.07333395 -0.07254307 0.0991126 -0.010549695 0.031563662 0.073791124 0.010044347 0.047905907 0.053347792 -0.095632836 0.034952696 0.06854798 0.04220301 0.0003603459 0.0067931577 -0.041102935 -0.06798711 -0.03194735 0.026454581 -0.09358246 -0.00006462073 0.046086654 0.060378447 -0.054605544 -0.03571604 0.009680781 -0.079702266 0.10842953 0.022480356 0.11842853 0.06018213 0.021818208 0.10037306 0.073090896 -0.10725558 0.07005308 0.022284167 0.0017767459 0.050150283 -0.020310061 -0.025529249 0.0040360764 0.043533273 0.028771535 0.03875383 -0.035560153 -0.07966196 0.035450336 0.0942724 -0.03786833 -0.025853593 -0.04545371 0.08851314 0.067402005 0.06354275 0.095274255 -0.11031978 -0.042126108 0.020675182 0.040826242 -0.0063999924 -0.028826153 -0.0047196406 -0.020443026 -0.02469902 -0.06369715 -0.059837427
-0.038716957 0.0005584392 0.013139973 0.0570231 -0.09941601 0.03282213 -0.04202813 0.14407179 -0.08612511 -0.1128077 0.033726033 -0.08438178 0.07613167 -0.03222639 -0.07747785 -0.015141406 0.012230053 -0.020502312 0.030344002 -0.03605462 0.067927204 0.006550764 -0.118471995 -0.0912345 0.053492885 -0.033491004 -0.058482394 -0.07371289 -0.027362594 -0.07849444 -0.047585446 -0.014766118 -0.031849463 0.08485528 0.08252118 0.036007505 -0.05150627 -0.06790829 0.029963475 0.09725002 -0.09270345 -0.12020189 -0.032484096 -0.040870707 -0.062489998 0.034929194 0.051963247 0.07817239 -0.03043029 -0.09733174 -0.069945306 -0.018296883 -0.045459326 0.10791588 -0.018318795 0.047458313 -0.007106681 0.10094506 0.006081406 0.039357536 0.016948795 -0.002806721 -0.010091336 0.012781621 0.0049091624 0.06965647 -0.018059798 -0.09960396 0.09947376 0.0365372 -0.034725554 -0.09246775 0.08067445 -0.089504965 0.10897795 0.017205171 0.08279263 -0.055046454 0.03878211 0.08733962 -0.12021457 0.029227763 0.082021534 0.07202984 -0.04940708 -0.067812115 -0.0007685891 -0.106460616 0.0766415 0.091511816 0.0444448 0.14608862 -0.021655284 0.067377284 -0.07322436 -0.07591458 -0.033493858 0.044952378 -0.035917494 -0.06429186 0.14515735 0.091652915 0.0053955 -0.04139457 0.059389737 -0.15463494 -0.02212797 0.04088306 0.053154923 -0.058694836 -0.08093063 0.013409841 -0.099917844 0.090222366 0.024554502 0.032298353 -0.1095086 0.06370894 0.035936885 -0.03087066 0.045430332 -0.08411912 0.053691294 -0.06124555 -0.03320477 0.055626314 0.021190401 -0.023459937 0.07354766 -0.06676896 -0.11142653 0.04932889 -0.0010806753 -0.00899648 -0.065272145 -0.021216998 -0.030664722 -0.079842046 -0.05680267 0.019407168 0.061577313 0.017125957 -0.047212556 0.055927843 0.032702066 0.107399546 -0.045147415 -0.06116686 0.037022054 0.040225033 -0.10619128 -0.021875152 0.05027432 -0.040214997 -0.12257272 -0.035856407 0.0023494733 -0.036267072 0.033374354 -0.0168112 -0.025052626 -0.045944512 0.074386284 -0.016930604 0.13045244 0.02529184 0.08424579 0.085714035 -0.08129917 -0.0027253968 0.05808233 0.09415882 -0.0032190282 -0.086029716 0.08879573 0.027661253 0.061354384 0.037962165 -0.06822277 0.08686771 -0.124119334 -0.044327337 0.10315006 -0.020474747 -0.044383705 -0.012964152 -0.08384998 0.05191775 -0.030923573 -0.068873994 0.05663752 -0.009261503 -0.053875245 -0.06878564 -0.114850275 -0.089451745 0.12451581 -0.051948693 0.03769633 0.056332584 -0.078132704 0.050568767 0.045469392 0.05545682 0.13220322 -0.08260831 -0.006005897 0.07737298 0.08725543 0.08379979 -0.04527376 0.13701032 0.036927566 -0.0021466329 0.104200915 0.018702634 -0.08799114 -0.00707372 0.055747896 0.034595825 0.07967102 -0.089404285 -0.030499175 0.08037037 -0.03562386 -0.058867477 0.018239187 -0.06274651 0.080759004 -0.11653094 -0.089308396 0.06134564 0.09613388 0.04935381 0.09427618 -0.09032695 -0.017927082 -0.008434282 0.04485291 -0.044718634 -0.020535458 -0.044152133 -0.07741463 0.047475252 -0.08369712 0.041017186 -0.03994541 -0.041655388 -0.06655903 -0.06160793 -0.0011352238 0.009100154 0.08564741 -0.055494856 -0.05935108 0.025727222 -0.076558456
0.0039750957 0.04293202 -0.05030641 0.091955595 0.005567598 0.07618571 -0.0007541897 0.018492775 0.029197073 0.025957752 0.053710934 0.0113812145 0.050600186 -0.0044182893 0.008182128 -0.08411139 0.06565039 -0.012835268 -0.034967434 -0.06435897 0.021442631 -0.082253285 0.065824345 0.10353867 0.040606853 -0.019091615 0.0029119246 -0.017309053 -0.014670593 0.013413338 -0.11265977 0.003854995 0.099671334 0.06675343 0.09930434 -0.07567924 -0.066425 -0.082683645 -0.038834516 0.033671204 0.067880645 0.042158876 0.056334578 0.020285498 0.09676618 0.053368684 -0.046013948 -0.018145131 0.016795041 0.05340838 0.05397329 -0.06328224 0.10133922 0.069441915 -0.0007852036 0.013413567 -0.054289836 0.08108593 -0.09163247 -0.11613335 -0.10965761 0.0163781 -0.038489807 -0.046822168 -0.043391217 0.09488289 -0.03235967 0.038954407 0.02577013 -0.0444652 -0.060586914 0.034521963 0.03490338 -0.0018662019 -0.03410265 -0.10271979 0.09999941 -0.021784388 -0.0136259 -0.114692055 -0.03374623 0.054220326 0.019694347 -0.05671071 -0.00015930332 -0.043490563 0.096331984 -0.0083136475 0.05369027 0.052259106 -0.057081595 0.010293568 0.0034195685 -0.03308851 -0.08827555 -0.005936414 0.07600217 -0.07228296 -0.0009082754 0.07589649 -0.008312521 0.09561012 -0.012106517 0.035313495 -0.0676737 -0.116395324 -0.06302745 0.0035576834 0.090766795 0.016976614 -0.050414357 0.1327273 -0.047171548 0.09360292 -0.07369618 -0.0056708544 0.074300475 -0.12624998 0.04168996 -0.07851967 -0.044751078 -0.06968349 -0.009575635 0.0046116263 0.10721572 -0.09181187 0.09876731 -0.029233212 -0.116202764 0.08484253 -0.05955763 -0.12114275 0.03194239 -0.039142657 -0.017866382 -0.0123792095 -0.059579972 0.08909987 0.031064617 -0.07006995 -0.05654651 -0.061576713 0.082090095 -0.0070467386 -0.08216034 0.017907685 -0.044352584 -0.10447634 -0.1020978 0.07237846 0.040893987 0.019898498 0.07710412 0.0629893 0.06887486 0.09308323 0.08151754 0.053000055 -0.0040249657 0.08088476 0.065947324 0.033691626 0.08706723 0.10003832 -0.042905893 -0.028438061 -0.028674623 -0.021796105 -0.07419883 -0.053165253 0.06617198 0.05199259 -0.09744405 -0.111942366 -0.031795695 0.059766836 0.05516468 -0.061177902 -0.014452336 0.051712595 0.08195332 -0.112037405 0.015723713 0.10621731 -0.03206991 -0.0029468653 0.018915122 0.039331626 -0.049321737 0.026076952 0.08477488 0.07303947 -0.006540173 0.080026604 0.039103407 0.04724374 -0.068060875 -0.018084168 -0.073315024 0.012578812 0.00418394 0.072723895 0.057693813 0.059651267 0.03178187 -0.015154794 0.11298987 -0.058614034 0.11198816 0.04952412 -0.049006205 0.038548715 0.021864152 -0.037336823 0.061083335 0.042874083 0.060256857 -0.008603372 0.028117 0.050489012 0.015869796 0.0705893 0.073614724 0.11797966 -0.047180485 0.064963825 -0.050785854 0.11639162 -0.037812524 0.028251402 0.04245132 -0.10142896 -0.057223026 0.07242984 -0.0069568837 0.007028411 0.037758198 -0.093159765 0.06736807 -0.11482451 0.034286104 -0.034033854 0.06577746 0.105213314 0.030696739 0.0072369347 -0.06529999 0.025229424 -0.023716822 -0.08170611 0.036727812 0.014038929 0.021784902 0.053348526 -0.038178038 -0.03503993 0.08227031
0.058631957 0.0026698702 0.06595553 0.023215052 -0.08730714 -0.0020931645 -0.043712977 0.034956217 0.021646446 0.040761307 -0.07131837 0.024429776 0.024580866 -0.030156827 0.098622695 -0.042291675 -0.056563042 -0.078626625 0.0690202 -0.043791078 0.0720356 -0.08554027 -0.100872315 0.06441908 0.03201731 -0.0119126635 0.06937331 0.066155925 -0.08514487 0.026069967 0.024622206 0.030250907 -0.011759543 -0.040698785 0.009662442 0.05215059 0.025613299 0.091930136 0.0033809384 0.06483276 0.113626435 -0.086331256 0.08951251 -0.02421394 0.018827638 0.06665667 -0.005174193 -0.078657314 -0.08770299 -0.06334889 -0.0012155069 -0.054502293 0.021005569 0.11870312 -0.0478247 -0.060608633 -0.085280985 -0.02617544 0.046457283 0.06910922 -0.010839316 -0.09668729 0.0030906545 0.030183965 0.047192577 0.02621196 -0.03622712 -0.045812823 0.07494289 -0.063875265 0.057673544 -0.054215346 0.0145484 0.0809952 -0.07257412 0.038872473 0.06439759 -0.07198347 0.037400432 -0.03201985 -0.080823734 0.04618925 0.0067866747 0.02380404 -0.03333024 -0.048111968 0.08187579 -0.062341742 0.052201893 0.056932803 0.044748776 0.053730864 -0.027237574 -0.08370291 0.088488385 0.09529581 -0.0012136694 0.042009443 0.036025595 -0.06434878 -0.10410232 -0.032387655 0.012469845 0.003656655 0.086403154 0.049100988 0.0069957753 -0.11147035 0.03172783 -0.117489465 0.0713906 0.017821101 0.047085565 0.02919319 -0.007207004 -0.017633537 -0.031848006 -0.04727965 0.028400434 -0.105514884 -0.08941529 -0.15958221 0.0030988154 0.10741547 -0.049778253 -0.087119386 0.069879 0.025025263 -0.12332395 -0.10531239 0.07463532 -0.041446295 0.14375861 0.036968663 -0.04182984 -0.027557543 -0.06883552 -0.03807 -0.0012148938 0.04557743 -0.09349424 0.015745496 0.048364483 -0.05534524 0.02594592 -0.05213566 0.0017714185 0.0140157975 -0.01580928 -0.10694636 -0.073055044 -0.030985294 -0.0298158 -0.02409114 -0.008212556 0.012144062 -0.03363857 0.026988015 0.104588635 0.04904384 0.06092102 -0.013607679 0.043354787 0.043825578 0.05195164 0.027407765 -0.0069442554 0.055771835 0.09038192 0.09842038 0.043424483 0.043737814 -0.046066836 0.06316595 0.07847241 0.02145352 0.050032176 0.048111267 0.13567978 0.037466336 0.08166924 0.07511477 0.013186852 0.045088716 0.088522606 0.054230794 -0.07427511 0.08936323 -0.012297567 -0.022932235 -0.031059822 -0.005725559 0.098894596 -0.021252142 -0.048334163 -0.050561503 0.03633416 0.04239407 0.014395265 -0.04874338 0.032248553 -0.008044206 0.02875105 0.032511726 0.015881866 0.04758102 -0.0060169376 0.028060785 0.019097202 -0.068013884 -0.081251524 -0.08236527 -0.05803384 0.028944401 0.0030620543 -0.033940505 0.015162743 -0.063197635 -0.0037623823 -0.006449498 -0.0035417532 -0.053686224 -0.049980327 0.017618544 -0.053040948 0.046441063 0.025703488 -0.005496564 0.029572096 -0.020983629 0.049118612 0.0017243845 -0.05966937 -0.029653054 0.050732683 0.10677041 -0.07893087 0.11969849 0.11964781 0.022527523 -0.033721033 -0.01034319 -0.05242743 -0.034529928 -0.008859916 -0.024368593 -0.038416367 0.033328835 0.040687237 -0.053223092 -0.0027064986 -0.038142003 0.013373596 -0.1269551 0.11465902 0.01893875 0.0028244797
-0.09017052 0.08520758 -0.08844779 0.097478226 0.077085376 0.02368892 -0.08952273 0.06318514 0.07528062 0.054487206 0.084159374 0.03949738 0.044946875 0.046441793 -0.0050412877 0.084460706 -0.053743534 -0.09089501 -0.031694505 0.0710546 -0.04997106 -0.024321403 0.074745804 0.006462447 0.07136113 -0.08133708 -0.001959126 -0.033214767 0.052173197 0.058434077 0.036359034 0.028134258 0.11531029 0.060525265 0.025922291 0.06176152 -0.0576515 0.03441702 -0.10460869 0.007983146 -0.07533395 0.08561189 0.017763307 0.004030847 -0.09043722 0.00093089195 -0.0724286 -0.013869415 0.028163392 0.05170241 0.0073753935 0.066701114 0.10377328 0.12079802 -0.06018136 0.038052022 0.091487795 0.049151972 -0.07322918 -0.05785896 -0.02024912 -0.023110949 -0.077910624 -0.09255169 -0.0043387967 0.004187548 0.044642176 -0.023593055 0.04605977 0.04750773 -0.039458893 -0.013020902 -0.011867947 0.028518481 0.0007815746 0.021609168 0.08556403 -0.026632931 0.07039742 0.0280129 0.024711741 0.014162233 -0.03589107 -0.02410528 0.048332505 0.03243383 -0.024164474 0.0030989097 -0.06872578 0.08236122 -0.08154626 -0.027372355 -0.0046956628 0.026461063 -0.032417897 -0.07783231 0.079026535 0.035081495 0.06337109 0.07719156 -0.011610935 0.07923835 0.096342884 0.099911556 0.0745697 0.052418597 -0.092490084 0.09613027 0.0068782223 -0.1128464 0.0019388509 -0.07360576 -0.020521244 -0.04982003 0.11428987 -0.022040738 0.0031863218 0.10035732 0.10940394 0.028045556 -0.07313163 0.004171161 0.026541084 0.09189358 -0.036085624 0.09235372 0.04198262 0.09983664 -0.061886374 -0.031513944 0.11875123 -0.062186565 0.09875578 0.06644222 -0.026519349 0.077899545 -0.10123716 0.044826794 0.04728588 -0.028843544 0.08166528 -0.07373955 -0.075842984 0.0061127944 -0.079733744 0.07387186 -0.03470944 0.051968593 -0.055829395 -0.07231887 -0.04545882 0.01831146 0.062478155 -0.054420374 -0.043908957 0.07026164 -0.076252855 -0.010394073 0.05810648 -0.09688183 -0.035011467 -0.0008456139 -0.033854935 0.09359051 -0.007933618 0.045060072 -0.060498457 -0.076927334 -0.08299867 0.06162466 0.061888877 0.09344486 -0.08318351 0.009260336 -0.005988205 0.002580391 0.058688108 -0.013356405 -0.0010590132 0.050993934 -0.010538114 -0.036676537 -0.080334865 0.09947923 -0.09138626 -0.079734035 -0.10376598 -0.07190633 0.003701059 -0.0606746 -0.016307928 0.0005299414 -0.065485395 0.10113723 -0.018026002 -0.008295872 -0.017133722 0.09302732 0.0074592824 0.03827582 -0.023250507 -0.025900343 0.04065161 -0.0045280256 0.08387883 -0.053536415 -0.04993837 0.0069313087 -0.011491651 -0.03442743 0.032005113 0.07772899 -0.07437346 0.013045628 -0.03960993 -0.031100012 0.003934053 -0.012407688 0.014576811 0.029479347 0.0020289405 0.0039992062 -0.041151427 -0.071598195 -0.048495222 0.016311424 -0.0007109118 -0.023624945 0.030036448 -0.08541829 -0.05815013 -0.05320961 -0.06872662 -0.07170899 -0.03350722 -0.0848999 0.06362352 -0.053635847 -0.03722544 -0.08200837 -0.008246888 -0.0059609464 0.044732273 -0.015641369 -0.060997754 -0.0064048963 0.06817316 -0.046162635 -0.036186915 -0.03492276 0.00858986 0.09416401 -0.03262666 -0.0479147 -0.040379982 -0.11315421 -0.087893344
0.06970783 0.03920596 0.048191894 -0.04331403 -0.05239583 0.086465746 -0.006750857 -0.05568504 -0.074863225 -0.07449227 -0.05208451 0.07987408 0.034902137 0.020282365 0.0764419 -0.08661398 -0.039795578 0.051903985 0.068999164 -0.03723256 0.07991988 0.060990494 0.09059225 0.042872384 0.066121936 0.017723344 0.0015059345 0.048276104 0.0029172918 -0.042270616 0.014217377 0.079504944 0.02085931 0.031908136 -0.04639476 -0.04257224 -0.070747435 -0.01576569 0.08436688 0.02163962 0.00081810623 -0.028585922 0.032105427 -0.03434999 0.06784759 0.033138428 -0.10866868 -0.04669796 -0.106296085 -0.06426704 0.036371615 -0.052586224 -0.07745746 -0.10196432 -0.029397223 0.008349586 0.0014018454 -0.06314748 -0.012236598 -0.020104313 -0.04720206 -0.0799274 0.052238785 0.09185188 -0.09025342 -0.11987803 0.080128305 0.06427797 0.03534198 0.014462798 0.09361611 -0.0013403076 -0.027949609 -0.070726134 -0.06372249 -0.06129454 -0.008178135 0.055166844 -0.02140026 -0.013748259 -0.009501039 0.052617874 0.1183985 -0.0929268 0.0332625 0.028443368 0.04218593 -0.055521086 0.065085195 -0.042893447 0.05749841 -0.041805055 -0.08884275 -0.006753849 0.043451082 0.017186407 0.062185854 0.0766966 -0.017537825 -0.06922765 0.08717363 -0.07274256 0.15390185 0.07681277 -0.09787026 -0.06283911 -0.07735219 0.016512385 -0.10482184 -0.08159746 -0.015589302 0.053992115 0.08286986 -0.020760521 0.074333556 -0.05761353 0.08465217 0.09831959 0.049653545 -0.045773502 -0.01646955 0.018086161 -0.05649981 -0.03317596 0.063989036 0.03980773 -0.05264688 0.022017043 0.029170332 -0.06188905 -0.10726121 -0.076473266 -0.09323509 0.0285655 0.08337639 -0.06266818 -0.10417733 0.01065068 -0.0004115125 -0.01067964 -0.06943948 0.01182822 0.087301075 -0.050409302 0.06916049 0.06764467 0.020170694 0.03817226 -0.07885857 -0.019259267 -0.08249976 0.090834476 -0.041849323 -0.04959478 0.10541559 -0.026012091 0.054005086 0.057335347 0.040901512 0.033313878 -0.023117276 -0.022801148 -0.009339759 0.012671188 -0.096433386 -0.09182592 -0.12853359 -0.05107791 0.07422515 0.08045042 -0.01336258 -0.016439108 0.021011898 0.0199169 0.015933879 -0.07701454 -0.021755394 -0.033255976 -0.098002 0.053287234 -0.058028076 0.08671193 -0.021430006 -0.057428416 -0.06900329 0.016697759 -0.080535226 0.054232825 -0.052776806 0.053797726 0.017807463 -0.009252986 0.03136019 -0.069051415 -0.01978102 0.012285662 -0.043353807 0.027374623 0.053281978 0.025997212 0.09259518 0.11125602 -0.116297185 0.0116170775 0.034597468 -0.060415372 0.059206884 0.012080233 -0.060520403 0.07452207 0.023438703 -0.019396022 -0.11086618 0.053484935 0.003479256 0.00626766 -0.055293452 -0.022152971 0.07109071 0.024992676 -0.08347548 0.029725831 -0.04227683 -0.0626067 -0.048717085 -0.047810968 -0.056791477 -0.006503312 0.021290038 0.018421015 -0.024960581 -0.038911868 -0.03896788 -0.04662102 -0.031575438 0.042213745 -0.08574951 -0.044720244 -0.0475738 0.049770452 0.07768333 -0.021458838 0.0576752 -0.011804815 0.023085153 0.12435955 -0.002907274 0.044013444 -0.03312731 -0.05203499 0.040045552 -0.009754406 0.078331634 0.047068466 -0.059952255 -0.0919288 0.027083082
-0.022853857 0.07715049 -0.052031733 0.07046244 0.13629873 -0.015974455 0.04872475 -0.058741156 0.09037011 -0.05647967 0.021258233 -0.13581994 -0.03712643 -0.056682847 0.01402624 0.036933314 0.12096561 -0.110838585 0.03616035 -0.019749466 0.021778435 0.049072377 -0.07957863 0.06199551 -0.02167527 0.028700918 -0.0062569575 0.036349665 0.13368163 0.023803746 0.06831986 -0.09833579 -0.03164008 -0.04226754 0.05786906 0.1026255 0.08821066 -0.16317983 0.085961476 0.06934315 -0.03022475 -0.055685908 0.0058010365 -0.031029196 0.08320408 -0.040781055 -0.056643892 -0.098490134 0.058491457 0.0115902955 -0.035937365 -0.104927495 -0.06258064 0.056847572 -0.07183699 -0.0046270913 0.04111878 -0.0017902422 -0.020906996 0.100887895 0.0739832 -0.062224634 0.015963955 -0.023090893 -0.108502895 0.051144525 -0.11082517 -0.0004619419 0.02110813 0.08469355 0.047041595 0.055837587 0.03888574 -0.038981725 0.031218287 -0.032885022 -0.011324463 -0.07644675 0.016344028 -0.07275385 0.09350772 0.009246742 0.10000792 -0.034861524 -0.070785105 -0.0057701217 -0.0767366 0.028730528 -0.07398433 0.053113613 -0.017542642 0.112402014 -0.026920902 -0.02712702 0.100083396 -0.018949395 -0.096313335 -0.09272609 0.088982016 -0.12000507 -0.014867676 0.10880937 -0.09174708 -0.008177369 0.10157862 -0.07892345 -0.014125521 0.107397996 0.016869193 0.086418584 0.14100967 -0.018976698 0.0989198 -0.008356064 0.106714405 -0.088818155 0.029482009 0.0490329 -0.021269832 -0.0014563693 -0.056908637 -0.014787202 0.08156253 0.08843372 -0.07091805 0.008002169 0.09501242 0.07692085 -0.06704843 -0.036818586 0.07149096 -0.029258389 0.054842617 0.06906062 -0.07215091 -0.0024898783 0.0654184 -0.06766494 0.03683437 -0.059754927 0.074708976 0.021134987 0.0047332286 0.09056829 0.009633023 -0.056277063 -0.12267643 -0.11284731 -0.016190348 -0.061306063 -0.0556078 -0.004721484 -0.07870844 -0.03651013 0.082691625 0.05727656 -0.0741561 -0.11272151 0.060141176 0.009501509 -0.051152226 -0.061335124 -0.04496529 0.034393135 0.072629705 -0.03605867 0.08273407 -0.05112145 -0.07436271 -0.036374774 -0.0274372 0.08824387 0.0010601424 -0.08590965 -0.0019531827 -0.13973685 -0.062408388 0.029313384 0.075814724 -0.10460466 -0.012993553 0.005671209 -0.011973567 0.03616928 0.062053103 0.06452446 -0.07753796 -0.058531106 0.14042802 -0.14341582 0.030412665 0.12676333 0.027558887 -0.05653883 0.065078944 -0.10496872 -0.0074933837 -0.01837019 0.03931198 0.09449152 0.062333655 0.009594724 -0.017013438 0.08513035 -0.004843539 0.008859589 -0.07867977 -0.021580141 0.1341254 0.07784601 0.007647699 0.06461072 -0.029226976 -0.0029026226 0.09129048 0.049134452 0.058625724 -0.056906387 -0.067186914 0.07374006 0.040495493 0.11166388 0.022944419 -0.019982347 -0.054890346 0.08613116 -0.08777643 0.012710852 0.03285874 -0.072892234 0.05907019 -0.094359614 0.0481083 -0.08609659 0.04272219 -0.031835362 -0.060594987 -0.108473465 0.04811649 0.123474345 -0.026492685 0.052109554 0.029248947 -0.018813286 -0.02771901 0.034569148 -0.05380493 -0.0575288 -0.020297501 -0.076477 -0.021271057 -0.0019388113 0.04428351 -0.03013627 0.06651368 0.006651718 -0.015378454
0.09590857 0.093260475 0.061222844 -0.09961166 -0.00029232455 0.07191256 -0.07932765 0.07593315 -0.009639901 0.043494165 -0.0985971 0.0051988214 -0.012973383 -0.059976757 0.07634968 -0.07335767 -0.033123653 0.021836165 -0.098314814 -0.06222697 0.097218044 -0.06228934 -0.09104568 0.043973893 -0.06493369 0.013888764 -0.09157867 0.0024773406 -0.042134374 -0.06831505 -0.01776876 0.012618904 0.035720386 -0.073564 0.09229026 -0.08198125 0.08016813 -0.062447835 -0.019360675 -0.08611171 0.09619294 0.00757177 -0.03253218 -0.09956072 -0.031342164 0.06907606 0.07190525 0.000019428673 -0.07900972 -0.014102868 -0.0108909225 0.01229116 0.03298263 -0.053423826 -0.054945208 -0.02204172 -0.004466244 -0.08874264 0.008986487 0.103859685 -0.063501455 0.056655202 0.0058820704 -0.079678796 -0.0037481517 -0.102877654 0.08193042 -0.0567837 -0.0699315 -0.010096089 -0.009579847 -0.047150046 -0.078635156 0.069651596 -0.06857044 -0.06694396 -0.012752455 -0.06408304 0.04498765 -0.0049650464 -0.07258313 -0.088593125 -0.051035218 0.014949058 -0.004650246 -0.035981324 0.0064385235 0.08901401 -0.021607213 0.04336581 0.04630479 -0.09764179 -0.1000299 0.08030878 0.054549605 0.037016332 -0.04820879 0.058401566 0.04365332 -0.02712673 0.022509558 -0.05726437 0.063722946 -0.02591058 -0.06439381 -0.06513809 -0.0665625 -0.116231285 -0.102198735 -0.092938565 -0.08780188 -0.10784993 0.057014517 0.08354341 -0.06724234 0.07446115 0.044921055 -0.08510546 -0.038127393 0.009783582 0.043954078 0.07828943 0.004075702 0.092491865 0.012036443 0.045401357 0.09818045 0.093851954 -0.05641412 0.021699972 -0.029714875 0.07799912 0.10644542 0.042953294 -0.026254123 -0.002463594 0.03316009 0.06808218 0.110678 -0.07098974 0.04157566 -0.042515144 -0.041514065 -0.0833525 0.05746543 -0.08147024 -0.08122754 -0.027112206 0.08984655 0.038809247 0.0023061796 -0.050926015 0.09462519 0.09097582 0.09766786 -0.036797162 0.04429066 -0.065524064 0.026037225 -0.03202184 0.03841785 -0.0950223 -0.048947316 -0.012056589 0.04343476 -0.0919544 0.02323952 -0.08106879 -0.06482173 -0.08890141 0.08506417 0.0140112 0.101213224 0.06452008 -0.08368431 -0.061103977 0.02226317 -0.009901896 0.08625263 0.017047781 0.092473224 0.04601932 -0.029189566 -0.09352387 0.08470909 0.09772451 0.069470696 -0.07980669 -0.0443673 0.028823987 -0.051252708 -0.07498326 0.088716134 0.1018372 -0.062463127 -0.040814165 -0.066649735 -0.09772338 -0.06369172 -0.072279945 0.016690994 -0.03924015 -0.031770036 -0.028906915 -0.02074309 -0.07751892 0.03617108 0.0958246 0.047330726 -0.07017673 -0.028590722 -0.07378906 0.017583136 0.008112056 0.08261657 -0.06322763 0.09933617 0.017487014 -0.085321315 -0.03919971 -0.054908935 -0.041952804 -0.056652773 -0.060326308 -0.058637023 0.056398507 0.035377033 0.06788185 0.014598085 -0.058387052 -0.056547306 0.08275218 0.10310195 -0.09863678 -0.009521258 0.033412308 -0.0955559 0.0443599 0.09136598 0.036426604 -0.07112564 -0.09281873 -0.03240068 0.07451219 0.06664647 -0.089650765 0.05371348 -0.0322179 0.053359993 0.0940851 -0.02209537 -0.0060525173 0.031950034 -0.014976301 -0.054625783 0.01785369 0.08479216
-0.016075777 0.07186431 0.07568877 0.00067676575 0.05872333 -0.07216696 0.08906737 -0.11688637 0.037441306 0.107888296 0.026757298 0.0927179 0.022580216 -0.12824102 0.03410469 -0.015741 0.13477163 0.025594275 -0.047668092 0.06237572 0.014749926 -0.0841553 -0.023149967 0.061185576 0.09217631 -0.07260617 -0.06576614 -0.056037813 -0.10689413 -0.031657793 -0.02266437 0.029727569 0.027818037 -0.0018207326 0.05083611 -0.14802676 0.006720344 -0.11447694 0.089154154 -0.037596777 0.018317487 -0.08763935 -0.011830294 -0.014602307 -0.035497524 -0.12246776 0.021428246 -0.023817932 -0.042184867 -0.1377802 -0.06966071 0.045162473 0.073235795 0.035200924 0.092537425 -0.013961768 0.080823064 0.05271752 -0.09073443 0.04566419 -0.025611132 -0.049580824 -0.04321523 -0.034715563 0.072057895 0.094704345 -0.045045365 0.11034785 0.030878948 -0.11506446 -0.04634924 0.0296136 -0.0015548861 0.06758477 -0.05419711 -0.05596666 -0.08100574 -0.047747824 0.09088256 -0.09950394 -0.013726003 -0.029382247 -0.15074253 0.08031007 -0.04447378 -0.021384124 -0.0729268 -0.08618272 -0.07558037 -0.1516818 -0.10254123 -0.12903826 -0.073991306 -0.1008786 -0.034802552 0.12170397 0.062482677 -0.014094119 0.030448679 -0.03675493 -0.040074926 0.10918347 -0.040264726 -0.0095813135 -0.002519319 -0.10370932 0.0676045 0.024380568 -0.10420829 -0.034802996 0.088501215 -0.077831924 -0.08671189 0.026252763 -0.015260418 -0.08446287 0.09490628 0.12398069 0.02374829 0.033052508 0.0035630907 -0.008698048 0.006511697 0.02321443 -0.056066997 -0.013703703 -0.0196678 -0.028260423 -0.061712965 0.104333885 0.05411075 -0.06936911 0.006733471 0.022248896 -0.0804528 -0.049800117 -0.04371369 0.080902606 0.08268018 -0.030210773 0.0062619746 -0.012065045 0.12474197 0.052265 0.0014078114 -0.08254116 0.054069802 0.031840544 0.015338954 -0.056146838 -0.07764054 -0.07618619 0.08412537 -0.07723729 -0.048311315 -0.05391057 -0.03639124 -0.03975769 -0.07198152 -0.0720921 0.062398165 0.022360278 -0.013890239 0.013481285 -0.04858052 -0.07846154 0.01917825 0.047677882 0.09415516 0.027376004 0.012288899 -0.065951295 0.041434553 -0.09568626 0.0732271 0.00039570898 0.04926403 0.12347093 -0.0759023 0.020645624 0.12250241 -0.06734576 -0.034587614 -0.11326262 -0.0048344946 -0.06293574 0.054243345 -0.11172024 -0.02629258 0.093065694 0.114860505 -0.0693998 0.012568837 0.12695947 0.016030325 -0.033090577 -0.015577588 0.07059994 0.04732002 0.003493147 0.03919439 0.066375 0.07874167 0.085662335 0.047678202 0.08856174 0.04500031 -0.011119675 -0.064287014 -0.08788728 0.009697394 0.0062750005 0.105829045 0.07222266 0.11941177 0.04392991 0.05010436 -0.076987535 -0.02674908 -0.023785407 -0.10244388 -0.034043726 -0.04654009 -0.06751475 -0.07617346 0.059677534 -0.051842693 0.073056415 -0.029437203 0.10571208 -0.011001047 0.01417894 0.07022137 0.043023285 -0.042227022 0.1234524 0.03578655 -0.09436512 -0.029090269 -0.06595256 -0.049967326 0.040362563 0.0044387886 -0.053621408 0.1275689 0.01392965 0.07728142 -0.08904864 0.12335896 -0.041147154 0.03718396 0.104006276 -0.07366198 0.06344938 -0.06853671 -0.016159901 -0.06683463
0.03572485 -0.09229219 0.04615781 -0.049729563 0.0142832715 -0.069614634 -0.03390745 -0.065159306 0.05302573 0.06133022 0.014463208 0.032607287 0.029572798 -0.038070876 0.038572345 -0.08686955 0.013286097 0.12015467 0.076834925 0.04596253 0.08782271 0.111405194 -0.052876316 0.03136518 0.08391124 0.04911318 0.036981303 0.04050151 -0.01658364 -0.07561939 0.039105434 -0.048748083 0.05512131 -0.016985761 -0.066228084 -0.00015054442 0.06889148 0.052351404 -0.004785359 0.05505452 -0.08793348 0.026716767 0.08362756 0.001427067 -0.11688733 0.03452421 0.07408893 -0.0077218264 -0.09675222 0.06805526 -0.015954172 0.0647693 0.092639074 -0.07343845 -0.060836907 0.0030363107 0.034986638 0.042011026 -0.034767367 -0.13644236 -0.078754425 -0.09726814 0.0910164 -0.08077422 0.072205655 -0.06822431 0.050865635 0.017687984 0.011289255 0.019964099 -0.058200706 0.053235468 -0.029363053 -0.029064534 0.027268484 -0.04491041 -0.05007495 0.06986761 0.0110162655 0.095474705 -0.010888076 -0.0057738824 -0.032496337 0.083464205 -0.021441841 -0.0033426543 -0.06543696 -0.10311856 0.07416087 -0.06253667 0.022659697 -0.10909789 -0.04525488 -0.07742824 0.09891119 0.051355194 -0.036117222 -0.010995095 -0.08771505 0.00019065589 -0.033739455 0.038741842 0.1647791 -0.026101094 -0.03204035 -0.03625387 -0.07569598 -0.06304261 -0.14157964 -0.07738495 0.0126443 0.015040906 -0.07527667 -0.007893657 0.13207906 0.058977634 -0.03895563 -0.0047528176 0.056322426 0.042361274 0.08549639 -0.0877464 0.04987138 0.068879925 -0.030259347 0.10163023 -0.1167901 0.107081264 0.05708968 -0.023509214 -0.06817534 -0.08127658 0.09819344 -0.06111656 -0.030156665 0.007065905 0.077801384 0.0328164 -0.0614486 -0.012184038 -0.08641741 0.10810503 0.109868236 -0.008911996 0.005041064 -0.10329302 0.038620964 0.091375664 -0.008677532 -0.020383492 -0.06668178 0.048058648 0.07045733 -0.075705044 -0.009169724 -0.07955303 0.0097141825 -0.07593969 0.027615545 0.059851732 0.07631895 0.053280454 -0.049864233 -0.09987021 0.0016808494 0.051640786 0.027707169 0.028194167 0.028229319 -0.018211164 0.07891904 0.03893893 0.08520125 0.089856416 -0.047240723 0.01213899 0.05869334 0.07721925 0.050975125 -0.082122594 0.031662628 -0.022908166 0.066546485 0.023823533 -0.06512366 -0.09827911 -0.06917514 0.0025763002 -0.011159453 -0.00620825 -0.025768416 0.03300229 -0.07035635 0.02310748 -0.071653984 0.08313649 0.0037215725 0.10758363 0.008450376 -0.06486509 0.007207714 0.0895148 -0.036108475 -0.028305551 -0.037272107 0.053415712 -0.07353364 0.08870553 -0.035244763 0.011989942 0.13282244 -0.0683419 -0.10544751 0.10052299 -0.047146786 -0.08206172 0.06926816 -0.052119106 0.0748042 0.090409115 -0.065426566 0.017052123 -0.10158651 -0.03896253 -0.0076630074 -0.085763924 -0.005143407 -0.061212078 -0.04693896 -0.034468457 -0.103307754 0.060111985 -0.08203976 0.110659145 -0.042140912 -0.050394293 0.096069895 0.03713561 0.010449429 0.06969756 0.046045892 0.08549104 -0.0290328 -0.055643514 0.03772857 -0.07555834 -0.09775644 -0.0006114314 0.10071225 -0.034224883 -0.07181937 -0.0481522 -0.026286576 -0.01646805 -0.025171522 -0.040208556 -0.011523953
-0.08474748 -0.04245461 -0.111422 0.0536107 -0.109451056 -0.06597573 0.11358604 0.017227491 -0.05811213 0.041904967 -0.0593993 0.018773621 -0.10032485 -0.05251953 0.002965938 0.06634024 0.11355791 0.01395293 -0.101477295 0.008219136 0.030714871 -0.1335619 -0.05465392 -0.06288646 -0.07758013 0.034478065 0.053673 0.073239475 0.021944813 0.035286132 0.13457574 0.057019737 -0.031989712 0.009061 -0.09157475 -0.06863277 0.013792857 0.06865982 0.050520036 0.032669008 -0.0066203596 -0.07416349 -0.030024907 -0.036140304 -0.044749193 -0.056246392 0.05089091 -0.019876258 -0.12030738 -0.040384416 -0.00846226 0.04502503 0.07135226 -0.059566535 0.053970613 0.044886954 0.02769573 0.036391005 -0.0003763876 0.062765375 -0.03267183 0.0076880967 0.017609853 -0.11208813 -0.022868147 -0.00033405653 -0.07001481 -0.032538015 0.14376847 -0.0054151886 0.07208082 -0.0333716 0.08393946 0.0350902 0.040358968 -0.04391977 -0.0077802013 0.11626808 -0.051409703 0.03590474 0.035835247 0.018154182 -0.11204542 -0.036532752 0.009978573 -0.036650673 0.005975126 -0.022878518 -0.021198366 0.116870254 -0.049149666 0.0007515562 0.10900591 -0.0027316853 -0.05316284 -0.036766354 -0.008667636 0.055352714 0.025513062 0.075541735 0.084678896 0.083492674 -0.088081315 -0.020529483 -0.058542848 -0.05258537 0.021990383 0.04275971 -0.08737972 -0.009369262 0.0050450903 -0.06487071 0.009217309 -0.093840055 0.07273617 -0.07236041 0.0033607234 -0.023980057 0.09370463 -0.07971434 0.09595881 0.12006232 0.06950352 -0.018414052 0.077308275 -0.109266445 0.06655121 0.021930987 -0.077064246 0.12990732 -0.0040593413 -0.12801775 -0.05736767 -0.076169685 -0.019572483 0.057620592 0.0661879 -0.109866835 -0.010186343 -0.009125549 -0.03681898 0.025833234 -0.043771215 0.072590746 -0.0658017 0.00028945258 0.107062064 0.07267404 -0.11152533 0.07011385 -0.06421658 -0.038458813 0.05658754 -0.07779953 0.05545001 0.03257044 -0.07702376 0.091074064 0.094499215 -0.039516144 0.092026256 0.06519867 0.07764541 0.09482986 0.035701796 0.060354736 0.09484513 0.0732556 0.008609114 -0.03773022 0.09209246 -0.067803554 -0.007981932 -0.018613573 -0.025912942 -0.08156513 0.07495717 0.058415156 0.06658416 -0.033970635 0.13446318 -0.014363204 -0.07477359 0.055655044 -0.028633138 0.010780318 -0.013830636 0.11769575 0.05775817 0.061123893 0.10524474 0.049930852 0.058345467 0.022539455 0.12075096 -0.090770826 -0.08158454 0.061746012 -0.04135188 0.10937271 0.015997538 -0.023840867 -0.024999931 0.021982366 -0.048602507 0.0028995706 -0.09057444 0.03092536 0.002752444 -0.06357019 0.08756986 -0.08065415 0.10057277 0.029581916 0.119187176 -0.04449488 0.0616538 0.038228575 0.07653813 -0.0796738 0.0059149265 -0.07589645 0.03783163 -0.05368929 0.124414705 0.028025487 0.028711999 -0.02085624 0.08001614 0.064373165 -0.115834706 -0.06271291 -0.03193054 -0.112310246 -0.019107236 0.030933116 -0.067914546 -0.10342055 -0.090345025 -0.06359507 0.042876907 0.07424478 -0.09969261 -0.096207485 -0.011729075 -0.12205541 0.10259695 0.02556031 0.06727815 -0.032159183 -0.002656272 0.08922228 -0.1722024 -0.08565004 0.041263156 -0.030419735 -0.07858542
0.041305054 0.019195126 -0.09247608 -0.0025773388 0.056364655 0.09686414 -0.069499955 -0.0011111079 -0.02936081 -0.08159932 0.08976131 0.048343927 -0.09590035 0.048823547 0.04790531 0.02794565 -0.10126149 0.037234236 -0.08627637 0.08692099 -0.081619054 0.004647884 0.018366843 0.020050664 -0.09265091 0.04192841 -0.05241102 0.11188433 0.07246895 0.0049210074 0.103764825 -0.08940311 0.015241107 0.02352357 0.0885725 -0.04145935 -0.09147405 0.0339684 -0.065010145 0.040551223 -0.068900295 -0.031899005 0.022848284 -0.042657614 0.0348429 -0.06545694 -0.058025915 -0.037672646 -0.17993888 0.054984566 0.040136646 0.012082449 0.02203062 -0.03688505 -0.018510114 -0.010969576 0.015324128 0.07189976 0.042161237 -0.021004219 0.009514277 0.085296996 0.065045744 0.057378795 -0.04121319 0.030606389 0.03849339 -0.01934235 0.07620943 -0.06469836 0.05648053 0.053012207 0.076638244 -0.02438293 -0.012215923 0.054681078 -0.026821539 0.13589634 -0.045815367 0.034197282 -0.044845495 0.0032035164 -0.04836236 -0.0733948 -0.05571679 0.05509208 0.07449537 -0.17303798 -0.071242556 -0.044492412 0.04776055 -0.098497696 0.07758745 0.045537125 0.0045810645 -0.05381929 -0.10104034 0.094259106 0.015433118 0.0035396493 0.043453254 0.011026792 0.00080847007 0.065701894 -0.08972582 0.047821786 0.029797705 -0.035790313 0.03288321 -0.07421781 -0.04910675 0.08657848 0.010069073 -0.019291485 -0.0785414 -0.05075528 0.06990372 0.025307953 -0.032676466 0.022819497 0.06583531 -0.11014533 -0.05602028 0.10250648 -0.020748027 0.06718244 0.055952806 0.020007594 0.13971089 0.07806393 -0.14494003 -0.07749323 -0.11159181 -0.081740536 -0.015424545 -0.030406266 0.12110224 -0.04677404 0.05415308 -0.028855393 0.0055726417 0.025600366 -0.017407373 0.050725546 0.0029819733 0.05232584 0.028289907 0.005354281 0.030592548 0.10855337 -0.09663609 0.06675689 -0.103896685 -0.092730515 -0.019563213 -0.10910641 -0.072800525 0.07841277 -0.12285493 0.008180981 0.13866815 0.05284505 0.03285081 -0.06699657 -0.07723914 0.042719893 -0.10972783 0.11744972 0.0004916032 -0.07483974 0.04954136 0.0127402535 -0.012900053 0.026431082 0.054212637 -0.035581484 0.007881986 -0.0140167335 -0.0051425234 -0.04536475 0.118338436 -0.019412009 0.018562732 0.007283729 -0.05626826 -0.03979431 0.09070575 0.042488508 0.025592767 0.023044517 -0.05159093 0.06551465 -0.027195906 -0.0648692 0.049594354 -0.10835027 -0.02397142 0.057794042 -0.014768816 0.01478514 -0.010030462 0.08297185 -0.15572312 -0.082294315 -0.058105733 0.06803746 0.06257273 0.07900304 -0.11363717 0.023411421 -0.038971987 0.09208405 -0.011067238 -0.05597352 -0.04252891 0.045177706 0.075764686 -0.0011962742 0.085123464 0.09763521 0.08787292 -0.08707037 -0.085496835 -0.07024578 -0.0755899 -0.054876156 -0.104712784 -0.025390416 0.030958002 0.080503 -0.109852225 -0.08262423 -0.08652115 0.010178137 0.013624607 0.07921496 0.06994177 -0.11277909 -0.094901614 -0.048388746 0.07494148 -0.05659542 0.009463618 0.031855855 -0.06834033 -0.03029999 0.0012862682 -0.07252423 -0.043088954 0.03679019 0.005131314 -0.053640917 0.021802386 0.013083875 -0.097265966 0.061824955 0.033273675
0.07201208 0.069945894 -0.06076629 0.014979721 0.046901695 -0.010465044 0.025548885 -0.098605335 0.085935965 0.10025746 -0.034936685 0.032579757 0.029407859 -0.034485642 0.106318004 0.016006058 0.14108892 0.102605954 -0.060280073 0.13991258 -0.080933504 -0.023782106 0.021384504 0.07906862 -0.050238345 0.10113407 -0.071689315 0.11502297 0.10324348 -0.095776685 -0.018048007 -0.0533677 0.06934043 -0.022936389 -0.027512489 0.05861468 -0.08294272 -0.12692209 -0.014866944 -0.028722653 0.07598665 0.08440708 0.10334876 0.01229312 -0.043173414 -0.12949339 -0.07826796 -0.083119944 -0.0579635 -0.046967093 0.09232373 0.11513863 -0.025750061 0.031516563 -0.075679004 0.10991203 0.10734575 -0.05416195 -0.08115566 -0.09646861 0.07169712 -0.051101126 -0.0391676 -0.065525934 0.09763005 -0.0013923222 0.052628253 0.11500225 -0.021626083 0.09230725 -0.093397 -0.010138729 -0.020747503 -0.08776702 0.10720442 -0.007420922 0.056968402 -0.048609726 0.040508963 0.048979677 -0.057843417 -0.017261451 -0.035809007 -0.053799935 -0.0854449 -0.0014721623 -0.09150496 -0.035065606 0.04480864 0.0021564937 0.00925769 0.058940083 -0.02649055 0.016435388 -0.008747914 -0.10065119 -0.07359162 -0.11592555 -0.064758494 0.08166306 0.031292014 0.029655125 -0.06921256 0.061116364 0.030385073 0.08733825 0.079657346 0.07852315 -0.026232947 0.06936922 -0.014009128 0.010957364 0.101399235 0.03246415 -0.027348503 -0.066100866 0.016687058 -0.08203338 0.06206663 -0.11239223 0.014416992 -0.045670737 -0.068768084 0.022689812 0.042162105 0.07110911 0.023303578 0.09321108 -0.039259236 0.045826912 0.14343382 -0.084752634 0.09731286 0.07500077 0.048051935 0.07658509 0.06617815 0.06385986 0.065196805 -0.008919386 -0.08554304 0.101976596 0.036358852 0.06775107 0.0071116732 0.010399754 0.08713308 -0.11274926 0.032706443 -0.035902917 0.010101098 0.033089027 -0.050653975 0.09439774 0.121583484 0.053671543 0.06536233 0.10402827 0.06065577 -0.007578482 -0.058614153 -0.06332173 0.07676629 0.017889708 0.027170112 -0.027261268 -0.08701762 0.07048936 -0.07863599 0.0022340333 0.017973106 0.00793278 -0.017204156 0.08872564 0.0026544172 0.016048638 0.028283851 0.009325611 -0.0032659022 0.02132265 -0.088928625 0.062741086 0.03729158 -0.013799171 -0.047875833 0.080864154 -0.09287148 0.07773407 0.05463306 -0.030725766 0.06456959 0.048891727 0.047341198 -0.019919427 0.06212886 0.032640867 -0.10405985 0.050550126 0.059048504 -0.032776017 0.078563005 -0.049759235 0.050936908 0.043015044 0.075260244 0.0972899 0.055714246 0.014355757 0.06043238 0.091350265 -0.018033715 0.00123805 0.07983952 -0.030155912 -0.03567987 -0.071139544 -0.051208593 0.10934839 -0.06630405 0.08822273 -0.0025785633 -0.057227105 0.09533782 0.015205926 -0.08835131 -0.015547648 0.0016798071 0.03471316 -0.08982338 0.014469637 0.0589763 0.030446975 -0.07491124 -0.058309216 -0.039876387 0.0061930767 0.0434574 -0.07858426 -0.07852052 -0.09987235 -0.054020353 0.07109816 -0.003498117 0.03393207 0.0638592 -0.04708553 0.104773566 -0.0958904 0.0073884143 0.098441444 0.104014754 -0.0732359 0.026966807 -0.086781 -0.050623503 0.08875643 -0.09210898
0.026046544 -0.008235778 0.019618751 -0.07413206 0.13083094 -0.03604028 -0.042929523 0.024563288 -0.023547815 -0.07601026 0.021106435 -0.017818416 -0.0477009 0.09688209 -0.0066665523 -0.0486496 0.06527893 -0.118252225 -0.063991815 0.0639954 -0.027993253 -0.014529306 -0.019469127 0.032246277 0.07984739 -0.017836884 0.09568289 -0.07239634 0.11570699 0.035165854 -0.09928977 0.06420499 -0.07506045 0.052532934 0.05192678 -0.052740827 -0.07974078 -0.017969733 0.0039083017 0.11331798 0.04604962 0.061799105 0.008839885 0.08970182 -0.02221238 0.04755374 -0.044824895 0.0042401915 -0.07327912 -0.054217067 -0.024157079 -0.012854927 0.034023512 0.012654571 -0.097741075 0.057433616 0.052648738 -0.08626512 -0.09702387 0.074546345 -0.0169923 -0.042761542 -0.05918844 -0.035746984 -0.023875318 0.021693375 -0.08597785 -0.024141291 -0.052175157 -0.042155217 -0.023947805 0.046218082 0.1590136 0.088131405 -0.0063235327 0.08080915 0.013298276 -0.098253466 0.06882528 -0.016041195 0.07476783 -0.009257297 0.006252333 0.035947416 0.057127394 -0.07005838 0.073891304 -0.033974685 -0.05212103 0.060500942 -0.010690515 -0.0019229015 -0.042431556 0.034555104 0.037336178 -0.021684363 0.03178278 -0.16040017 -0.057899684 0.038716003 0.005428217 0.031790912 -0.005347861 -0.081849515 -0.0023033135 -0.003742133 0.033896077 -0.037911445 0.06997474 -0.04438185 0.086618446 0.06629477 0.10143938 0.09514762 0.05238696 -0.022292081 0.0033455563 -0.12671845 0.06439495 0.02403026 -0.07300991 0.051085882 -0.053553496 0.044307843 0.019190477 -0.10734797 0.08548817 0.12677489 -0.037743613 -0.00025083282 0.013100664 0.017180726 0.15556094 0.07644569 0.10216861 0.04622551 0.09938351 -0.025030978 0.07895128 -0.025348186 -0.06367606 0.0812613 -0.008109779 -0.04566387 -0.083677396 -0.074351095 0.016995972 -0.06936032 -0.06094354 0.035356972 -0.061559007 0.026348611 -0.088208295 0.05879878 0.067400016 0.04219242 0.05490216 0.03298496 -0.0068838284 -0.08511928 0.08545214 -0.059374858 -0.01940242 0.022962436 -0.038039852 0.040358327 0.002121855 0.07204811 0.047678117 -0.012049506 0.11094015 0.0049912836 -0.08353415 -0.061023813 -0.022570336 -0.045467414 -0.016979713 0.07254839 -0.055972107 -0.022855 0.042112708 0.07604502 0.05622439 0.12053539 -0.031154102 0.029181782 0.0060668434 0.084794745 0.038220156 0.0722692 -0.06584501 0.024475612 -0.026911065 -0.024114177 -0.09242938 -0.10559999 -0.03425103 -0.046733223 -0.033925574 -0.031835992 -0.09125683 -0.063684344 0.034074146 -0.012070029 -0.024515333 -0.05764049 -0.107505254 -0.048690304 -0.04749091 0.098477274 0.05714478 -0.0398786 -0.042431127 -0.0930276 -0.048485667 0.054471817 -0.08124127 0.06937664 0.07997254 -0.06132895 0.087847434 0.042850953 0.08836264 0.1176172 -0.06212392 0.034856677 0.09411613 0.04793314 0.072722875 -0.075059794 0.036727607 -0.0136191305 0.047079682 -0.02202649 -0.07788853 -0.015276732 -0.044883985 0.043362517 0.0035976814 0.05368746 -0.0094305165 0.08856762 -0.06685166 -0.0652878 0.107264444 -0.12868324 -0.007189302 -0.0550285 -0.00531631 0.000798499 -0.05555856 0.05544937 -0.051307306 -0.11318853 0.03954362 0.007280317 0.06985018
-0.06263567 -0.03466332 -0.054966733 -0.023615897 -0.01537409 -0.058498114 0.065436296 -0.04985524 -0.0032819917 -0.036554746 -0.009179571 -0.003624772 0.05162058 0.054306146 -0.06734318 -0.036769327 -0.08790028 0.022851449 -0.04530112 0.08972816 0.078026734 0.032732822 -0.052124664 -0.07981459 -0.07817164 -0.045501616 -0.069306865 -0.10447754 0.015191564 0.043869108 -0.0703424 0.074848086 0.016238313 0.030763527 0.061576944 -0.058488116 0.072620876 -0.03964247 0.10545293 0.045696132 0.035982314 0.07666144 -0.07771918 -0.058522217 0.073797695 -0.102914505 -0.0028064586 -0.017764164 0.018866677 -0.053192224 0.041081116 -0.012284419 0.08056444 -0.124222614 -0.024064554 -0.030394087 0.041476708 0.0012786853 0.04496226 -0.07877456 0.052427858 0.030154206 -0.060302127 0.022928402 -0.10292282 -0.016043236 -0.0811572 0.0863353 -0.08389301 -0.019008398 -0.10028171 0.027548041 0.018820696 -0.06440725 0.049443997 -0.019547945 -0.041536137 -0.06573384 0.003844028 -0.10007631 0.05777738 -0.08282185 -0.124234036 -0.005387213 0.007776775 -0.10176529 0.08174079 0.06859222 -0.055425987 0.07504434 -0.08110576 -0.028454466 -0.057128474 -0.11760174 -0.06356196 0.070726424 -0.022506386 0.054403298 0.03216488 0.05313328 0.019497331 -0.011504558 -0.031219615 0.040560402 0.011470481 -0.050957903 0.079429634 0.019832939 -0.052223314 -0.088470794 0.005745473 0.107062876 0.0924954 0.011954696 -0.035929736 0.07206898 0.06512101 0.047181588 -0.07987153 0.035733435 0.092441775 0.0062390817 0.026352277 -0.01881263 -0.024170542 0.027169736 -0.04395037 0.086407945 -0.055029176 0.076220386 0.058953546 0.079343796 0.002661513 -0.03376685 0.025018474 -0.082715444 -0.017680995 -0.020947954 0.00007694197 0.04143752 -0.0023559271 0.0862804 -0.047191333 0.069182746 0.06014652 -0.04446195 0.10957701 0.07381905 -0.025096325 0.07356422 -0.05351391 0.06663691 -0.06536193 0.022976868 -0.07067268 0.03484828 0.08117422 -0.04074204 -0.03878639 -0.07933936 0.0022455447 -0.060176298 -0.014577077 -0.015535125 0.02032487 0.05788955 -0.08280685 0.05324741 -0.09678954 -0.035107076 -0.043309808 0.08463975 -0.046556618 -0.06949326 -0.028283669 -0.097579844 0.060063086 -0.0013491088 -0.06064459 0.0054033 0.03168544 -0.08714543 -0.04581911 0.06915401 0.0082950145 0.028332606 0.021722637 -0.03799513 -0.03723836 0.09594535 0.032321483 -0.07850822 0.050225366 -0.021583557 -0.028025797 -0.034514766 0.057859834 -0.06585155 0.0648084 0.022793965 0.080137566 -0.035923813 -0.10060262 0.0020838394 0.008674442 -0.019065054 0.01540518 -0.038060382 0.07055912 0.020046564 -0.047118366 -0.09744698 0.06805721 0.03578027 0.013969292 0.06605923 0.059938535 0.10807908 0.028944852 0.03288652 0.0628797 -0.017236324 -0.07087109 -0.011787557 -0.001350548 -0.062359344 -0.09852733 0.06739256 -0.046999924 0.039643265 0.010548544 0.06624975 0.036912113 -0.030680032 -0.0025916535 -0.04847838 0.04813171 0.028233835 -0.022625132 0.011333002 0.0009181915 -0.046130665 0.039838523 0.048995525 0.11356047 0.044395473 0.04905457 -0.07022755 -0.08185511 0.10307126 -0.05202096 -0.086636804 0.009544256 -0.048690468 0.07963264 -0.05860294 -0.09642339
-0.113356605 -0.016520461 0.058732912 0.054210097 -0.04043247 -0.024547469 -0.05665886 -0.09744497 -0.08147288 -0.03359912 0.06447537 -0.07748108 0.036516067 0.053658195 0.11345913 -0.0437984 -0.0034400467 -0.012379623 -0.0069463393 0.015045989 -0.015997494 0.033143464 0.089933366 0.05005564 0.026566967 -0.048224118 -0.06306593 -0.03726498 -0.033604648 -0.12594001 -0.008868528 -0.0074422783 -0.07954439 0.089005955 0.008309257 0.06925584 -0.038340814 0.045509428 -0.07546328 -0.016554933 -0.0065718275 -0.030710494 -0.047478095 0.08891915 -0.06023089 0.054188326 -0.07534703 -0.037935466 0.11237288 0.05879831 -0.00031391787 -0.032680426 0.06910223 0.120880805 -0.031402443 0.0068429303 0.021558337 -0.04963059 0.00764146 -0.051426284 0.14205575 -0.057904452 0.07429402 -0.118053034 0.13469149 0.0800108 0.02697021 0.093824424 -0.018428208 -0.04888601 -0.017911782 0.03374887 0.014832192 -0.023870097 0.02580592 -0.03357061 -0.012541475 0.034895744 0.101506844 0.06764117 0.08131041 -0.025693525 -0.029923175 0.06993211 0.05963075 0.07083073 -0.022193642 -0.08469438 -0.014729096 -0.034416713 0.008019142 0.042208277 0.0611018 -0.055725683 0.018176159 -0.15392508 -0.0829968 -0.0664459 -0.008138336 -0.049368363 0.032974046 0.019980447 0.028067036 0.07458416 0.07754879 -0.067138895 -0.110714965 -0.102635965 0.080231816 0.05945386 -0.08093619 0.024787582 0.10520989 -0.063820295 0.10843979 -0.0011577553 0.04019199 -0.08242847 -0.08691571 0.06634436 0.08322105 -0.01592553 0.011513237 0.07760268 -0.06551153 -0.0022231143 -0.042362943 0.10801386 0.014462977 0.043861542 0.0029399092 -0.015491729 0.10334788 0.058035195 -0.02733377 0.041312754 -0.05236799 0.112607576 -0.03996903 -0.10204125 -0.06511633 -0.011111461 0.045143533 -0.0048053856 0.00096688286 -0.018773515 -0.004055651 -0.09296886 -0.061276224 0.05152138 -0.000023837723 -0.045158785 -0.0781381 0.06935549 -0.08708599 -0.07148587 0.07138616 -0.098541774 0.06612074 0.02772983 0.09821998 -0.084894784 0.080925785 -0.12621279 -0.010411113 -0.028354459 -0.023944769 -0.022381894 -0.066378154 -0.08344156 0.08430661 -0.116554685 -0.04922419 0.1173832 0.064567134 -0.030135829 0.13149995 0.04739017 -0.04971696 -0.02033697 -0.061949175 -0.023522241 0.09454723 -0.069403835 0.09642573 0.08234851 0.1283681 0.11505968 -0.039001077 -0.08024438 -0.07300964 0.030326644 -0.0033867317 0.100664645 0.019173544 0.009942346 0.08741361 0.032346103 -0.024075724 -0.10416721 -0.082090996 -0.04016871 -0.10544888 -0.051786978 0.026495757 0.0463342 0.023267992 0.022893699 -0.07937091 -0.02020169 -0.0549569 0.007889111 0.0044506006 0.054913495 0.06322622 0.034922604 -0.0057184477 -0.02069903 -0.0969243 0.0977383 0.055878203 -0.12200237 0.07492605 -0.055873606 0.04740921 0.063066356 0.07276592 0.06691717 0.013374207 -0.058293786 -0.028016794 0.07102897 -0.03564189 -0.10427922 0.09926617 -0.050587866 -0.067130886 -0.08192364 -0.013520777 -0.06379531 0.047405537 0.095697865 -0.03615683 -0.08829681 0.075057894 0.053598072 -0.01637411 -0.055950485 -0.043873634 -0.0253439 0.095867105 0.06931562 -0.04745366 0.09021712 0.057616744 0.04797292 0.08754658
-0.0699307 -0.02534739 -0.08457845 0.009077879 -0.03561441 0.0897645 0.08819936 -0.063912585 0.093785204 0.0071719824 0.052127555 0.037086003 -0.07936841 0.04958179 -0.10214867 -0.099561594 0.07108797 0.050685283 -0.008985699 0.086623766 -0.006550203 0.055343583 -0.06079297 0.025233727 -0.009883835 -0.0330286 -0.09192342 0.08570938 -0.085554 -0.048297685 -0.003729107 -0.03608705 0.016194902 -0.06853168 0.02035784 -0.04976496 -0.04609337 -0.05710634 -0.022875348 0.05158017 -0.07004757 -0.073068276 0.0038510032 0.0074242093 0.054263838 -0.03385627 -0.021326458 -0.03565611 0.046469595 0.07681186 -0.048280083 0.124628805 0.03308192 0.03853489 -0.019962134 0.0794639 0.086240076 0.11948454 -0.056697864 0.021659018 -0.11035303 -0.099473625 0.0110062305 -0.054508284 -0.06392556 -0.08455467 -0.07343167 0.09714894 0.029543377 -0.004730234 -0.057826918 -0.062048037 0.055932008 -0.07518929 -0.08138536 -0.038397495 0.08357123 0.0628848 0.008191191 0.04891134 0.02062806 -0.068104334 -0.11267705 -0.049617507 -0.09255636 0.06557336 -0.07973092 0.0016989263 0.0652484 -0.0418369 0.05883785 0.000268023 0.021430764 -0.024352347 -0.033283915 -0.024242854 -0.052893452 -0.06710361 0.06440876 -0.0003213695 0.09121039 0.08614008 -0.059242107 -0.040610645 -0.017764859 -0.10068532 -0.041034028 0.073979355 -0.06508375 -0.015798844 0.017520595 -0.01623548 -0.05179971 0.022151379 0.0793738 0.03218757 0.054708082 0.036890928 0.013411137 0.07671115 -0.09419422 -0.051404774 0.05979377 -0.109022945 0.112172 0.09429113 0.03173687 -0.039449487 0.005736839 -0.018207198 -0.035788573 -0.12761465 0.001078414 0.06434442 0.066150256 -0.027719187 0.08253367 -0.060179487 -0.050564684 -0.047303695 -0.010419542 0.0018538103 -0.022393724 -0.056429207 -0.090549245 -0.082465656 -0.0071001267 0.07933602 0.090369076 0.08601119 -0.038981076 -0.00884062 -0.007171194 -0.024852658 -0.0031780892 0.011524743 -0.031014528 -0.039475974 0.06356855 -0.057332236 -0.03056715 0.028172754 -0.036898557 -0.05461578 -0.033429995 0.05414659 -0.006236653 0.10221347 0.011248993 0.07438363 0.041226 -0.09087368 0.11756518 -0.046721343 0.013239487 -0.099503696 -0.04349185 -0.0320913 0.06093314 0.06700378 0.006627235 0.103659496 0.1115308 -0.09592643 -0.0975777 0.0934091 0.10599409 0.037585057 -0.0098459255 0.10505363 0.017860288 0.07872857 0.09535192 0.04699028 -0.02764584 -0.051296003 0.026353331 -0.03902127 0.026412811 -0.006654298 0.09620352 0.09604288 -0.016374677 0.097471625 0.0807818 0.027832977 -0.008951487 -0.041498754 0.044715352 -0.0068578324 0.058308866 -0.06828126 -0.033596754 -0.04929468 0.10482402 -0.016619368 -0.09445056 -0.09367158 -0.08305991 0.010179542 -0.061008267 -0.054845016 0.073929965 -0.045080863 0.08101731 -0.00023912586 -0.04125631 0.02799044 -0.02087407 -0.0078237085 -0.03719451 -0.067169115 0.08414604 -0.055852134 0.028910117 0.07842529 0.06659279 0.049343653 -0.008295 -0.033542052 -0.025541883 -0.0799121 -0.029344127 -0.032409593 0.0032759882 -0.032546528 -0.012484393 -0.0040392857 0.059611946 0.09360319 0.06941124 -0.012632259 -0.12196254 0.003729757 -0.06521753 0.08688733 0.067622446
0.026897755 -0.05789084 -0.07854138 -0.05437757 -0.0030152178 -0.018020045 0.004672637 0.068927415 -0.06692124 -0.055234812 0.0106940605 -0.078067854 -0.00865491 -0.028603416 0.032420177 0.013396799 -0.019844197 -0.07022983 -0.08541263 -0.033926632 -0.027878605 -0.038439598 0.023948403 -0.010490252 0.06615575 0.029615173 -0.03033599 0.08317316 -0.01085681 -0.113721475 -0.0488797 -0.056100007 0.076444514 -0.00803934 -0.066207334 0.062384993 -0.018929677 -0.12887955 -0.08402384 0.09672165 0.050262846 -0.072074234 -0.0075933095 0.10149303 -0.046731472 -0.10582847 -0.049949434 0.06974639 0.031115482 0.09694211 -0.019182771 -0.04320325 -0.050862905 0.013920928 0.1142969 0.069411695 0.020325908 -0.05551742 -0.008323198 -0.06955354 0.06524946 -0.09629803 0.068021365 -0.093006216 0.07154409 -0.0648011 -0.1077342 -0.06638556 -0.08102285 -0.032348868 0.07936544 0.047620747 0.041844584 -0.016351266 0.02306715 0.02765393 -0.08396437 -0.08163524 -0.041176073 -0.05254728 0.037825037 0.11437576 -0.03530228 0.0623481 0.07586112 -0.032665227 -0.09185216 -0.07173116 0.038716074 -0.041940242 0.007427324 0.06650813 -0.02514167 0.05947845 0.07776066 0.056215905 0.016552243 0.06266311 0.06545789 0.002680346 0.03602295 0.046339326 0.07377121 -0.010590022 0.0207326 -0.06259036 -0.030338556 -0.10511041 0.018499477 0.018267978 0.051685706 -0.066696316 -0.08846576 0.02441972 0.051251695 -0.08583596 0.017334495 -0.0036801149 0.09556793 -0.06616946 0.102661654 -0.020760592 0.089451574 -0.053439636 0.08236123 -0.048292372 -0.07444104 0.073481314 0.07354024 0.005457129 0.10995932 0.039642595 -0.012979163 0.009010896 -0.045701496 -0.12365534 -0.047784768 -0.05847549 -0.12515469 0.038411736 0.057048455 0.012223916 -0.073248304 -0.019514438 -0.04279884 -0.08885792 0.08089841 -0.06228699 -0.013184662 0.07226264 -0.035904817 0.026296433 -0.08194803 0.04336374 0.079904325 -0.031765398 0.03318698 0.033190124 -0.07715086 0.0052003847 -0.006049746 -0.025750075 0.07890349 -0.025333373 -0.07946095 0.037206933 0.0043567414 0.04038755 -0.050446387 0.047537364 0.107210785 -0.06920411 0.058165677 0.0068765148 -0.11992655 -0.02837716 -0.022109177 0.04713321 -0.069714256 0.02781896 0.0028652563 -0.072387554 -0.03257895 0.065705545 0.08616858 0.08241406 0.03764566 -0.03417777 -0.014567103 0.0022945127 -0.089757375 -0.044720504 -0.08681033 0.026438931 0.045663025 0.023040682 0.02788728 0.09771028 -0.07536045 0.093097605 -0.08170712 0.05137493 0.07033679 0.008089904 0.10595609 0.059735253 0.07684298 -0.103141434 0.057129823 0.095867224 -0.027102895 0.06789111 -0.016798625 0.08147237 -0.08329758 0.08114746 -0.083189756 0.084888235 -0.011629652 0.116593376 0.106757104 -0.10709256 -0.095911965 0.062030114 0.030440716 -0.019446226 -0.038946368 0.07659037 -0.0035474445 -0.051102936 0.08309332 -0.0055610323 0.08073781 0.08361626 -0.071300454 0.014250012 0.070795104 -0.09168861 0.041690387 -0.026343245 0.060705632 0.0034736197 -0.032390382 -0.016907148 0.018495616 -0.030223163 0.054527327 0.06563623 0.066345215 -0.0281687 0.07515504 0.04632348 0.0048087016 -0.0272932 0.032694224 0.010469245 -0.08957832
-0.080044605 0.06705251 0.028943436 0.042943455 0.01594376 0.096776105 0.06567386 0.016453184 -0.029668096 0.090058155 0.07810069 0.06469575 0.046913113 0.07487291 -0.06990529 0.060939837 -0.021159936 0.02529352 0.020149564 -0.017781647 0.07162498 -0.08588383 0.0084258905 -0.00085720717 -0.11160013 0.043992706 0.09749801 -0.03908303 -0.04009545 -0.025081743 0.085050955 0.09720211 -0.09250534 -0.032188747 0.03456274 -0.021542596 0.038951498 -0.0399303 0.060005374 0.039613206 0.026921127 0.062258966 0.056468707 -0.03414636 0.06276783 0.030680671 0.04765367 -0.015950313 -0.069311075 -0.026673233 0.041035403 0.045464315 0.029443955 0.042567696 0.11541793 -0.122988686 0.011642419 0.06100569 0.030980555 0.03213491 -0.052507997 0.030461162 0.028069181 0.029487334 0.02988417 0.11030567 -0.0847447 -0.0060327095 -0.00014467814 0.023608059 -0.03005774 0.02712746 0.02184689 0.07469142 -0.10178844 0.062755145 -0.06400671 0.06639002 0.003552035 0.04291634 -0.06494376 0.076317 -0.008287006 -0.06374874 -0.068797715 -0.0076907286 0.061329886 0.020107951 0.050120614 0.03192246 -0.04837725 -0.029895607 -0.05382389 -0.0069170687 -0.08866377 -0.0023772141 -0.0007768333 -0.03373992 0.09069149 0.07672309 0.015138803 0.045383163 0.05643596 0.079387434 0.05779517 -0.077031605 -0.07013248 0.070113495 -0.00042829744 -0.039131325 0.085525714 0.099473506 0.062163718 -0.04236643 -0.019924456 0.03160657 -0.05934626 -0.06903743 0.012347035 0.11083236 0.03985818 0.015988838 -0.0023167941 0.0997963 0.0071493173 0.026043925 -0.045911588 -0.029443035 -0.07346495 -0.095439956 0.037547614 0.09987781 -0.08944634 0.027389843 -0.03862359 -0.119841196 0.055102713 -0.08849312 -0.044522926 -0.022746177 -0.084044576 0.104134925 -0.0058613196 0.07223497 0.004110568 0.041241888 -0.051090866 -0.004214104 0.0038137187 -0.028575236 -0.03573505 -0.06469598 0.05696935 -0.07881387 -0.11416868 -0.06735293 0.103092246 -0.003712204 -0.11305789 0.037900243 -0.09555097 0.1068313 -0.06775373 -0.08748393 0.06307309 0.051635217 -0.03438868 -0.033366002 -0.08901189 -0.06400574 0.02784313 -0.09434141 0.08814838 -0.07479961 -0.11960339 0.006583395 -0.0042607915 0.055092826 -0.01470378 0.029904248 -0.09642624 -0.043293953 -0.113122515 -0.062332235 0.017561778 0.02920158 -0.000826611 -0.07775448 0.005890244 0.09271494 0.1089305 0.0035557265 -0.025227787 -0.092794836 -0.016855868 -0.057478428 0.053477906 0.039532486 0.05715688 -0.10261627 -0.091389164 0.08162431 0.023249414 -0.07440775 0.026007567 0.09861971 0.044684473 -0.008182358 -0.10706598 0.07484443 0.10044658 -0.07008347 0.08022494 0.0061179474 -0.07815799 -0.07366277 0.039178193 -0.09678024 -0.061800703 0.14606942 0.090163186 -0.03127246 0.07214809 0.013145213 0.044900298 0.059167556 -0.028103948 -0.11065957 0.06245427 -0.09765284 -0.010908532 -0.016993977 0.09064388 -0.03571338 -0.021618143 -0.04554363 -0.0060514566 -0.046848074 -0.032237936 0.00500616 0.13653834 -0.024467388 -0.054927077 -0.0119599085 -0.06217419 0.00826235 0.06935651 0.06775312 0.048740294 0.06191276 0.019808648 0.00011373237 0.06279102 0.07389955 0.07291621 -0.08325564 -0.009098609
-0.03824264 0.049141068 0.07224912 0.07664079 0.0710753 -0.072944015 0.045800958 0.05863533 0.005551059 0.001565327 0.0311987 -0.014109792 0.03276398 0.050685488 -0.011644789 0.049511407 0.13832073 0.085277095 -0.05061404 0.03248814 0.094580084 0.057985857 0.06114105 0.09094782 0.033066962 -0.0822854 -0.040962853 0.101909176 0.09774919 -0.03371636 0.06285997 -0.049151238 -0.05066111 -0.0055435183 0.05501679 0.049064636 0.06712807 -0.019400485 0.0009331325 0.04461608 0.0053405054 0.0863044 -0.08056467 0.06437707 -0.11278504 0.056320164 -0.034290608 0.03751675 -0.008871505 0.046619713 -0.0043729944 0.07393028 0.038994145 0.03524404 0.08071129 0.023238841 -0.07567728 -0.05001724 0.048828404 0.04897688 -0.13948964 -0.0693395 0.0981146 -0.0153349405 0.08746324 0.06056152 0.05849861 0.04253048 -0.014112915 -0.023221802 -0.05832217 0.06757634 0.02738734 0.06380378 0.027766561 0.037216153 0.10620311 -0.006405363 -0.019824887 -0.100047216 0.09133678 -0.097158685 0.026282292 -0.092894495 0.07737411 0.03598355 -0.030812683 -0.09908631 -0.070798025 0.0117362365 0.028223924 0.016574439 0.053926595 -0.082685746 0.011913053 0.061145123 -0.058573265 -0.014026247 0.01743168 -0.019328317 0.055543542 0.09088489 0.083367705 0.12059416 0.018122986 0.08548774 0.08624809 -0.04212162 0.014711474 -0.09509332 -0.02875137 -0.052276332 0.06081831 -0.095956475 -0.011948828 0.12642837 0.0485974 0.076567434 0.04655668 -0.034076456 -0.066211164 -0.06962567 -0.024666782 -0.033654895 0.08046549 -0.029742826 0.008231986 -0.054575603 0.05914363 0.09678592 0.0042078914 -0.00066634145 -0.05601959 0.04400805 -0.0142330695 0.0813256 0.098384246 0.060735375 0.08519782 -0.009031048 -0.030049413 0.075000994 0.09581817 -0.10401569 0.09352225 0.11559378 -0.030366642 0.048837814 0.042762816 -0.12812786 0.04568295 0.015090822 0.01149173 0.021208221 0.001739681 -0.13667557 0.030794686 0.023695223 0.081247285 -0.13282198 0.026625048 0.010373769 -0.09721711 -0.15354666 0.022711255 -0.02823778 -0.15664926 -0.051018506 0.035152607 -0.050506774 -0.057460643 0.030492622 -0.031850927 -0.040646195 -0.09903247 -0.064125 -0.015745671 0.15100983 0.050700057 0.019671394 0.074812904 -0.038382813 0.095546946 -0.06547461 -0.09147411 -0.10051443 -0.02513473 0.027617812 -0.014563585 0.09535802 -0.007694821 -0.07836259 0.12294456 0.02945122 0.08586544 -0.06635737 -0.015932081 0.088892 -0.049003612 -0.094850436 0.04677027 0.08972064 -0.0749574 0.07426023 -0.020296797 0.121932976 -0.08377431 0.060861178 0.046118774 -0.072430804 0.035453994 -0.040717836 0.03576351 0.033217695 -0.1322113 0.081100024 -0.055656683 -0.07426863 0.03706043 -0.02129546 -0.08707442 0.037486322 -0.093422845 0.04555974 -0.030724004 -0.07289803 0.0472022 -0.10212908 -0.04451417 0.11898316 0.05440046 0.09017912 -0.079976805 0.033853967 -0.0427318 0.07025595 -0.020674905 -0.018077536 0.11770407 0.07943015 -0.05564709 -0.006259324 0.058460202 -0.004826664 -0.035278615 0.041417453 -0.027738016 -0.00092221034 0.009209825 0.08523136 -0.09585659 -0.15304975 -0.054497056 0.053895727 0.05968616 0.07105818 0.09817012
0.07530148 -0.024665667 -0.09649843 -0.021065814 0.0066077267 0.033414982 0.014551328 0.08908101 -0.053102322 0.09409363 -0.017573232 0.015397951 0.072690554 0.07702215 0.043175507 -0.053149518 -0.09135576 0.0036020263 -0.081890725 0.031983268 -0.020939965 -0.005334787 -0.04363133 -0.074165516 0.03528479 -0.057702042 0.07839084 -0.06321689 0.046579234 -0.024440957 0.012116154 0.018247148 0.028514951 0.004243675 -0.03082887 -0.05760843 -0.101079546 0.05217703 0.053145077 -0.0022867022 0.069447994 0.060469784 0.04323588 0.09012808 0.11971288 -0.04850312 0.022667304 0.01761477 -0.09974016 -0.035155002 0.012976102 -0.0053382902 -0.048943836 0.07470438 -0.02972162 -0.104216166 -0.09454401 -0.0117901685 0.043486804 -0.034081604 -0.010459383 -0.07927937 0.03277197 0.05213263 -0.05324281 0.111961745 -0.06607581 -0.055708103 -0.043061752 0.07246502 -0.044289835 0.022851659 0.066455744 -0.09224761 0.02823839 -0.018494174 0.0891317 0.002224308 0.018558625 0.035961054 0.0066931546 -0.046286326 0.09980673 -0.06385634 -0.08463919 -0.010235526 -0.03989392 0.05695793 -0.023790784 0.04220052 0.007975233 -0.07660038 0.06542622 -0.03953357 -0.090887435 -0.013496197 0.07091747 0.05080662 0.02559846 0.037665084 0.011658044 -0.074596256 0.10829237 0.07344319 -0.08461733 0.04454516 -0.08812473 0.060417674 -0.0055507463 0.00002903967 0.0051178928 -0.07322003 -0.083612 0.079609185 -0.049258552 0.0042539705 -0.073221415 -0.05079272 -0.059280634 0.032300033 0.052568275 -0.1339507 -0.07619971 0.058688533 -0.051511783 0.088245675 0.0031163387 0.05120895 0.013741738 0.050348826 0.01902982 -0.109471425 0.11594911 0.034577236 0.0039942525 0.0002460974 -0.096646756 -0.0059444327 0.07033513 0.03596237 -0.01762991 0.056451883 -0.028509762 -0.08012934 -0.099680655 -0.111596845 0.0806038 -0.1098828 0.068408854 0.08310662 0.0059300023 -0.038852297 0.04238961 -0.057635326 -0.07861584 0.07175178 -0.082618125 -0.041698337 -0.0005646174 0.121605106 0.04911431 0.07658684 0.09722097 0.08264956 0.050952796 -0.05188254 -0.02626298 -0.089354955 -0.019011877 -0.052981284 -0.0057646064 0.08698736 0.12040567 0.021714007 -0.049281668 -0.009969345 -0.053860158 -0.018698936 0.031213472 -0.008929487 0.07678529 -0.057362374 0.080626555 0.066552244 -0.031772416 0.024880616 0.0052473014 0.09598586 0.05242454 -0.0638815 0.04364989 0.001150484 0.008862033 0.10456226 -0.034933742 -0.0887223 -0.028555995 0.08061094 0.023690602 0.08176859 0.027811158 0.064889014 -0.12604131 -0.00032816158 0.050752588 -0.08584796 -0.10183311 0.09335536 -0.028737834 -0.01936859 0.007045828 0.0760653 0.06106938 0.07624111 0.071501516 -0.030376997 0.037739493 -0.07231376 -0.0432556 -0.008063536 -0.026712699 0.0018129837 -0.07312122 -0.1013092 0.02394488 -0.07100042 -0.03696692 0.08032544 -0.053609677 -0.15524827 0.07960559 -0.007857001 -0.038718075 0.079408504 0.023625255 0.096804656 -0.06505497 -0.030793818 0.016454637 0.10119392 0.031208647 -0.077318 -0.06917361 -0.0069943485 0.038792193 0.026946325 0.08153796 0.012391639 0.043867067 -0.034013167 -0.010268361 0.08272356 0.094350174 0.028014505 0.10285344 -0.01959244 -0.043224867
-0.034802478 -0.09552748 0.12414851 -0.021745073 -0.07487281 0.11277356 0.08531262 0.033776958 -0.084788784 -0.045689557 -0.06355829 -0.14675772 -0.021129647 -0.11469075 0.00011790113 0.05313255 -0.04578904 -0.015690709 0.06466811 -0.014243216 0.049024034 0.063009694 -0.025885707 -0.0322347 -0.026498403 -0.07823337 -0.06464392 -0.055158544 0.09199995 -0.14475964 -0.0011115039 0.10075703 -0.0034998532 0.054048292 0.088296816 0.00016054936 -0.06123309 0.008596392 -0.0058625857 -0.0017068337 -0.042634726 -0.108335145 0.09361619 0.0018598712 0.11770563 0.08430509 -0.036616046 -0.11624824 -0.08655378 0.0894433 0.09317544 -0.018128587 -0.013282706 0.051259145 -0.12954952 0.06557478 -0.07056292 -0.10201851 -0.046185248 0.05231398 0.074930735 0.024423562 -0.033470858 0.058353145 -0.03359372 0.004546232 0.041613366 -0.08299417 0.10059883 0.017401729 0.08645052 -0.103957936 0.08474983 0.0892361 -0.0066322573 -0.03355849 0.040427096 -0.078431286 0.014090855 -0.08983985 -0.07879374 0.027542671 0.04226858 0.06658914 -0.030634023 -0.05106509 -0.047045156 -0.008902472 -0.06080916 0.0817116 -0.11717614 0.100167915 -0.07757868 -0.024530752 0.0028886166 -0.08415633 0.010571482 0.030232392 0.041070957 -0.070296474 -0.076117374 0.053678922 -0.05262256 -0.055839222 0.03609202 -0.06345912 0.04598537 0.08492078 -0.033855543 -0.025023263 -0.03440492 -0.027478153 0.06055274 0.096814685 -0.06586002 -0.026737856 -0.0039076693 -0.055499427 -0.0069223433 -0.101392105 -0.091653086 -0.052698277 -0.077534094 0.046748877 0.091706984 0.014156852 -0.08390292 0.08682251 0.13110717 -0.042029258 0.06886104 0.09833018 0.04562343 -0.00841097 -0.01243472 0.14811543 -0.16447131 -0.040313914 -0.05947698 0.04902301 0.09269964 -0.0044284817 -0.10393038 0.09609473 0.064757764 -0.09754893 -0.11679977 -0.0115904 0.012257034 -0.061605133 -0.044680968 -0.011416397 -0.0330603 0.039017364 -0.109615326 -0.0038921125 0.10411169 -0.14500125 -0.04987806 -0.02358383 0.056759764 0.02606811 0.09466089 -0.076214395 0.078576475 -0.0008083234 -0.01047709 0.09379798 0.058128502 -0.050023902 0.0623857 0.04242027 0.011254985 0.06526179 0.01640889 0.043356624 -0.031761102 0.046247233 -0.024885911 0.09933508 -0.063240536 0.0048466367 0.029462222 -0.0068520787 0.10714381 0.029522281 -0.13650905 0.024638811 -0.06908592 -0.08704097 0.0416147 0.038980212 0.022637116 0.112125516 -0.08072772 0.015633082 0.030754032 0.10652515 0.0098302495 0.09948405 -0.008622488 0.105568506 0.041674856 0.05076915 0.10563458 0.038672656 -0.09489635 0.082305625 -0.09227007 -0.07901848 -0.12952928 0.063309476 0.10919226 -0.08682385 -0.039611638 0.0507891 -0.04362918 0.10197188 0.024873288 -0.099187635 0.017623553 -0.014476713 0.030945994 -0.08970137 -0.058176912 0.00631525 -0.081855424 -0.12421188 -0.098887004 0.01124277 -0.09185455 0.033413418 -0.0062028505 0.004190382 0.007750986 -0.03512752 0.017439114 0.016251033 0.091761924 -0.040554576 -0.03997752 0.08691735 -0.07353646 -0.09024882 -0.03293608 0.1026953 0.024299346 0.029607227 0.0020912923 -0.08841918 -0.020275997 -0.016150191 -0.026806751 -0.014881862 0.05131019 -0.04945638 -0.018389037
0.060915798 -0.06996398 -0.0480997 -0.084669225 0.08876237 -0.016355988 -0.061808385 0.08890028 0.026592748 -0.06794969 0.0294098 0.104344875 0.061936215 -0.059622828 0.0372189 0.021864714 -0.01707682 -0.05656664 0.030483961 -0.065973885 -0.0826496 0.010487824 -0.006631762 -0.070103295 0.084937155 0.034253586 -0.09391224 0.03474313 -0.07788613 -0.10763634 0.022526234 0.036461987 0.06292214 -0.016695676 0.08687076 -0.017390054 -0.074347325 0.02071427 0.08919286 -0.04255558 -0.084888816 -0.026924666 0.026056329 0.015417762 -0.027097195 0.048805736 0.061084464 0.08309065 0.060798135 -0.10102262 0.008022773 -0.1073694 -0.042688273 -0.032557566 0.004251969 -0.054389145 0.073534705 -0.008401435 -0.043681014 -0.009072358 -0.054527555 0.05811365 -0.037421484 0.024124004 0.005848011 -0.057945732 0.0027690812 0.10193763 -0.07080958 0.018738665 -0.05599166 -0.023646591 0.05957487 0.032703698 0.044951897 0.074805535 -0.016234228 -0.0025139335 -0.011978256 0.06453985 -0.008317876 0.11374786 -0.018953376 0.07612405 -0.0843088 -0.03760041 0.0734974 -0.004458193 0.035467427 -0.036432423 -0.043554366 0.094892666 0.093721084 -0.036926877 -0.07506667 -0.03305411 -0.024047665 -0.048632145 0.054393396 0.06414263 -0.012376731 0.054920975 0.05428064 0.09456973 -0.08310091 0.09772331 -0.0072786883 0.0042391364 0.065712616 0.01940136 -0.03625533 0.068217196 -0.09668399 -0.10268304 0.0018827001 -0.0374982 -0.05524454 0.014150383 0.07135456 -0.03269636 -0.03841643 -0.036650665 0.05834128 0.097772464 -0.092161685 0.12050753 0.07073915 -0.09329958 0.004228057 -0.08559834 0.07030472 0.015340707 0.08773897 0.036954805 -0.057330914 0.06893047 0.00040228668 0.014175643 0.076625034 -0.013748047 -0.08577328 -0.088381924 0.07799095 0.08702984 0.041152224 -0.027044438 -0.043046806 0.07407126 -0.07104785 -0.088009305 -0.05288476 0.038830113 -0.08617182 -0.07512429 0.014790602 -0.0010465266 -0.07706817 -0.027364578 0.07611079 -0.070664875 -0.03262558 0.10086455 -0.091588736 0.053061448 -0.08397303 -0.072431184 0.016897693 0.078253455 0.020177253 0.026476547 -0.08987943 0.091095544 0.041142933 -0.05696954 0.053582635 -0.023064336 0.07939924 0.047443315 -0.018667446 0.0673522 -0.027899487 -0.07421046 -0.084450275 0.012993222 -0.038444683 -0.059119128 0.03194389 -0.057987887 -0.080200315 -0.042240568 0.067721955 -0.0727478 0.0049455115 -0.08496327 0.0047181738 0.06086582 0.08208245 -0.07553482 -0.082368 0.082660325 -0.05400369 0.08774559 -0.03717973 0.09353535 -0.05081369 -0.06565956 -0.08116608 0.047145016 0.029637473 -0.04541194 -0.014026879 -0.06803835 -0.07759031 -0.03691033 0.030234465 -0.013621262 -0.05517455 -0.10771243 0.04344638 0.06733676 -0.021097573 0.087718695 -0.04256683 0.07680164 -0.024935631 0.07931546 -0.0287509 -0.08950126 0.0015155063 -0.042921938 0.08717866 -0.04145819 0.028376943 0.08664955 0.012106811 0.034600433 -0.011386366 0.05772268 -0.03117391 -0.060781695 0.03675647 0.06862009 -0.0092469165 -0.07216029 0.01892664 0.0013839853 -0.06552248 -0.07004142 -0.087991826 0.00040156892 -0.02402195 -0.005506363 0.017307367 0.010578147 -0.0707686 -0.024157716 -0.02935187
-0.004428766 -0.04477418 -0.14211184 0.076248296 0.01823843 -0.044368397 0.08675036 -0.037803084 -0.0046550087 0.060888976 -0.04044437 0.008543536 0.019299263 -0.02785483 -0.09758433 0.033325408 0.043126773 -0.09761167 0.01344675 0.068149015 0.082215525 -0.039246604 0.037016913 -0.024699971 0.0915279 -0.031336986 -0.058674194 0.06620694 -0.104749806 -0.12952624 -0.017838188 -0.006317333 0.016708186 -0.011726687 -0.08625144 0.03476592 0.084199764 -0.045542844 0.042576727 0.05074664 0.0139312195 0.056274734 -0.037690077 0.01963552 0.052228354 0.051229447 -0.063297294 0.024623234 0.014143455 0.066380136 0.1103968 0.18856536 0.027834134 -0.0045789895 -0.037239194 0.027724035 0.033261716 -0.03876977 0.062494427 0.033986412 0.028128581 -0.011435144 -0.009789468 0.03351208 0.10261988 -0.07491693 -0.04347859 0.0019088876 0.044721317 0.06313212 0.06861846 0.083364695 -0.022968996 0.029989354 -0.034953192 0.0007341503 0.023841098 0.01405347 0.057998065 0.082825 -0.013151663 0.0927927 0.04134146 0.04686815 0.05591928 0.03557765 0.02255454 -0.07056031 -0.008588372 0.032684848 -0.050278693 0.0021496061 0.037116572 0.06307748 -0.041582994 -0.050438877 0.047098707 -0.052334 0.037356675 0.12269704 -0.061482754 0.059398785 0.008347295 0.03561683 -0.058061182 -0.10521879 -0.044229332 0.029093841 -0.07623096 -0.05784422 -0.080651484 -0.10239597 -0.032859083 0.030716209 0.09620693 0.036758862 -0.09653893 0.04919198 0.04361642 -0.012461713 0.004898258 -0.070897184 0.10704827 -0.0069101504 0.008859051 -0.052785143 0.0003818498 0.025476191 -0.041204527 0.16570385 0.14735267 -0.043711428 -0.03675756 -0.012991323 0.08199174 -0.044852015 -0.089170896 -0.11451061 -0.04994929 0.056051556 -0.016688041 -0.011629744 0.011645018 -0.025184643 -0.085155286 -0.07466197 -0.04979669 -0.0026119864 -0.12239117 0.031607974 -0.019530145 -0.04368526 0.17081381 -0.017041199 -0.11108183 -0.08220621 -0.09676689 0.09339009 0.078552954 0.034943745 0.00087636494 -0.04251733 0.06599892 0.10152729 -0.022707857 0.024756815 0.051746484 -0.05463748 -0.16129059 0.06459769 0.112347566 0.044434045 -0.006764802 -0.095695116 0.088040285 0.099944025 0.09507937 0.025551759 0.024723118 0.047159575 -0.0937834 0.085808925 0.059719108 0.014920764 -0.023626242 -0.1065995 0.012371446 -0.005016367 0.005266188 -0.036478482 -0.089513384 -0.005183211 -0.08536925 0.10905919 0.025349066 -0.03204177 -0.046191484 0.06355645 0.04832921 0.04768804 0.099976406 -0.12641622 -0.11301451 0.047037832 -0.091040604 0.028406931 0.09285294 0.041886047 -0.04053349 0.018162277 -0.03821939 0.02609188 -0.13677488 0.03231013 0.13702564 -0.058197234 0.099491924 -0.0072573726 -0.027376084 0.013093192 -0.05640473 -0.057206552 -0.084643334 0.030552255 0.028810702 0.007717365 0.13183089 0.035207786 0.09489975 0.16555123 -0.025119185 0.020372503 -0.093966775 0.05780295 0.047264274 -0.12646501 0.091670915 -0.07901114 -0.01102599 -0.022303455 0.026716623 -0.074065305 0.011121978 0.05144751 -0.003996329 0.04503261 0.046340723 -0.07107565 0.09738168 0.04450725 -0.038454283 0.11657365 0.026469348 -0.030831885 -0.035213687 0.055483527 0.085333884
0.07190155 -0.04332372 0.0647053 -0.05913834 0.0685129 0.040456813 0.08608453 0.009290195 -0.05158152 0.10015932 0.083093815 -0.00081747206 -0.045920767 0.0011064386 0.053856563 -0.097078845 0.026446678 -0.11182624 0.012572796 -0.055053394 0.01214894 -0.080216296 -0.07303465 -0.08647865 -0.022689939 -0.005788282 0.013070605 -0.02085966 -0.016023777 0.039422758 -0.034078337 -0.0261285 -0.04985146 0.021447012 0.07989444 -0.03060031 -0.04567788 -0.10496007 -0.18726893 0.021415193 -0.0782644 0.053574666 0.07928998 -0.08649808 -0.010526368 -0.081579536 0.006757909 -0.0763778 0.065109454 -0.04836391 -0.10004297 -0.031973146 0.031118905 0.03581989 0.03098514 -0.055876438 0.020565696 0.013148566 0.061623074 0.05436949 0.08204674 0.057766054 -0.046009056 -0.049006037 0.09197988 -0.054387055 0.1106907 -0.03747045 0.05669751 0.0307678 -0.028376946 -0.029396173 -0.14610466 -0.03982112 0.075542636 0.013730303 -0.029958546 -0.06172684 0.038628746 0.09071386 0.093590334 -0.07053694 -0.009950203 0.011043046 0.016858066 -0.08416442 -0.09449752 0.04198302 0.053624615 -0.08153858 0.07177514 -0.008762113 0.020619258 0.098940864 0.05409507 -0.059016228 -0.03674735 -0.0038612615 -0.021519717 -0.083725095 -0.0052352897 -0.05996491 -0.080297045 0.1013487 0.05343129 -0.008978353 0.052028954 -0.019813927 0.05156839 -0.0816407 0.039519936 -0.1290959 -0.01906335 0.035999328 0.02728327 0.0017369104 0.004012301 0.07920015 0.123072445 -0.0122923 0.022211572 -0.0111698685 0.087700374 -0.036493126 -0.06782823 0.043666404 -0.03183447 0.057583377 0.03949711 0.0050871787 -0.038549446 0.027292222 -0.15821885 0.06793798 0.004595081 -0.020419406 0.0316365 -0.05465392 -0.056563094 0.037771285 0.03631117 -0.019406699 0.069942705 -0.04509121 -0.015884666 0.01602957 -0.023086885 -0.009654024 -0.019233195 0.0030828249 0.02786855 0.1079944 0.15668997 -0.055442322 0.015359944 0.07573841 0.03133554 -0.034963824 0.04799964 0.006230786 -0.06476883 -0.06608853 0.009459165 0.11291986 0.06619414 -0.05803146 -0.06551884 -0.004628221 0.059821926 0.08379552 -0.05984199 -0.058843788 -0.07485961 -0.013510422 0.06852645 -0.037046 -0.086470395 -0.070311025 0.09612229 0.03671716 0.107352845 -0.042630337 0.06665208 -0.116532 0.048651278 -0.06189886 0.019867623 -0.004958542 -0.014945297 0.047781575 -0.019667868 -0.08903699 0.07578889 0.109011486 -0.02626041 0.09682704 0.14647421 -0.053884268 -0.07309569 0.07314012 -0.033525176 -0.086156726 0.11769914 -0.03462251 0.10919368 0.01606234 -0.07495911 -0.06764036 -0.017269833 0.009602066 0.016449105 0.02290565 -0.00012749241 0.06233063 0.04121048 -0.03208788 0.061245635 -0.062847756 -0.071282625 0.059565272 0.02237647 -0.09901966 -0.031621642 -0.08832184 0.046159565 -0.04574892 0.030113075 -0.04533868 -0.043355178 0.06273097 0.10710633 -0.11566167 -0.035144474 -0.07166076 -0.07764816 -0.003303973 0.06405714 -0.16915025 -0.039394226 -0.062605135 -0.061956223 0.068138495 -0.06247518 0.052714393 -0.0180444 -0.030462729 0.031102749 -0.10049617 -0.022582736 -0.028630212 -0.04518645 -0.07135683 0.052355383 0.107349545 -0.079210915 -0.0021063087 -0.06920942
-0.089234896 0.039786473 -0.10499581 -0.060761508 -0.10419263 -0.050356694 -0.08732778 -0.059609633 -0.054962467 0.05725629 -0.106628865 -0.0051483866 -0.01924366 -0.006109473 0.029149937 -0.08078228 -0.015963936 0.14059164 0.046136197 -0.18995908 -0.0018835422 -0.13300408 -0.102358736 0.06855248 -0.033473507 -0.09874318 -0.045297924 -0.016482174 -0.115019396 -0.12081254 -0.08343955 0.05013885 0.100513496 -0.07975528 0.018188938 -0.16142465 -0.07921478 -0.034396138 -0.09392334 -0.04220484 0.09188642 -0.03928403 0.09502845 -0.07767976 -0.10907087 -0.063291326 0.08543589 0.03093671 -0.022489106 0.014242004 0.053629454 -0.118119 0.01853735 0.16970181 0.056609172 -0.011236201 -0.06756759 0.026661003 -0.089630395 0.048271548 -0.08131167 -0.08398153 -0.012819243 -0.16299072 -0.0986424 0.020492032 0.092100404 0.07860472 -0.02013967 0.1384005 -0.08983901 -0.017739281 -0.112804174 -0.009140374 -0.037478205 0.10557325 -0.001142549 -0.06830801 0.00918303 0.043796074 -0.09398914 -0.090449564 -0.0388821 0.06965135 0.0040288633 -0.002733566 -0.090048365 -0.009172506 -0.036890402 -0.17501454 0.016622344 -0.047363997 0.071561836 -0.002990922 0.006245694 -0.102230996 -0.014763037 -0.20890717 -0.029598318 -0.03874147 0.04094988 -0.10908973 0.11871468 0.09815336 0.093727686 0.061078582 0.06315487 -0.006007809 0.01700256 0.020161543 0.11982502 -0.0025491847 0.07586777 -0.00203235 0.0377561 0.08654592 0.021878323 0.0802038 0.13097346 0.015399322 0.05056034 0.08773822 0.01165663 0.053802077 0.06611322 0.083700106 -0.12242598 0.009001993 -0.07337032 -0.03227849 -0.0057368516 0.042821657 0.03669173 0.11098636 0.07682062 0.055464327 0.057343494 -0.014571647 0.010939289 0.031515278 -0.019454993 0.0071540605 0.10437779 -0.1110442 -0.06146083 0.0004919432 -0.03659012 -0.013759395 0.027385553 0.07689729 -0.0011317246 -0.0010246512 -0.08535125 0.069557264 0.05525729 0.09882388 0.027501242 0.098999985 -0.08749876 0.058354948 0.04519537 0.09533794 0.08331904 0.05356235 -0.004881655 0.007898967 -0.0779393 0.025702136 -0.043578375 0.04032285 -0.16262276 -0.08598765 0.026692342 0.020046286 0.049799655 -0.028836025 -0.038284834 0.13816461 0.048235983 -0.06342462 0.09706681 0.0024676458 -0.0036267862 -0.07913959 0.077963635 -0.014488218 -0.05535673 -0.03132268 0.020420415 0.018117929 -0.14913931 -0.045666337 -0.01124803 0.029132802 -0.042161945 -0.012307426 0.084548734 -0.03235727 -0.06964947 -0.010702714 0.06518655 0.027147371 -0.017670942 0.063381955 -0.0750516 0.056515973 0.09296876 0.0238433 0.04167895 -0.06496995 0.08291221 0.079487346 0.112692446 0.0041718595 -0.15355372 0.03104636 -0.098738015 -0.08917278 -0.0824467 -0.04639962 0.036545288 -0.071647964 -0.099972926 0.034865923 -0.06369332 -0.035565674 -0.026207045 -0.021715479 -0.081629254 0.07098792 0.057228055 -0.03419361 -0.016551401 -0.08011733 0.081833325 -0.026631577 -0.10858844 -0.06257102 -0.018013183 -0.12605417 0.05715296 0.07923385 -0.04044797 0.06609227 0.016418476 0.080863565 -0.0102970805 -0.10629682 -0.0017527762 -0.0919848 -0.015550312 0.03454288 -0.07832289 -0.0065427604 -0.04182901 -0.11182623 -0.039047435
-0.022567412 0.087007314 -0.036086723 0.02746043 0.050384663 -0.069689065 -0.015044736 0.01903303 -0.083134085 -0.05185686 0.05432757 -0.028732296 0.02763593 -0.01344252 -0.081924446 0.07293484 0.07678225 0.0733269 -0.05352835 -0.08569223 -0.012794358 0.014517497 -0.08329222 0.028902901 -0.051339313 0.017754858 -0.017978922 -0.068259194 -0.10566455 -0.0393338 0.072395995 0.02525035 -0.07562575 -0.040335048 0.03145938 0.084187515 0.011771891 -0.018265825 -0.09073736 0.03988624 -0.048507005 0.09585042 0.081273034 -0.0713919 -0.09085513 -0.097490005 0.07339159 0.07135228 -0.037903413 -0.017827215 0.050305337 -0.026314976 -0.0046164845 -0.02110738 -0.04294544 -0.0064493837 0.04217852 0.056730587 -0.07485822 0.04580575 -0.0014489271 -0.04186315 -0.046938036 0.060880005 -0.078851834 0.013932025 0.037794024 0.06781702 -0.02446054 -0.090615846 0.06286301 -0.08888039 -0.029331168 0.02220453 -0.07715712 -0.07825473 0.07344682 0.09332526 0.03496758 -0.040455338 0.05225332 -0.06594869 -0.08705934 0.028058868 -0.032782268 -0.07401911 -0.022011405 -0.03691953 -0.03919449 0.024338596 -0.07881559 0.021374209 0.0870456 0.03355386 -0.053455383 0.026279956 -0.05368718 -0.032877807 0.02967598 0.10576612 0.015373659 -0.022531006 -0.05744155 -0.0040297485 0.03638529 0.009176572 0.02636156 0.09193651 -0.066569224 0.084897354 0.011969427 -0.09234326 0.055655718 0.059281375 0.073575564 0.047035545 0.07316439 0.08440823 -0.0050162068 -0.017130043 -0.0931693 0.042689376 -0.07809765 -0.094362274 0.06748678 -0.06457618 -0.10453654 -0.08555534 0.029318782 0.033408303 -0.0382789 0.02176647 -0.06433648 -0.059679423 -0.05044015 -0.024195287 0.048427545 -0.038025778 -0.08942666 0.0762904 0.08876575 0.002157393 0.068744466 0.07844874 -0.03251359 -0.080424964 0.06155282 -0.04463797 -0.066383444 0.07644297 -0.10282661 -0.017049924 0.0194828 -0.06357968 -0.025739867 -0.0467271 -0.07945164 -0.0043257205 0.052316215 -0.018245341 -0.04503963 0.03298403 -0.05620393 0.02713763 0.00013966709 -0.095148 -0.008028408 0.021479487 0.04954668 -0.06321121 -0.078469016 -0.08621889 0.0635709 0.079092994 -0.047716442 0.08154042 -0.06420506 -0.017922733 0.100978315 0.08678704 0.051310223 0.002965921 0.021938818 -0.04397847 0.06379453 0.006163829 0.08864362 -0.017790833 -0.08862968 -0.0045679 -0.015369869 0.05457444 -0.02878958 -0.09447659 -0.012329443 -0.08574915 -0.040110007 0.0840934 0.038877353 -0.02170113 0.06663612 -0.053426046 -0.04848507 0.062198594 -0.07088597 -0.055951778 0.001319937 -0.037517216 0.07813991 0.06750904 -0.09402046 0.040989406 0.078131326 -0.058677543 -0.050515436 -0.080078065 -0.084651895 -0.007687154 0.0438032 -0.10281555 0.0514027 -0.024187619 0.08341151 0.008958415 0.054177932 0.05205181 0.07174702 0.039759923 -0.076709986 -0.003688088 0.018761802 -0.04092303 0.082432315 0.026510932 -0.031740386 0.07548915 0.03842714 0.0866146 0.03955206 -0.08831488 -0.02432294 -0.074947335 0.026667371 0.03787136 -0.08031087 0.082285374 -0.029822396 -0.0108863795 -0.08102798 -0.06242876 0.065526515 -0.0070102704 0.0934714 0.057398703 -0.017760206 0.04842334 0.083999366
-0.098138794 0.0087985685 -0.09820441 -0.10957517 -0.06126248 0.12827967 -0.08959705 0.03699889 0.014767109 0.04000585 -0.015724912 -0.0011193524 0.018548029 0.07088052 0.017963825 -0.008796764 -0.0334626 0.04303324 -0.005088952 0.049259827 0.109365195 0.11479082 0.026703963 -0.09851987 0.028599825 0.040561948 -0.014749454 -0.025838403 0.020882154 -0.008921274 -0.03843178 0.03518935 0.047757994 0.058932282 -0.052868184 -0.021880735 -0.072891094 -0.053137306 -0.0017994773 -0.084924705 0.048944466 -0.013909469 0.0049225413 -0.084381774 -0.089281 -0.035835393 -0.09710671 0.021637429 -0.029338414 0.024492633 -0.06714865 0.020613188 -0.12491919 0.057445105 -0.09394357 -0.048256733 -0.019322062 -0.0050694128 -0.07322415 -0.059432037 -0.08699894 0.0033263834 -0.010690536 0.038048442 0.0744507 0.01977569 0.07605622 0.0012705977 0.11421051 0.031131601 -0.03489629 -0.060195405 -0.014206588 -0.017312836 0.09684642 0.09432508 -0.0070131915 0.04649569 0.014685686 -0.031038381 0.08259861 0.090701744 -0.026998227 0.033222463 -0.087453105 0.10750804 -0.0965321 -0.0058338298 -0.11777866 -0.111805126 0.010211906 -0.010647763 -0.07152637 0.083282545 -0.011040005 0.011174668 0.010402391 -0.00016051419 -0.009482207 -0.047134593 -0.0425373 0.03913052 0.12934372 0.039589398 -0.03313016 0.031392105 -0.073410064 -0.05699012 -0.006814474 -0.039774116 -0.05703633 -0.008213175 -0.06457144 0.08488872 -0.027767966 0.063279 -0.09064118 0.0972687 -0.0979785 -0.023769021 0.0394612 -0.041231133 -0.03189755 -0.04658957 -0.04978033 0.032585744 0.017884498 0.056097623 -0.014902565 -0.032504287 -0.09066301 -0.046325903 -0.055200014 0.033954613 0.03287922 0.11094756 0.0579842 0.012151483 -0.04426662 -0.05360434 0.0241059 0.087206684 0.114335366 0.023214843 -0.033813793 0.1088796 0.016846184 0.04818181 0.038872793 -0.06175841 0.06167758 -0.033108708 -0.037884027 -0.0049160337 -0.06593264 -0.111686446 -0.0013418448 0.09577195 0.038137846 0.030023953 -0.059230078 -0.08109711 -0.07015327 -0.048011873 0.030787367 0.06272842 0.063465424 0.016625207 -0.08738134 -0.10882598 -0.07755991 -0.011118468 0.10068617 0.07493092 -0.11129479 0.029058995 0.08115394 -0.005757289 -0.09333927 -0.020419149 -0.09433931 0.033142384 0.005054077 0.0006376874 0.04720321 -0.08869588 0.026017623 -0.009643631 0.038206622 0.13925092 0.011297834 -0.007822595 -0.009437458 -0.03530866 -0.029150113 0.035219826 0.005859999 -0.04100878 -0.052530862 -0.111825235 -0.0638933 -0.09972613 -0.016297534 0.067594804 -0.1041546 0.09619438 -0.08010531 0.12584725 -0.0032020132 0.08216689 -0.01645392 -0.028162198 -0.042983852 0.10942681 0.104660325 0.089901716 0.046560995 -0.0083550755 -0.06060722 -0.02171372 -0.04257225 0.041758448 -0.044710584 -0.078085475 0.049687147 0.03962887 -0.044541907 -0.07146307 -0.1180977 -0.026007831 -0.07721954 0.017170094 0.10467233 0.053148493 0.033551387 -0.053638965 0.0146643985 0.071831204 0.051744085 -0.09074411 0.040065367 0.0877688 -0.06907197 0.07371143 -0.043015245 0.0004613328 0.03360596 -0.07244756 0.08376259 -0.053112008 0.12898475 0.0025753414 -0.025039311 -0.019583311 0.11169293 -0.030647438 0.04617596
-0.053660866 -0.027328487 0.024113296 -0.017027825 0.013196479 -0.03867348 0.059821498 -0.102095105 0.038269516 0.106741935 0.09330849 0.033854734 0.06448722 -0.005267587 0.14003412 0.0310233 0.013187623 -0.0072024534 0.01065427 -0.018284075 -0.05394917 0.05424045 -0.083363935 -0.08427318 -0.02339638 -0.04000384 0.024936808 0.08651346 0.028764294 -0.049796224 -0.050511792 -0.026289904 0.040851533 0.11950401 -0.0026404492 -0.012703883 0.065414935 -0.03674422 0.078621954 0.11802876 -0.0104710655 -0.063088335 -0.029713945 -0.069845274 0.020943625 0.11537631 -0.058273554 0.02401527 0.019756367 -0.030820947 -0.03286613 -0.10100112 0.060728334 0.10507316 -0.014375851 -0.027336257 0.02448418 -0.052138247 -0.07263026 0.0003248205 -0.016739072 0.08550317 0.015348041 0.0131344665 -0.03529153 -0.022149574 -0.05608663 0.099480264 -0.06844551 0.1232219 -0.038448427 -0.040069804 -0.115622155 -0.021582153 -0.00090432516 -0.020221597 0.05442939 -0.084804505 0.07152915 -0.080614485 -0.0671817 0.11469621 -0.11967689 -0.07617564 -0.026887653 -0.03639949 0.09537455 0.0803557 0.04133293 0.060195215 -0.024916494 0.078579985 -0.0753908 -0.07488983 0.0060552084 0.04447785 -0.03464204 0.03246208 -0.043101896 0.024750518 -0.08240362 0.049075436 -0.06561636 0.097301 -0.044261582 0.016101936 -0.06740176 -0.07232017 -0.06458246 -0.057868667 -0.011526167 -0.010236622 0.029044429 0.055029485 0.12048505 -0.025704164 -0.022723071 -0.05539431 -0.009680294 0.03247627 -0.010307835 -0.13761579 -0.007774592 0.10968695 0.071849056 0.050597828 0.038131848 0.025513845 0.024271289 0.04108035 0.038423933 0.042901926 0.07009729 -0.10714676 -0.075870216 0.074742325 -0.04990534 -0.010635817 -0.03484754 -0.032473743 0.045563687 0.012046392 0.013669025 0.058280014 0.005199764 -0.100601815 0.030221056 -0.08287433 0.071452074 0.018582983 0.0014711809 0.1153029 -0.07589412 0.1029337 -0.055930812 -0.09429851 -0.006584747 -0.08513792 -0.079434216 0.026151817 0.0047035324 -0.035452995 0.11138424 -0.08218242 0.10137643 0.031700533 -0.12207959 0.11246126 0.042548787 0.021286994 -0.08785813 -0.008739059 0.020313062 -0.030586272 -0.114578344 0.05001541 0.020980418 0.11950629 0.047612973 -0.019053135 -0.029653847 -0.033849232 0.008007695 0.01465811 0.0020672514 -0.033771522 0.049923893 -0.03736185 -0.038267937 0.09845681 -0.05963851 -0.006484097 0.09166715 0.024696095 0.047256287 0.09246435 0.03070597 0.12089222 -0.04453328 0.06862916 -0.025158858 0.12566909 -0.12008725 0.065451466 -0.067798465 -0.07261552 0.008298737 0.0020371214 0.005245712 -0.04090371 -0.030640904 0.10504096 0.103012905 -0.0657858 -0.039735567 0.032758936 -0.11329383 -0.008933414 -0.043787777 -0.01960695 -0.059773237 -0.035244312 -0.07043235 -0.0012329288 0.0005456168 -0.034806646 -0.022524988 -0.058588102 -0.04397039 -0.017087258 0.098147154 0.057504363 -0.109153025 0.08134982 -0.025344148 -0.08607053 -0.019292768 -0.0576315 -0.07503282 -0.037310094 0.059659526 0.07834924 -0.084968165 0.0129463505 -0.020703334 0.04199899 0.050597254 0.018443651 -0.0079676965 -0.00645922 -0.085124925 0.00077290763 -0.011188105 0.087578684 -0.0050844187 0.046398144 -0.0018188675
-0.10897062 -0.11360677 0.062313452 0.10041383 -0.05726909 0.069814764 -0.06199999 0.05898831 -0.049914684 -0.0036347292 0.06574515 0.105487585 -0.07593693 0.05137072 0.07663505 0.010115648 0.020307826 0.1431337 0.091538034 0.0018849073 0.11380927 -0.06629516 0.022471305 -0.015311014 0.048401125 -0.20064758 -0.014568443 0.018232688 -0.10232861 -0.08704567 -0.13223386 -0.001938322 0.031881645 -0.030194886 0.06064767 0.10570644 -0.029292285 0.0903291 0.00021785812 0.029369999 0.0015181878 -0.09867881 0.022808053 0.010139286 -0.061995436 0.024078295 0.012594851 -0.06485139 0.06071885 0.0770509 0.011962031 -0.05473808 -0.014522372 0.07895015 0.04372639 0.01589263 -0.027465949 0.05596937 0.07219233 -0.01722336 -0.046429064 0.03339131 -0.010750868 -0.06450649 0.099787876 0.07388668 0.0578183 -0.0336758 0.0034191778 0.011261491 -0.05360427 0.01867281 0.10921067 -0.08907449 0.09788806 -0.0062709707 -0.09764804 -0.13064387 -0.100070275 0.0002121162 -0.09403154 0.008300041 -0.002667844 -0.053339075 0.0035782964 -0.034108505 0.06167109 -0.06323256 -0.089494586 -0.09452685 -0.015508641 -0.0015789391 0.08301283 -0.096682735 0.042895753 0.0953453 -0.06695327 -0.013385099 0.01571076 0.05491935 -0.07956528 0.052126676 0.19749595 0.004237699 0.0510494 0.08724543 -0.009969029 -0.11783645 0.06722858 0.071817875 0.0328016 -0.08678245 -0.070959635 -0.055742994 0.005654182 0.10847543 -0.04642758 0.06432802 -0.060447242 -0.07993893 -0.0005285582 -0.088552386 0.11852692 0.08180899 -0.019886767 0.009483691 0.012229921 -0.10263971 -0.033279102 0.08501724 0.13292688 0.08075791 -0.07456602 -0.031928707 0.06444314 -0.06711275 0.073608 0.028197756 -0.16118525 -0.10504727 -0.06770433 -0.07804939 0.03986393 -0.09235701 -0.029682482 0.022265486 0.0797123 -0.048499115 -0.070186615 0.035971176 -0.03693042 -0.04135381 0.040505804 0.069698 0.017312378 -0.073987894 -0.022536607 0.045773104 -0.116077214 0.053437877 -0.17264743 -0.015932498 -0.0751868 -0.0017308447 0.026689976 -0.009280312 -0.07791307 -0.041443326 -0.063280046 0.0005248289 -0.051372845 -0.1595815 -0.019657562 0.12792332 0.041995447 0.0150884865 0.012460131 -0.007540826 -0.054936975 0.04658424 -0.013127608 -0.05529964 0.02168462 -0.04441684 -0.0018705811 0.048021793 -0.09318698 0.030508202 -0.05669216 0.07746814 0.066734634 -0.028515799 0.096015476 0.00015760688 0.056519523 -0.07086602 -0.10887348 -0.056799337 -0.06294474 -0.11710931 -0.08980826 -0.043305207 -0.06339096 -0.09548487 -0.03893214 -0.05008232 0.031159597 -0.004902658 0.014847683 0.114498936 -0.09021466 -0.06389969 0.07718227 0.018138098 -0.094319485 -0.11066877 0.063609816 -0.080011085 0.06268167 0.08589717 -0.05637855 -0.10693685 -0.043050274 -0.081537 -0.023662638 0.021983683 0.06584002 0.05335928 -0.029238824 -0.020134775 -0.06462364 -0.10579195 -0.07841037 0.053497564 0.012991692 -0.014770289 0.0370946 0.09432646 0.08926293 0.01825114 -0.0029049292 0.014882898 -0.07609172 0.0013518328 -0.05712497 0.06731296 -0.07636182 -0.008426372 -0.060599294 -0.06943766 0.082327835 0.09712177 -0.025725514 0.059824876 0.060022186 0.0041162292 0.061787426
0.027956007 -0.010165057 -0.029974742 0.023423668 -0.06493389 -0.0356771 -0.017499423 0.06491883 0.099403456 0.013901159 0.09447598 0.10597206 -0.008044688 0.119841136 -0.10751463 0.0038279046 0.13020399 -0.043930035 -0.07257635 0.09043202 -0.1285919 -0.062962785 -0.043260157 0.08090897 -0.016425943 0.0945601 0.042812865 -0.020125732 0.09452904 0.12028416 -0.060601443 0.0749321 0.0773325 -0.09304581 0.0047385935 0.00076350436 -0.006844683 0.046569634 0.013040096 -0.06450063 0.04586876 0.08470274 0.00045701084 0.07172462 -0.07612144 -0.012860008 0.047279663 0.058326792 -0.020204127 0.04661593 0.097200766 0.058785662 0.038561672 -0.06763843 -0.14815034 0.11865451 0.0794155 0.051801264 -0.039243422 0.105613835 -0.044802357 -0.04815427 -0.026630403 0.07447392 -0.07336196 0.07264223 -0.028566182 0.15111968 -0.022956513 -0.13646202 -0.0596323 0.02093789 0.06870275 -0.09485076 0.022155335 0.010088801 0.08615006 0.0047904374 0.05934781 -0.07405397 -0.04287999 0.04331262 0.023641076 -0.073973 0.02456211 0.045358416 0.042084508 0.056908127 -0.028198889 -0.0907128 0.05625219 -0.0973076 -0.043461267 0.05412592 0.10312614 0.04148788 0.046289086 -0.049215104 0.09004408 0.054377764 -0.028717259 -0.08551962 -0.014079194 0.08569829 -0.013520284 -0.08085329 -0.0042047477 -0.06997248 0.040349208 -0.09522857 0.041754395 0.07608749 -0.09567257 0.044324096 -0.06265081 0.13085447 -0.03600547 0.064593896 -0.01124425 -0.11620253 -0.07770893 0.08300795 0.021794684 0.112950474 -0.051178135 0.094857246 0.051827397 -0.09300343 -0.072749585 0.034206863 -0.030828724 -0.06114663 -0.07459174 -0.107351646 -0.013981272 0.11387989 0.06477189 -0.0026206977 0.09153918 -0.069217674 0.029146597 -0.03149665 -0.0196838 -0.057969596 0.0717999 0.043897465 -0.019188972 0.063527636 0.10443819 -0.001492064 -0.07444782 0.067112215 -0.058620445 -0.005363486 0.074926786 -0.078584746 -0.0937447 0.07455395 -0.031639073 0.06176506 -0.07217599 0.1242863 0.047395214 -0.029198494 -0.015151362 0.09725863 0.07887275 0.09493476 0.013265728 0.02128585 0.023846602 -0.013163515 -0.036288764 -0.046251062 0.04185302 0.057765793 0.06564396 0.0035530708 -0.073079206 -0.05568465 0.004045897 0.078016765 -0.060854882 -0.07305038 0.017314317 0.074500225 0.09221491 0.0022203792 0.004139551 -0.07567192 0.003480669 -0.07391331 0.05397472 -0.060089886 -0.05832465 -0.11306182 -0.13855997 -0.052224904 -0.038505156 -0.07396888 0.11248073 -0.042814735 0.07665298 0.02154681 -0.12001837 0.014434276 0.07108334 0.06667436 -0.044838406 0.052589446 -0.08835729 -0.10959851 -0.12737368 -0.13183987 0.006662105 0.110275984 0.10448166 -0.03301744 0.013109746 -0.12406641 0.015637938 0.122265026 0.071479365 0.0831575 -0.03751929 0.08310329 -0.04122225 -0.04079264 0.084294446 0.014437733 -0.04961763 0.02636246 0.105093 0.09909764 0.10494607 0.08348797 -0.047305807 -0.0056496137 -0.044583045 -0.076649375 -0.10886732 0.09371775 -0.04090001 -0.08373739 0.11505418 0.038545795 -0.08589413 -0.087995976 0.01629096 -0.034375522 -0.0994075 0.022867816 -0.0833784 0.0075483224 -0.0020353831 -0.039296865 -0.060463108
0.03515552 0.028793316 0.071826674 0.038181156 -0.07278748 0.038015682 -0.06870546 0.1282205 0.0022118106 0.03236068 -0.0025468594 -0.042067684 0.06459564 0.029137526 -0.13212496 0.07896099 -0.07737463 -0.046154913 -0.10758797 0.016346604 -0.009669691 -0.013720699 -0.063603014 -0.028766017 0.108787164 0.11310318 -0.08207731 -0.053369753 0.018394688 0.01018826 -0.06392768 -0.1243752 -0.03030482 -0.05728331 -0.117224544 0.10880481 0.078046165 -0.019661631 -0.060345713 0.020264583 -0.01587204 -0.049514145 -0.058629066 0.03249758 0.08457748 -0.039474078 0.0029067888 -0.011769197 -0.055366762 -0.052686155 0.14523241 -0.05213798 -0.03874731 -0.060359713 -0.114946336 0.006088877 -0.08088093 -0.05142254 0.081841506 -0.0742958 0.05512103 -0.02545858 0.064749934 -0.028404582 -0.14910124 -0.055249643 0.062867194 0.05087245 -0.009587944 0.034461897 0.009693337 0.038271524 0.0510782 0.03421591 0.022253266 -0.058917128 -0.078126945 0.047345284 0.05386696 -0.05917298 0.035752933 -0.033363 0.12294978 0.09163785 -0.09137306 -0.04183875 0.08077075 -0.112157285 0.052994322 0.014472238 0.036937278 -0.13560697 0.075273946 -0.032414027 -0.008566534 -0.086170875 -0.014686919 0.11788438 -0.07030148 0.040805664 0.02025037 0.008443876 -0.058628652 -0.080025256 -0.038544714 -0.04016088 -0.062371604 -0.04335365 0.012867098 0.054619607 -0.060870707 -0.08580103 0.044656567 0.05606601 -0.07077458 -0.06298465 -0.044919994 0.06993872 -0.12302335 -0.059863713 -0.040607195 0.085929655 0.045372408 0.04768628 0.1020043 -0.086317874 0.14969821 0.09788251 0.12681139 0.13539988 -0.13944227 -0.040908225 -0.052844606 0.03567869 -0.00368028 -0.043794382 0.02673874 0.04830007 0.03482281 -0.039481144 -0.036132567 -0.046621773 -0.049254328 -0.080839336 -0.034437843 0.08436844 0.0017525922 0.027587939 0.06561919 0.09797706 -0.02499725 -0.042445507 -0.06008291 -0.083894014 -0.009678986 0.08112741 -0.0595864 0.0009573311 -0.10106104 0.018768243 -0.10937304 0.03246556 0.043185834 0.036391057 -0.06837765 0.08134188 -0.056848884 0.08811841 -0.015381136 0.08839208 0.099068545 -0.07392153 0.04705238 0.005234005 -0.028950557 0.02058677 -0.07198874 -0.12075978 -0.022519017 -0.13539381 0.06414431 0.11980686 0.013742834 -0.0061295535 -0.034610383 0.08847745 0.026322348 0.039567575 0.06793102 0.11584675 -0.08300021 0.036730334 -0.037165094 -0.122304134 0.052890126 -0.012472637 0.02917994 -0.019174824 0.058816835 -0.061677 -0.028310033 0.057740923 0.046513595 0.06138738 -0.058765642 0.056251578 -0.06542964 0.006373169 0.00012666814 0.030506166 -0.031002374 0.054157738 -0.07338537 -0.03432521 -0.022826653 0.07778877 0.11604108 0.041265704 -0.0028489516 0.034489207 0.07274187 0.054966964 -0.112301335 0.027123602 -0.02945915 0.072139844 -0.09920364 -0.094098024 -0.05366642 0.026307331 -0.11561392 -0.072153196 0.0071480987 -0.032810386 0.10763218 0.11018342 -0.026359765 0.112653956 0.016902171 -0.007072012 -0.035653695 0.0879985 0.07597773 0.04255804 0.13244545 -0.051149383 -0.08034433 -0.00391902 0.018625068 -0.019173864 0.048742738 0.066962875 -0.15180686 0.059559163 -0.111547336 -0.033730906 -0.00806615
-0.0027735378 0.06783814 0.011967829 -0.044899467 0.07841392 -0.07527014 0.09189933 -0.060278974 0.058468726 -0.018100321 0.062212244 -0.015836049 -0.010677775 0.050210215 0.06161732 0.0400748 0.04166779 0.025694078 0.01141614 -0.14014398 -0.067296825 0.00011921692 -0.030294716 0.08800767 -0.022576889 -0.036403097 -0.0751204 -0.012049017 -0.036439713 0.01421832 -0.0024931454 -0.0070405533 -0.068736784 -0.026117055 0.012480871 -0.026874408 0.07086497 -0.11658092 -0.065877706 0.011012998 0.09133189 -0.0507762 -0.0048318366 0.011806345 -0.04434235 -0.004111748 -0.024603516 0.05520926 0.022889642 -0.05505854 -0.09019751 0.016533691 0.07229157 -0.02190211 0.087389976 -0.034970228 0.08711182 0.101707876 -0.08427214 0.012117427 -0.04606815 0.023480406 0.081707194 -0.08969302 0.015114137 0.017095402 0.09088722 0.021061372 -0.044196393 0.05688491 0.0019789615 0.07315981 -0.085825436 0.0645793 0.04209027 -0.025137361 0.065688774 -0.0015355016 -0.041123573 -0.033600833 0.0723891 -0.054551676 -0.032739617 0.09378394 -0.014864618 0.025535477 0.08725423 0.0013258031 -0.027904853 -0.022591515 -0.07227302 0.061254017 0.07893703 -0.08573551 0.00019257897 0.06492367 -0.06801314 -0.048286125 -0.07543966 0.016320882 -0.08430018 -0.01943531 0.054944415 0.08744419 -0.034593087 0.09409428 -0.032372132 -0.0878921 -0.06926091 0.07443964 0.03690553 -0.00014513134 -0.0993288 0.0015240656 0.08721441 -0.06087663 0.08738849 0.06537866 0.1215527 0.063807584 0.011812086 -0.010093648 0.09301197 0.025477286 0.104568586 -0.06002174 -0.07400554 -0.053269465 0.01001597 0.07946707 -0.02307551 -0.03664211 0.03401648 -0.00035518542 0.13962291 0.012867298 -0.097285114 0.040531285 -0.0015256731 -0.034241747 0.054201744 0.0024388952 0.07053838 -0.08973994 -0.014828035 -0.09815896 0.024728302 -0.059955798 -0.079348244 0.008586833 -0.08702357 -0.019988775 0.048818685 -0.052536156 -0.011884889 0.030943304 0.07677836 -0.03338629 0.07207642 -0.043800868 -0.0057854415 0.031451628 0.07169928 -0.060053736 -0.042850766 -0.03157865 0.070551105 -0.04782318 0.024957007 -0.015939066 -0.0392652 0.110122204 -0.033418864 0.052955374 0.029964507 0.058089856 -0.02676483 0.021678003 -0.076394275 0.060359273 0.006607677 -0.09694582 -0.048353817 0.062765196 -0.102831006 -0.075840026 -0.013282855 0.006519337 0.054383397 -0.07343785 -0.04754131 -0.090127595 -0.022664849 0.05893997 0.07230863 0.0071353572 -0.08025661 -0.06770603 -0.059955727 0.038779996 -0.0685057 0.031837963 -0.019330772 -0.057969835 -0.029730747 -0.00023796833 0.07040901 -0.003244156 -0.025458973 -0.05397429 -0.116679795 0.03957643 -0.068539806 0.09852608 -0.026384635 0.07797755 0.056012698 -0.060493935 0.016279073 0.052294537 -0.059109353 -0.050001718 -0.003634103 0.09384559 -0.086608574 -0.08421896 -0.04118197 -0.041827865 -0.09589874 -0.09069378 0.04580783 -0.003359143 0.074328944 0.055817347 0.04503606 0.050862726 0.0056923004 0.08934013 -0.037497595 -0.091819175 -0.04003236 -0.0999673 0.063690044 -0.08477074 0.09360522 0.07897953 0.027114896 -0.023265064 -0.011842819 0.021041019 -0.029718362 0.060048927 -0.0025086203 0.022447096 -0.034566116 0.068180084 0.07019762
-0.06183397 -0.0910158 0.06510343 0.05990997 -0.019415658 -0.013749097 0.047528256 -0.10203623 -0.0794446 0.007199185 0.008978797 0.049374852 0.0828018 0.03990726 -0.02610037 0.09007368 -0.012614474 -0.11553833 -0.035650685 0.04821555 -0.065512724 -0.02375867 0.0037865392 0.011173484 0.053506013 -0.03690301 0.025686678 -0.02780333 0.0028970295 -0.033043988 -0.01653306 0.0033831291 0.099784605 -0.06276006 0.023836799 0.11653732 0.027287502 -0.05180935 0.08422484 0.082564086 0.0734136 -0.0064067557 -0.029481737 -0.062478267 0.07470754 0.0011027817 -0.10093657 0.09956537 0.13309577 0.008225762 0.018149758 0.0033382007 0.053624183 0.06844988 -0.014342779 0.04382097 -0.018333446 0.05847093 -0.06254869 0.039622206 0.08201547 0.0774487 0.06830434 0.07024635 0.0027775841 0.13065608 0.047319606 -0.04089368 0.05099214 0.05211817 -0.07169848 -0.0449449 0.08092011 -0.08056963 0.013598634 -0.04476629 -0.03824923 0.04993778 -0.040139258 -0.10581728 0.004908938 -0.00085131574 -0.04095185 -0.0080421865 0.02419117 -0.047259793 -0.06917552 -0.0757596 -0.041880697 0.04252495 -0.0015642577 0.0045100655 -0.054706894 -0.00026602688 0.04002497 -0.0101031065 0.07846686 0.011092429 -0.044010565 -0.031909883 0.08845813 -0.008853802 -0.13947737 0.054115616 -0.096355766 0.027631689 -0.030905945 -0.011037717 0.0754331 0.05321365 0.013027439 0.09808636 0.10050764 0.0043223416 -0.05067878 0.09619373 -0.018735051 -0.047191136 -0.04862304 0.11741771 0.0008891986 0.14273265 -0.015049608 0.030563535 -0.008633659 -0.053179268 -0.06781317 0.08226188 0.0058881748 -0.07671482 0.014882447 -0.024603063 -0.06701945 0.024825698 -0.045577303 -0.0090990225 -0.038885646 -0.05584632 -0.06003256 0.03682264 -0.07972823 -0.0111960545 -0.0026587925 0.011885202 -0.05263712 -0.0094800135 -0.023917804 -0.016837135 -0.017557342 0.033886593 0.006291089 -0.024348022 -0.06669147 -0.058034196 -0.0691688 0.091035016 0.027612971 -0.043075603 0.096875034 0.01430202 -0.083444305 -0.050571244 -0.022856917 -0.061116446 0.13265987 0.051797364 0.0998642 -0.082992196 -0.037139867 0.007478156 0.09015928 -0.13171844 -0.08580223 -0.037256293 -0.06390572 0.08049373 0.04252577 0.017685913 0.06154221 0.012071576 -0.08442082 -0.09681861 0.0923167 -0.018159725 -0.023678344 0.08070885 0.013913783 0.090850055 0.08355069 0.012793862 0.020681938 0.039731033 -0.0053700623 -0.026925702 -0.033284783 -0.013759625 -0.011916884 -0.05735292 0.03978002 0.0802308 0.05238587 0.09189112 -0.069073945 0.005436933 -0.08125124 0.043150347 0.08793558 -0.07548548 0.06990641 0.11713914 0.07700689 -0.03394999 -0.10534283 0.05297795 0.07391048 0.023513839 -0.10422039 -0.08332269 0.01719117 0.10241311 0.07128733 -0.10122248 -0.049430646 0.03705316 0.10065252 0.07525129 0.0818909 -0.0016958525 -0.049017575 -0.037737846 0.10570983 -0.0937519 -0.02673457 -0.038320612 0.051425055 0.008770857 0.07318627 -0.08227 0.02319086 0.04846901 -0.034970403 -0.048563577 -0.052432697 0.0049153157 -0.019051168 -0.037004147 0.0050580595 0.09086022 -0.012683905 -0.006678354 -0.06709671 0.020200904 -0.07740545 0.07059637 -0.043557674 0.06269647 -0.06274275
-0.0917924 -0.08739005 0.028149886 0.062032156 0.07366421 -0.045826856 0.056130216 0.095213346 -0.0730268 0.018534334 -0.07866276 -0.053442236 0.09873346 -0.046409715 0.025845034 0.009367374 -0.07171016 0.041877393 0.07045928 0.025969874 -0.049662933 -0.045479447 -0.108949885 0.08332625 -0.093659684 0.014806319 -0.02473024 0.07003599 0.07242786 -0.015265145 -0.0005159466 0.023304185 -0.095076226 -0.0021512972 -0.00097381725 0.02298348 -0.011943479 0.05605519 -0.035449278 -0.056851808 0.07645595 0.08200253 0.007708674 -0.04741392 0.035605237 0.053431455 0.0607957 0.011398137 -0.05201286 0.04499201 -0.082605526 -0.06412076 -0.09037015 0.124527626 0.09096018 -0.0801918 -0.020211669 0.052444313 -0.07369959 -0.04543946 -0.007681235 0.04198313 -0.05651097 -0.02300606 -0.0223488 0.044617243 -0.08905382 -0.110070914 -0.029060854 0.029337976 0.07422253 -0.061203282 -0.068557315 -0.006402687 0.036000926 -0.019543143 0.0030408837 0.08205903 0.097353145 -0.10010757 0.044943366 -0.06299241 -0.103358306 0.06353921 0.02568504 0.036725253 0.022408823 -0.046711374 -0.059595276 -0.10298035 -0.013761911 0.029857509 0.0043345476 0.05102019 0.045328148 -0.047578514 0.0032041064 -0.03805482 -0.051208444 -0.07968249 -0.08947196 0.043555923 0.023310266 0.11338834 -0.043106694 0.008241722 0.046417672 -0.0805094 0.043135613 0.041580115 0.019192906 0.03758772 -0.056048926 0.043137725 -0.056432843 0.03644262 -0.037696343 0.059052654 0.088209644 0.035200644 -0.06790993 -0.072680585 0.098429434 -0.10774818 0.04517657 -0.038489863 0.05914565 -0.062430087 0.06819425 0.039898794 0.03450167 0.08317457 0.0069630374 0.09443664 -0.020144196 -0.029797643 -0.006480044 -0.021909542 -0.015245849 -0.015999386 -0.0766747 0.04429049 -0.013940373 0.04257891 0.0020841968 -0.096224114 -0.092805795 0.011491626 -0.039651085 0.037891414 0.021826478 0.07624235 0.103356995 0.09371282 -0.03244828 0.078791 0.086513154 -0.061688848 0.0890076 0.061822083 -0.05111317 0.03520266 -0.024834165 -0.048262086 -0.057876777 -0.07859889 -0.03156436 -0.016933797 -0.009521211 0.095625386 -0.08812549 -0.016243223 -0.09214149 -0.11395001 -0.056484867 -0.049449246 -0.031037379 -0.12920421 0.05501184 0.045556583 -0.044970278 -0.082176715 0.013685979 0.0037654852 -0.017903144 0.09690386 0.06295608 -0.046695083 0.097594395 -0.027530378 0.035923615 -0.042551722 -0.0049091317 0.019558579 0.069701076 0.008751959 -0.0002058136 0.053195473 0.07788903 0.08362873 -0.020295056 0.073996685 0.06388546 -0.014689672 0.051808387 0.020340307 -0.046672735 0.019603517 0.070158154 -0.09041989 -0.031960975 -0.054869864 0.04904155 -0.020247316 -0.05420098 -0.05628815 -0.03303304 -0.015619951 0.09616242 -0.01505639 0.015969828 0.044611476 0.0528091 -0.039402835 -0.061375957 -0.076908864 -0.022917707 0.095856585 0.042232696 -0.061228257 0.06257418 0.1220133 -0.08280656 0.07350365 0.0010673126 0.052493848 -0.051271565 0.07546614 -0.078275986 0.03709829 -0.115145825 0.0040722815 -0.02343935 0.02268545 -0.043583535 -0.0024098489 0.13033281 0.009163175 0.041241836 0.014958966 -0.083622985 0.0387534 -0.018827261 0.0228612 0.039903957 0.078870654 0.10078692
-0.05668578 0.022097668 -0.043872803 0.061822154 0.052824195 -0.00010629021 0.0370371 -0.043100893 -0.08816985 -0.10589444 0.017323107 0.032566145 -0.015046238 0.03016967 0.00084198045 -0.025617203 0.057358593 0.040549483 -0.03253315 -0.13025571 0.033930216 0.068183154 -0.06281671 -0.017365707 0.050093524 0.019919217 0.005614892 -0.055698916 0.005425794 0.024259174 -0.11211824 -0.076343104 0.050245807 -0.074220754 0.0292646 -0.04502781 0.03085679 0.03753431 -0.022190131 0.024772141 0.059039406 -0.07495251 0.048769284 -0.09158212 0.06343382 0.03156594 -0.069519736 0.084102534 -0.0120796375 -0.053312108 -0.051239204 0.020738125 -0.080113 -0.082424335 -0.10365937 0.11976322 0.019003138 -0.046453718 0.0072392197 -0.12059316 0.023382545 -0.009395968 0.10884895 -0.007057773 -0.095377445 -0.13721094 -0.0071548354 -0.046687346 -0.07092859 -0.06916137 -0.023435446 0.047426645 0.110283315 -0.0020946744 0.036426082 -0.012580637 -0.05910277 -0.0859725 -0.02181419 -0.039456178 0.035223372 -0.12010434 0.032526612 -0.040533934 0.06869762 0.11990677 0.023960892 0.062396117 -0.056548607 -0.17098814 0.11113068 -0.028892165 -0.0902868 0.042343892 0.01754212 -0.055926334 0.059733227 0.00071284134 -0.0016074453 -0.0850531 -0.017210975 0.07090075 0.042680405 -0.012827543 -0.010351207 0.068309784 0.02800404 0.07962109 -0.048008624 0.034054834 -0.12650114 -0.031630144 0.0015361375 0.016866801 0.08104001 0.03860142 -0.09252425 0.13055086 -0.058758177 -0.0031178775 -0.124162324 0.07744946 -0.059941597 -0.14909518 0.052192573 0.07084508 -0.054951258 -0.00519934 0.077982344 0.0675122 -0.07813472 0.0115200905 0.01070354 -0.11245641 0.012513096 -0.07649403 0.030005068 -0.011348457 0.102846496 -0.08846121 -0.034469154 -0.05869402 -0.069091745 -0.056925487 0.0652781 0.033076175 -0.10644538 -0.05796599 0.1081856 0.0659647 -0.016472567 0.11052038 0.09517719 0.073237896 -0.03816228 0.056625154 0.054276973 -0.05266538 0.06114977 0.08039402 -0.079897985 0.049018472 -0.06418637 0.00749946 -0.016202059 0.037227552 -0.035149656 0.11138023 0.068081796 0.040406466 -0.0188243 -0.0067916843 -0.074256025 0.06582732 0.13079804 -0.018662281 0.05287221 -0.032462828 -0.0795013 -0.11854086 0.10418707 -0.0136624435 0.02172819 -0.012091122 -0.041446872 0.052121334 -0.059379153 0.037457287 -0.050205197 0.058014467 0.0156221725 -0.07569084 -0.027481481 -0.06656066 -0.05536645 -0.019629987 0.042488944 0.018106125 0.060171463 0.08724337 0.034708776 -0.0014109605 0.025043735 -0.075013064 0.09657035 -0.06128896 0.040482227 0.039958782 -0.053993866 0.08273516 0.09463933 0.00089689175 0.045310717 0.00082146266 -0.032514736 0.07282578 0.11354857 0.1170748 0.019194197 -0.015391251 0.012533228 -0.028305262 -0.048032288 0.05920348 -0.0660042 -0.15194975 0.013337539 -0.048652355 0.0630399 0.042926632 -0.007948809 0.011205437 0.095214784 0.08244163 -0.01667944 0.011972689 -0.024979308 0.11661866 -0.0007651234 0.046168275 -0.10159455 -0.06637793 -0.034520026 0.052245118 0.11666083 -0.06569184 -0.049637426 0.056084152 -0.12965068 0.07647364 0.064819016 0.054489918 -0.011150811 -0.013003534 -0.103214435 -0.04756735 0.01667343
-0.02804144 -0.050565537 0.029699847 -0.055655118 0.108724274 -0.023898175 -0.083727986 0.09990098 0.07225423 0.1039441 0.079183064 0.013918186 0.015928546 0.07592971 -0.045488726 0.07562478 -0.074712105 -0.051036254 -0.062316902 -0.044491302 0.00050814037 -0.043284558 -0.031110559 -0.004982769 -0.061343133 0.09279732 -0.0067268005 -0.07007751 -0.018269619 0.045044813 0.059016213 -0.117153436 -0.020670388 0.002233953 -0.04600636 -0.009350882 -0.106661305 0.006166096 0.027281525 0.01975124 0.028160846 -0.05947611 -0.0034413405 0.052649736 0.04297491 0.07342705 0.042897142 0.07532335 -0.033631235 0.06799449 0.026228819 -0.0072722854 -0.06650122 -0.019194987 -0.1461044 0.028681586 0.053853035 0.08757241 -0.10508677 0.060532305 -0.03470239 0.01693489 -0.05863982 0.0502098 -0.061519146 -0.05197227 -0.073230945 0.046025142 0.09372795 -0.072270066 -0.018746959 -0.075421475 0.08247969 -0.02558328 -0.06917957 0.024062227 0.0653461 0.0014663808 -0.036516994 0.07378673 -0.036150116 -0.057614475 0.05431506 -0.01749596 0.07955452 -0.022094913 -0.09237136 0.06309564 -0.060276058 0.048789255 -0.022785122 0.019874414 0.009067792 0.113292575 -0.07029366 0.08572534 -0.051531743 0.06630039 -0.08600752 -0.08426484 -0.09076602 0.00095748395 0.07291279 0.014350891 0.05203355 0.0292931 -0.025596501 0.11591809 0.09824658 0.09472864 -0.09274552 0.0015639297 -0.09170419 -0.010772165 -0.09870596 0.056984734 0.051505417 0.07943062 0.035236645 -0.016505832 -0.019206205 0.11160549 -0.1457014 -0.054353543 -0.06861402 -0.081411354 0.06588885 -0.048461493 0.0043590954 0.07425384 -0.06988122 -0.04159107 0.058653425 -0.07152897 -0.023111703 0.056834165 0.056210022 -0.043545764 -0.004800603 -0.05721869 -0.028757041 0.00760351 0.015790615 0.043657452 -0.08243683 0.0804987 -0.042650983 -0.014551901 -0.00092498347 0.04635633 0.067383185 0.06171591 -0.0015685022 -0.06921302 0.046017163 0.07422436 -0.031660415 0.0435258 0.02473024 -0.040296122 -0.03450485 0.10548673 -0.07472501 -0.0023626648 -0.10654327 0.08432894 0.00930886 0.0108907735 -0.021604918 -0.09052625 0.024474515 0.087692894 -0.0982022 0.04688928 0.09320383 0.010887507 0.06874987 -0.0412624 -0.06752628 -0.041587804 -0.027152052 0.016942682 0.021113504 -0.018798245 0.03689911 -0.03377455 0.068723574 -0.035221186 0.05239737 0.09676221 -0.0072648316 -0.09718362 0.040148843 -0.05168454 0.09341122 -0.005601177 -0.06834982 -0.13611272 -0.07785338 0.03872402 0.019741755 -0.0407243 0.062088616 0.09270626 -0.04423614 -0.043237954 -0.02088221 -0.014370539 0.00047223398 -0.09761096 0.06297758 0.072575 -0.08343012 -0.11576601 -0.02273865 -0.030240344 0.12292246 -0.012697186 0.0555371 -0.022696272 0.027892249 -0.0017539455 0.026398914 -0.017432256 0.092706814 -0.068615064 -0.055800468 0.05281515 0.07451468 0.027909167 0.08511747 0.08962761 -0.0067438786 0.051656213 0.041901954 0.048551165 0.016181787 0.025968602 -0.014038295 0.07717416 -0.16575824 -0.038536534 -0.037513174 0.09606338 -0.050140593 -0.031782072 -0.091598764 -0.06948691 -0.039352085 0.043986306 0.059829224 0.13476041 -0.08511547 -0.0692506 0.07119696 -0.065029934 0.063248806
0.097803384 0.0069503454 -0.0040074512 -0.03585121 0.017823383 0.052167643 0.03517149 0.0003575794 0.0071770716 0.02221864 0.1125169 -0.04998737 -0.06623823 -0.03131073 0.05906142 -0.04919759 0.06538867 -0.044716574 -0.11182488 0.1195125 0.011145873 -0.018186012 -0.0696363 0.052643094 0.07104527 -0.058372606 -0.017140912 -0.018872691 0.099525884 -0.047493886 0.0711581 -0.1260114 -0.025534509 -0.041698813 -0.06605689 -0.040045332 0.03471171 -0.08619779 -0.002153553 -0.020451054 0.104675226 -0.012387876 0.1263881 -0.03728646 0.071074285 0.058245324 -0.009607685 -0.023741769 0.06557079 0.00726595 -0.04494681 -0.028141225 -0.085901745 -0.097158894 0.047159605 -0.09103306 -0.065105475 0.014839966 -0.035499528 0.11462141 0.11209731 -0.026531635 0.053823303 0.10629478 -0.052549552 0.12690921 0.05921258 0.030372253 0.0038950574 0.11184464 -0.024281828 0.00933698 0.090774104 -0.01149068 0.09610376 -0.033046637 -0.059240047 0.026809067 0.060806826 -0.038643587 0.01373979 0.10892555 -0.036982134 0.04901792 -0.015820997 0.06598394 -0.08462077 -0.0018567035 0.050550066 0.0641382 -0.1326892 0.04680864 0.08204023 0.055779204 0.022123162 0.037764147 -0.097156726 0.022631647 -0.08638189 -0.0986636 0.033415776 -0.0054473546 -0.023822475 0.0774946 -0.08843902 0.001759787 0.08164916 -0.035225883 0.033146378 -0.013758452 0.09985442 0.08528013 0.056025352 -0.08111797 0.014483567 0.033453476 -0.035800695 -0.0683872 -0.021118652 0.05943686 0.010718438 0.06654284 -0.08552086 0.027582185 0.02786965 0.08466763 0.10150496 0.043097377 0.014803152 0.036167484 0.0024701953 0.027829345 0.08336886 -0.045630902 0.033574957 0.06411417 0.121293984 0.09857175 0.041918673 -0.11110318 -0.031465188 0.06420509 -0.06516918 0.070659816 0.076901436 -0.034495022 0.10013802 -0.075020954 -0.090770096 -0.009184462 0.034309816 -0.09395134 -0.04654796 -0.10303819 -0.067246206 0.033622146 0.023070598 0.042702552 0.092691906 0.063489795 0.09590738 0.10321832 0.105238244 -0.077231556 -0.02885455 -0.084687665 0.09185101 0.08314903 0.054932058 0.06921343 -0.00981291 0.019421458 -0.037688892 -0.041340053 0.012950533 -0.09444187 0.023668122 -0.0028484587 0.064219475 0.03218288 0.09941568 0.032018185 0.046250008 0.065881535 0.031307712 -0.07100572 -0.1091154 0.07975212 0.0071927863 -0.114883654 -0.097511694 0.08531096 -0.015260882 0.04883653 -0.061329894 -0.015243738 -0.036439553 0.015731137 -0.042191792 0.126127 0.07666251 0.09838688 -0.0053839325 0.0490997 0.118657924 0.04663215 0.0185304 0.08048608 0.06296642 0.040290013 0.119669154 0.07032383 0.04626106 -0.06344158 -0.07853196 -0.048658136 -0.03416309 0.0331021 0.054213777 -0.06699425 -0.022679657 0.072227396 0.015395828 -0.054302786 0.045152426 0.053089615 -0.0013237536 -0.06366664 0.074712664 0.04189115 -0.055190552 -0.008130361 -0.05517102 0.0361121 -0.079360016 0.060105428 -0.01520739 -0.028643055 0.053813756 0.050245773 -0.09648636 0.026328314 -0.045827333 -0.013736266 -0.07361007 -0.050204065 0.033089027 -0.05356869 0.02954672 -0.09213268 -0.09716653 0.017864758 -0.13427566 0.05231394 0.04718558 -0.08989287 -0.101092815
0.068840615 0.05633785 0.060968358 -0.01967295 0.022932194 -0.061568502 0.07232042 0.06575151 -0.024964504 0.02546964 0.026253525 0.08918318 -0.061128616 -0.10854635 0.043426126 0.08813169 0.024548145 -0.073411174 -0.09863831 0.058622286 0.0028571186 -0.09744834 -0.08355568 0.015583059 -0.050947603 0.05006515 -0.026275778 -0.03486414 0.010493758 -0.00018378471 -0.080478884 -0.116055794 0.022413002 -0.110615894 0.05745221 -0.053673528 -0.083804876 -0.037302062 -0.076880775 0.010385915 0.05152172 0.11496002 0.0121097695 -0.07937859 -0.057707027 -0.0784297 0.04119045 -0.0033286826 -0.068087496 0.084429 -0.119169444 0.088019185 0.08479563 0.027704244 0.045740772 -0.020668091 0.06161178 -0.02840881 -0.07576294 0.10171717 -0.01489856 0.05590065 0.06788812 -0.03278849 -0.06907035 0.08002171 -0.1076875 -0.109349504 0.04687059 -0.097349614 0.06143443 -0.004189637 -0.09151367 -0.062244922 -0.04110751 -0.046529837 0.015528411 -0.037523884 -0.08722499 0.06386495 0.013766524 -0.09559498 0.051662784 -0.032303944 -0.07367666 -0.065819025 -0.069525756 -0.116304696 0.040880404 -0.014388961 -0.054081272 0.08030221 -0.053674355 -0.03947653 -0.08437103 -0.08696642 -0.039418615 0.00035269806 -0.04096416 -0.039552823 0.039596196 -0.026944779 0.06650899 0.050357677 0.075212926 -0.08549013 -0.024594933 0.09864118 0.05997813 -0.022725761 -0.029114354 -0.10030174 0.029645285 -0.0785496 -0.027576216 0.037703674 0.04134424 -0.045314673 -0.07556006 -0.03717687 -0.07713865 -0.034016393 -0.082552224 0.035740055 -0.01909645 -0.030446252 0.030370628 0.037410516 0.086686105 0.06995523 0.0028321866 -0.0119882915 0.006204362 -0.042753834 -0.0547125 0.017833447 0.042654637 0.05792212 0.040534884 -0.046714675 -0.019807056 0.0060140663 -0.07958572 -0.048303172 0.021087939 -0.031034257 -0.040468574 0.0191944 -0.015408998 0.015895367 -0.03417028 -0.09008591 0.05607109 0.03248907 0.07988193 0.081422664 -0.06955163 -0.09489468 -0.059407134 0.076840244 0.024683665 -0.057878092 -0.04765423 0.026007215 -0.0117503265 -0.012455759 -0.03196137 -0.08451422 -0.09880085 -0.037046697 0.07252237 -0.01802703 0.06519737 0.016730048 -0.09126061 0.026102588 -0.026466185 0.08100057 0.08971125 0.04812456 -0.08387209 -0.015803607 -0.01024471 0.00015609896 -0.060226664 -0.07125946 0.06811048 -0.042140238 -0.043192316 -0.034145396 -0.027888153 0.021586845 0.03348581 0.08124548 -0.021491928 0.0054804096 -0.042840783 0.042545248 0.023398668 0.049842827 0.08463317 0.09443356 0.046991296 -0.041221 0.025430026 -0.023885531 -0.05756263 0.04370137 -0.09406589 0.081835374 0.069015466 0.04248815 -0.079461455 0.06031559 0.06714706 -0.021481538 -0.08125469 0.035535913 0.011728739 0.07740778 0.07934494 0.0451674 -0.08707477 -0.008443129 -0.036487415 -0.114160426 0.013467667 0.00081893406 -0.076754056 0.033009503 0.07548486 0.032527126 0.07128481 -0.039875213 -0.05244989 -0.02430661 0.055845574 -0.033714145 0.0076549896 -0.030077793 -0.07339898 0.031070935 -0.013837778 0.07936643 -0.078792445 -0.04444361 -0.070369825 -0.08975397 0.080648266 0.09018731 -0.0065214993 0.05630014 -0.033822678 0.040425684 -0.053499136 -0.019748366 0.058412712
0.05995891 0.030208929 0.062119134 0.014651296 0.042043485 -0.05613351 -0.06991828 0.067170724 -0.0011238084 0.06743572 -0.048283663 -0.0032981753 -0.054049373 -0.06818986 0.12860702 0.022882301 0.15710188 -0.06929338 -0.08416055 0.068720125 -0.020424196 -0.04075377 0.04501908 0.042190075 -0.072849296 -0.028236577 -0.08332702 -0.0397293 -0.033395793 -0.017296977 0.018009027 0.11857045 -0.07753893 -0.14203706 -0.064890064 -0.13758808 0.029029794 -0.09366775 -0.09070695 0.10093371 -0.02873974 -0.03219601 0.039873634 0.08326977 0.006171141 -0.039889254 -0.053549055 0.090339065 -0.07604131 -0.12840056 -0.003439792 0.0016721744 0.015419827 0.058025 -0.005838092 -0.06757614 0.101219125 -0.01766296 -0.070492886 -0.013399842 0.053223997 0.04652789 0.045903265 0.07067652 -0.041354213 0.13727973 0.08776788 0.02515289 0.031290922 0.004893709 0.024165343 0.03521402 0.06971729 0.051744815 -0.056324344 -0.050186526 0.05229195 0.07768819 0.11543726 -0.017720046 0.0787213 -0.056655116 0.0035828343 -0.08770164 0.04027122 0.024138026 -0.05419247 -0.042444248 -0.102065995 0.09263858 0.064825796 -0.11388077 0.07326844 0.051531434 0.10206916 0.0067423144 -0.048674367 0.0113316635 -0.1044221 0.09408047 0.10160554 0.14353804 0.046287306 0.058030114 -0.07147085 0.026661973 -0.02135749 0.014246123 -0.03314983 -0.023448383 -0.14304376 -0.19870551 0.019146092 0.04088348 0.04208453 -0.016773721 0.0017997901 0.06808062 -0.020035444 0.04679524 0.028377103 -0.12029021 -0.07443122 -0.012214049 -0.13034834 -0.057909437 -0.057649612 -0.027944088 0.023695847 -0.087081574 -0.13521194 0.115673594 0.10228788 0.027310837 0.048440058 0.061458036 -0.0200117 -0.11273559 -0.022305822 -0.036887124 0.095422484 0.09495776 -0.016306374 0.01327236 0.041125514 0.03756029 -0.020000964 0.013544777 0.02298324 -0.004385096 0.065583386 -0.08408535 0.11809683 0.017213425 0.018355122 -0.11010121 -0.060964942 -0.13175574 -0.06931512 0.05319898 0.132055 0.008249656 0.07169167 0.04436046 0.07660312 -0.06505821 -0.0036722743 0.050223734 -0.016420236 0.010635235 -0.061873417 0.05723288 0.13931265 0.0927499 -0.044019893 -0.010038288 -0.075187616 0.085438564 0.035973787 -0.050425224 -0.08208074 -0.005982739 0.045547564 -0.053961422 0.03284955 0.07383887 0.10797228 -0.028488487 0.079277165 -0.050213438 -0.02817541 0.044397663 -0.071500495 -0.072397 0.012370495 0.08824041 -0.08845077 -0.038390845 -0.107935056 0.0080112405 0.06603352 0.11969354 0.11305856 -0.050852936 -0.015353331 0.061650056 -0.14168036 -0.009951108 0.08082986 -0.028774722 0.03097531 0.008322885 -0.08518999 -0.06386222 -0.03930568 0.00036193748 -0.0798064 -0.07328163 -0.1219273 0.002072866 0.05054424 -0.049119327 -0.038574457 -0.09937282 0.11016704 -0.053663857 0.13832176 0.050334655 0.04816021 0.10688044 -0.10164377 -0.11658087 -0.09883187 -0.04080822 0.11611898 -0.030632505 0.018934377 0.024293076 0.020155232 0.089256294 -0.0317429 0.13541347 0.02950872 0.066059485 0.060132053 0.049255874 -0.054177564 0.013808637 0.06802502 -0.055307362 -0.04267072 0.030304255 -0.047201317 -0.041550543 -0.08348827 0.037047625 0.06600996
0.1340995 0.009418794 0.05864101 -0.019794077 0.096936576 -0.028513577 -0.06211908 0.026433006 0.06741462 -0.09325832 -0.0603159 -0.044976525 -0.08826464 -0.016042003 -0.0034540475 0.059864487 -0.04441246 -0.025271878 -0.03222087 0.010069055 0.03947336 0.039477337 0.009158493 -0.05298922 -0.050109766 0.012253771 -0.05384854 0.037455466 0.10074563 0.07724986 0.029764323 0.1024558 0.05782327 -0.025495173 0.03336156 0.04009593 -0.09608304 -0.035261877 0.046427924 -0.05229511 0.016762752 -0.07628888 0.069910735 -0.0029964163 -0.018712739 -0.090854146 0.032270934 -0.026410647 -0.08354398 -0.06547388 -0.021139868 0.07232796 -0.033559736 0.050653912 -0.05859636 0.03126383 -0.032639936 -0.099001564 -0.06831515 0.01200183 0.078171216 -0.08593149 -0.07327923 0.03987868 -0.04587959 -0.09039985 -0.11042755 -0.020138381 -0.043385092 -0.09936067 -0.004733242 0.0744063 0.15999132 0.050647546 -0.052037627 0.053216744 -0.0824537 -0.039962616 0.083489306 -0.10358253 0.019981835 0.06557682 0.10797421 0.08208192 0.06290583 -0.035180602 -0.021720119 -0.04182232 0.0814837 -0.024105718 -0.10454463 0.12158112 0.0068468004 0.021436298 -0.0056725573 0.022528166 0.044657152 0.06555348 -0.04796506 -0.027695145 -0.06958613 0.085755825 0.055885877 0.081711784 -0.017796392 0.024926819 -0.08777832 0.04227307 0.09024774 0.002633528 0.0879753 0.0127821835 -0.08757709 0.030954685 0.071879536 0.050363418 0.0062239477 -0.09730587 -0.06895964 0.016445398 -0.00022079752 -0.08654054 -0.11197987 0.04533306 0.15434404 -0.05830577 -0.044019535 0.058145538 0.11936284 0.09252444 0.015956605 -0.010213832 0.047979683 -0.105487704 -0.040841002 -0.08599946 -0.08249955 -0.01807391 -0.023539802 0.021322401 -0.016657853 0.0815776 -0.06405484 0.04944172 -0.11233174 0.07705721 -0.12631126 0.008822773 -0.06730494 0.05145238 0.11777036 0.015273339 -0.10193974 -0.09681275 0.10401919 -0.02048815 0.03227215 0.055251874 0.088399075 -0.0143393 -0.006095463 -0.047355663 -0.014398324 -0.09447349 -0.11822871 0.043346684 -0.0641741 -0.0175505 -0.050811198 0.07188645 0.09976234 0.10205813 -0.0012026804 -0.101518095 -0.031555433 -0.07277817 0.011987177 0.043249942 -0.009185158 0.07740721 -0.06989102 0.055171497 0.04629745 -0.06803228 0.09012591 -0.068118766 0.06322164 0.042672127 0.0048750318 -0.072408356 -0.008278 -0.081040666 0.11816458 -0.0728855 0.035464212 -0.06959567 0.008105941 -0.06427448 0.02922667 -0.06495197 -0.081308074 0.086459085 0.036933422 -0.045079134 0.091338165 0.0009887087 0.08293764 -0.048431333 -0.092283405 0.07768822 0.034217685 0.07400578 -0.09286504 -0.13608645 0.053450916 0.018348254 -0.040159322 0.06800693 0.11368988 -0.01690715 0.034983944 -0.043843716 -0.018992925 0.08606022 -0.040232655 -0.03976429 -0.09935498 0.06687865 0.019427931 0.027034601 -0.08015629 -0.032365248 -0.020178573 0.018367203 -0.0010527034 0.048483733 -0.08441201 0.12029809 -0.05141419 0.09514438 0.056393784 -0.06892124 0.070774235 -0.0214992 0.0581454 -0.026002046 0.085099265 0.04402682 -0.031369776 0.01856871 -0.12284336 -0.014173516 -0.03174495 -0.04930905 -0.10559997 -0.05999889 -0.09441582
-0.09882602 0.03970204 -0.04708819 0.07511886 -0.070271544 -0.019261524 -0.055387568 0.042355496 0.033067897 0.12869023 0.051962093 0.046576474 -0.034746982 0.061211515 -0.040659297 -0.016737176 -0.019985609 0.022895606 0.040861614 0.05153733 -0.007877486 -0.0017125827 -0.06371943 0.11906465 -0.03881295 0.02186202 0.06019855 -0.07766332 0.07437439 0.046575796 0.03331977 0.074401475 -0.024888538 -0.05049513 -0.035499137 0.13369484 0.060132567 -0.010827531 -0.012190675 0.050410252 -0.011262418 0.024620563 0.015406711 0.016195035 -0.022184318 -0.014040088 -0.027305584 0.07802084 0.087089784 0.08775634 -0.0206832 0.14771736 0.058690276 -0.043105576 0.037484538 0.030929288 -0.07724942 0.050134256 -0.086966194 -0.033303127 -0.03860681 0.049411498 0.06007675 -0.08716139 0.0035667804 0.11682068 0.026930269 -0.043317508 -0.07157969 -0.08172761 -0.07251418 -0.03330487 -0.056063365 -0.101112194 0.082051724 0.035411373 -0.015127335 0.059959672 -0.017286293 0.02109741 0.04392177 -0.025930272 0.064452395 0.001475304 -0.06579504 0.027376939 -0.06402452 -0.068958856 -0.07043515 -0.06891903 0.028057149 -0.005633824 0.06717976 0.0788184 -0.10963395 0.10834344 0.11492133 -0.026430476 0.012940483 0.007432844 -0.09548774 -0.099185735 -0.008850676 -0.048586663 0.00723802 0.08095951 -0.093795314 0.01602855 -0.01136235 -0.05685947 -0.06779297 0.10738952 -0.053344708 0.0622975 -0.10369859 0.09349119 0.032193158 0.06681861 0.07640482 0.10374974 -0.03285534 -0.008591717 -0.1033263 0.11171541 -0.0058838786 -0.018377056 -0.058996353 0.019189937 0.11171957 0.015387089 -0.014055153 0.02225943 0.06810842 0.02333274 0.05356101 0.042114418 0.057072755 0.007170007 -0.038261477 -0.010491789 0.036471937 0.05072711 -0.06792313 0.06224127 -0.020748712 -0.0035451115 0.054961644 -0.0982405 -0.06407263 -0.0795046 -0.016738966 -0.027312074 0.07909084 0.08350702 0.037628572 -0.02859298 -0.10269249 0.103324294 0.06928139 0.04972148 -0.004705362 -0.08489045 0.059223264 0.092418164 -0.062846 -0.049021073 0.10992041 0.033756703 -0.07930594 0.045480464 0.08564533 0.093949825 -0.04669232 -0.03997044 -0.042351708 -0.057754956 -0.01104865 0.053399008 -0.024667999 -0.020641701 0.050820492 0.11964203 -0.093121305 0.048100855 0.10116622 -0.05996697 0.080537155 0.10893625 0.0505066 -0.03189944 -0.08790616 0.09364653 0.037054375 0.0012241171 0.051580947 0.046867743 0.011560805 -0.046341475 -0.06378302 0.104257025 -0.03148169 -0.010657573 0.069924936 -0.08391864 -0.090203695 0.044122025 -0.036774416 0.04117236 0.08272231 0.08746952 0.016160494 -0.09765252 0.05924632 0.06794848 0.021598281 -0.06459652 -0.07735548 -0.03535718 -0.06555112 -0.025603518 0.10181124 -0.033566147 -0.070445806 -0.048816055 0.052100122 -0.021053798 -0.08932134 -0.014970545 -0.05788508 0.027904166 -0.0024958106 -0.03475733 0.05125278 0.022082848 0.10848799 -0.085059926 0.074065164 -0.030889234 0.07841612 -0.028444897 -0.011485983 0.06703465 0.09382112 0.07736556 0.014848169 -0.14280863 -0.07576449 -0.0699751 0.0922996 -0.05194487 -0.024358157 -0.020667426 -0.046427608 -0.082298405 0.11193812 0.07368111 -0.016910378
0.058684118 0.09253783 0.05307554 0.056573942 -0.024247317 0.07924804 -0.02515445 -0.09738568 0.008816906 -0.019435639 -0.0062424904 -0.016851338 -0.008804531 -0.0690614 -0.05253468 -0.06690041 -0.020515716 0.0873653 -0.08899747 -0.066216 -0.054824114 -0.06385988 -0.06517001 0.042658724 0.038693726 -0.038423523 -0.048283897 0.045245074 -0.08436465 0.06760214 0.017272873 0.081238426 0.055087827 0.015303764 -0.09459455 0.09562055 -0.021092772 0.05961849 0.06957938 -0.105957516 -0.044205513 -0.043631576 -0.023448044 0.04064423 -0.07872427 -0.07406568 -0.046363246 0.04421569 -0.009657214 -0.04117699 -0.004691194 -0.08745663 0.027053695 -0.05421536 -0.061078798 -0.05003489 0.0140483575 -0.021908743 -0.08324443 -0.05066082 0.03356389 -0.07846367 0.038741782 0.055055875 -0.057115577 0.053407487 -0.05565486 0.01809203 0.040028755 0.028528417 0.003510278 -0.0147914775 -0.05047839 0.037504006 -0.030957868 -0.011585023 0.023303363 -0.07556916 -0.060603317 0.08772419 0.02671213 -0.08213533 0.08728672 -0.03594711 0.06405749 0.0028150685 -0.060066897 -0.030366777 0.010782078 -0.034695696 0.061841574 0.07447133 -0.050744593 -0.028285092 0.010685628 -0.02405019 0.0709846 0.0753268 -0.07859851 -0.06328335 -0.020065311 -0.10060589 0.04611079 -0.03494128 -0.0884873 -0.09753527 0.026268737 -0.0744709 -0.08664162 0.023450896 0.04016146 -0.07319332 0.074115574 -0.085412666 -0.07251103 -0.052332245 -0.06966396 0.08055594 -0.07676629 -0.07699336 0.10194135 0.010117247 0.09178604 -0.024672987 0.086980745 0.025508545 0.074125886 0.029870167 0.023570921 0.10089406 -0.016855687 -0.069082096 0.05009839 0.059869844 0.005531623 -0.06810622 0.021428144 0.06441446 -0.0583925 -0.08860662 0.01109125 -0.06158608 -0.0727875 -0.01006234 0.07349744 -0.060219966 0.08474497 -0.07568663 0.0011213399 0.0062345476 -0.022589432 0.057705436 -0.0077794925 -0.073768385 -0.1058249 -0.0008208372 0.046780217 0.073861964 0.05942885 0.019784305 -0.059759546 0.00858175 -0.08990996 -0.102162786 -0.052822232 -0.10259817 -0.0448242 0.038683195 -0.03163705 -0.07143562 0.034337316 -0.099429 0.017775241 0.07979876 -0.04892369 -0.05318849 -0.09890815 0.05197124 -0.02954552 0.07417869 0.04271342 -0.10911244 -0.108848974 0.025010293 -0.031890232 0.07739246 0.07696513 0.06235161 -0.079534255 -0.026545577 -0.042057946 -0.10103119 -0.07347849 -0.10564176 0.02086527 0.05826223 -0.086043105 0.067515545 0.0865008 -0.067759685 -0.02248104 -0.026032982 0.07763807 -0.08711134 0.009668931 -0.07804902 -0.035984628 -0.102747336 -0.032216948 -0.031613357 0.061025698 -0.076950416 0.01710981 0.05486346 -0.01872097 -0.03816682 -0.08612178 0.101821885 0.006277435 -0.040895138 0.07451553 -0.015009456 0.00029554468 -0.0025941657 -0.06461794 0.049942665 -0.07683457 0.09296757 0.035219364 0.07817325 -0.048133887 0.04992259 0.016536603 0.004605316 -0.08860984 -0.047939867 0.10646849 0.064953744 0.059315253 -0.04946872 -0.10024043 0.035106275 -0.0041376473 -0.043107357 -0.055637244 -0.014611261 0.045305155 -0.011437107 -0.091797866 0.0129341595 -0.0051925816 -0.09092797 -0.021368373 -0.08390605 -0.026066264 0.08042999 -0.0125773745
-0.048309125 -0.06545658 0.0068244995 0.081036635 0.011739625 0.023350766 -0.08138212 0.055240344 0.09816072 0.08777296 -0.06570801 -0.016014231 0.0030318387 -0.119050466 0.03438947 -0.072460145 0.048171975 -0.11122896 -0.07901545 -0.025391668 0.08446215 0.013682225 -0.08976654 -0.10784791 -0.03819252 -0.040384267 0.0185167 0.117004916 0.062081866 -0.11188104 -0.047266215 -0.039158605 0.0044780103 0.055707924 -0.032442585 -0.111041844 -0.090535425 0.013702849 -0.0030710502 -0.008699511 -0.014444714 0.048860274 0.06941622 0.078532234 0.09932428 0.03723849 -0.06512779 -0.007851453 -0.0008655022 0.012186677 -0.04008104 0.113924816 -0.06555715 0.05324888 0.12764587 0.038164265 -0.07167533 0.050529197 -0.08391729 -0.111045405 -0.04193142 0.047557298 -0.037533734 0.07946235 0.099933736 0.016422011 0.08371185 0.09353916 0.0073824413 -0.08626663 0.0019985295 0.103869386 0.014973065 -0.030837229 0.024291947 0.0626245 -0.034093 -0.024163907 -0.08650246 -0.057429694 -0.050120726 0.052378185 -0.10113749 0.09435915 0.066711344 -0.05231833 -0.12753673 -0.1216005 -0.0754356 0.046710066 0.10884724 -0.03363334 -0.013494693 0.09810668 -0.06272461 0.06700514 -0.04419513 -0.13838759 0.08540006 -0.05529716 0.002987805 -0.024169588 0.0057496135 0.03681694 -0.002109619 -0.009862268 0.036867503 0.0071914652 0.032402832 -0.11681395 -0.047696706 0.03823024 0.09139016 -0.045321386 0.08130123 0.09023662 -0.03335593 0.10455037 -0.030471217 -0.07969442 -0.080347836 -0.1392023 0.047503516 -0.086087026 0.116388746 0.14369646 0.05618044 0.07639742 0.15025948 -0.07365908 0.05184986 -0.101946615 -0.08863521 0.08095518 0.02845254 -0.09591628 0.040953435 0.0691518 0.023665141 -0.057410218 -0.07679906 0.08401389 -0.07705504 -0.03661781 0.024985917 -0.009138448 0.05234674 -0.08093477 -0.027420657 0.11546183 0.07489808 0.0040328624 0.035844587 0.114206225 0.022433523 -0.011277943 0.03902605 -0.05532006 0.061680265 0.011806838 0.11328738 0.10789094 -0.019359358 0.1067583 0.056124315 -0.09330798 -0.01207402 -0.0680814 0.06552288 -0.016902778 -0.11518525 -0.086642124 0.07894112 -0.10594053 -0.0376976 0.092944354 -0.054240074 -0.09994058 -0.021317689 0.09770123 -0.0085894875 -0.08872947 -0.014243322 0.06399101 -0.042425912 -0.051476885 0.09221166 0.0024117471 -0.01906544 0.04490109 0.003054736 -0.031985156 -0.018835722 0.059756745 0.09232651 0.046885062 0.029376496 0.061669745 -0.06327297 -0.01999794 0.049451936 -0.028652716 0.03245112 -0.07710621 0.033150464 0.016280593 -0.040026143 -0.030815512 -0.08594015 0.11575416 0.05707149 -0.042282764 -0.003274767 0.07254212 -0.05004348 -0.074549764 -0.041221194 0.010881323 0.04323513 0.03744297 -0.095316 0.0053248154 0.07605971 -0.022439137 0.0244059 -0.025942408 -0.0016656112 -0.0809763 0.043908436 -0.011237595 -0.059880696 -0.11226637 0.008007839 -0.015826823 -0.0034785406 -0.056104746 -0.06336709 -0.021173345 -0.06371953 -0.005600142 -0.07167677 0.087667674 -0.004854506 -0.07286396 0.089306615 -0.021935515 0.10082734 0.07453379 -0.050458953 0.025028342 0.020656697 0.014358523 -0.045558713 0.01798753 -0.11155516 -0.07935143 0.05604419
-0.006814329 0.048084304 -0.054623708 -0.06557911 -0.014870356 0.097459435 -0.0957911 0.02569254 0.008344921 -0.12219603 -0.048916798 -0.040645428 -0.07342226 0.0076849377 0.070306644 0.006357434 -0.012280505 -0.1271679 0.06526639 0.07508857 -0.044548314 0.0243036 -0.049918488 -0.038062107 0.051597543 -0.030015051 0.08996127 -0.04041635 -0.092019804 0.03296535 -0.03262404 -0.09308335 0.026693003 0.047665678 -0.06349218 -0.026128324 0.05145691 -0.0790761 0.007302186 0.027164767 -0.023019565 0.014530474 0.03641135 0.047979154 -0.024271954 0.027286837 0.004730101 0.073359124 -0.112793945 0.016281148 -0.0712722 -0.097879335 -0.094580814 0.0008716598 0.084662154 0.04311557 -0.10667678 -0.02357564 0.009412242 0.078393444 -0.10032076 0.07365758 0.08929651 0.071149275 0.08876905 -0.10835801 0.025383186 -0.116037145 -0.049683537 -0.017879874 0.08630595 0.034630254 0.090383284 -0.037018154 0.07297486 0.0867303 0.029366303 -0.034450185 -0.010043704 -0.10762681 0.0720991 -0.05885903 0.019871965 0.089118704 -0.008510634 0.013498713 0.10966014 0.06157193 0.008899526 0.11988949 -0.07910776 0.11833275 0.0067656646 -0.01718616 -0.10337602 -0.003738463 -0.00903257 0.09245898 0.015448488 -0.06958972 0.08310573 0.06443443 0.02909671 0.046243954 -0.01655267 -0.056630008 -0.07796439 0.034036454 -0.057136998 0.03888528 0.0034720756 -0.0147119 0.044905595 -0.009171143 0.072888255 -0.007570511 -0.06972723 -0.09211592 0.11564756 -0.08289037 0.079893865 0.049068738 0.046843696 -0.07547255 0.04837358 -0.01822528 -0.0351329 0.022297796 0.04120791 -0.07252021 0.017944627 0.013833926 -0.08511293 -0.014593769 -0.058991678 0.017040227 0.06684996 -0.065716244 0.082399026 0.082464814 0.02826151 -0.039154973 -0.044463683 0.091226995 0.08623089 -0.092795424 -0.10498182 -0.0125190895 0.024259288 0.04301753 -0.06596993 -0.095680565 0.045799572 0.054716256 -0.059550248 -0.030887011 0.021987658 -0.06631909 -0.045010917 0.07294303 -0.07825989 -0.0039397995 -0.04539427 0.14656188 0.05205555 0.01147561 0.0053111846 -0.05692805 0.1257957 0.089905545 0.06312393 -0.0054598143 -0.047423195 -0.02310485 0.10772247 0.031009993 -0.09227509 0.0007491574 0.14721574 0.084435165 -0.0046622297 -0.018631022 0.021807095 -0.080312185 0.008232074 0.07547805 0.032694552 -0.090026535 -0.06615917 -0.08773105 0.10884428 0.088124 0.029595941 -0.027835311 -0.100138195 0.09279055 0.15026444 -0.10658838 0.020130426 -0.03484937 -0.0049583716 0.008646963 0.06498881 0.032853637 0.10795647 -0.055307932 -0.007041612 -0.00067582226 0.08753471 -0.08225145 0.037492428 -0.00258417 0.11654911 0.06883897 -0.05538458 -0.09384481 -0.01929136 -0.07887436 -0.03955759 -0.13989566 -0.0070282994 -0.030549891 -0.05009701 0.024490083 0.033097226 -0.017468484 -0.015702331 0.13022344 -0.052731417 -0.020613989 -0.027935972 0.048113327 -0.049108557 -0.08610036 0.042740405 -0.036017183 -0.04439261 -0.038231272 -0.10084494 -0.02043837 0.023889147 0.050199397 -0.10208032 -0.06245629 -0.09703559 0.07886282 -0.029118545 0.0021386454 -0.04867153 -0.036785677 0.09595783 -0.0029258972 0.015374269 0.07346368 -0.06291114 0.073758684 0.026245538
0.07831066 0.09965067 -0.081115335 -0.00027858035 -0.070296995 0.07719515 0.07357946 0.097497 -0.017842792 -0.054705728 -0.07146864 -0.048076008 -0.018082878 -0.019238047 0.00844157 -0.05754838 -0.057837486 0.013959788 0.018306753 0.10858678 0.03345142 0.022970347 -0.04701921 0.09371011 -0.08816804 -0.046446968 0.055575818 -0.02324237 -0.092481524 -0.03215487 -0.05036089 0.06691722 0.02254409 0.06863236 -0.06644184 -0.08651742 0.054449644 -0.016495613 -0.055259753 0.042434283 0.07379712 -0.002989712 0.03279927 0.0110606 -0.028462635 -0.006191255 0.015633306 -0.07897092 -0.04537062 -0.05044401 -0.10265859 0.104813546 0.07353773 0.07145652 0.08024746 0.016508661 -0.06833044 -0.08845963 0.005419191 0.12133598 -0.06718259 0.09417748 0.080681086 -0.11645539 -0.07722387 0.047545098 -0.018610097 0.030387873 -0.023794733 -0.04364075 -0.031730007 0.07168304 -0.07500867 -0.0039956877 0.0648984 -0.080283225 0.070830815 -0.070132285 -0.08971165 0.052447144 -0.10010208 -0.091374986 0.019961419 -0.003912191 -0.000051357878 -0.01251601 -0.05039042 0.07760372 -0.09210271 -0.091817684 0.04354333 -0.078704625 0.051219437 -0.001987256 0.016084729 0.08893045 0.065874554 -0.022144102 0.059275426 0.07452569 -0.09175051 0.0152303465 -0.02452553 0.047380276 0.06893611 0.059300166 -0.09135553 -0.0016201566 0.0740698 -0.03155795 -0.04085213 0.10944418 -0.0652362 -0.06600282 0.040259365 -0.06379328 -0.012151922 -0.023926001 -0.076078385 0.06562854 -0.013414569 -0.027344642 -0.031838745 -0.06874826 -0.10249409 0.0050650965 0.027609631 -0.07442005 -0.09518864 0.046599872 -0.070583306 -0.0049938275 0.09890552 0.09329387 0.022299562 0.060007483 -0.062249407 0.0013116997 -0.017392669 -0.03971259 -0.011192066 0.014033921 0.046549745 -0.007629515 -0.04385273 0.09685429 -0.019427264 0.041137543 -0.097381294 0.012342313 -0.039438937 0.081388 0.02115945 -0.02953343 0.087071225 0.001382176 0.038174294 0.10516269 0.033277877 -0.096277654 -0.123147465 -0.025273137 -0.038191095 0.05191627 0.034461234 0.097745724 0.019650318 -0.01904675 -0.06955611 0.059062567 -0.021680705 -0.049515527 -0.06612615 0.02113696 0.10031473 0.024356497 -0.11344292 0.1422502 -0.05870692 -0.0362744 -0.0791494 -0.00047005623 0.015366667 -0.048376404 -0.08934823 0.029541913 0.00395295 0.027921703 0.03530413 0.0626084 0.07329241 -0.0663275 0.04195218 -0.057928 -0.08235569 -0.033216894 0.025405701 -0.05337122 0.07146692 -0.027086828 0.062317707 0.051677637 -0.09538182 -0.0046128333 -0.07991441 0.02106531 0.0017074641 -0.07613521 -0.04203053 -0.0025220974 0.027766414 -0.0540975 -0.03855489 0.028394852 0.011031575 0.06833007 0.08905726 0.10240164 0.072838254 -0.047296546 -0.067820676 -0.023834227 0.0838958 -0.056293838 -0.0009058157 -0.056768786 -0.07809564 -0.03439128 -0.09438754 0.07538247 -0.11602104 -0.039363932 0.06711383 0.04020235 0.06106418 -0.0139325885 0.020832265 0.017259793 0.07219883 -0.018783933 0.037361726 -0.06369535 0.083074845 0.09376423 -0.034283657 -0.07363571 0.07560918 -0.114101775 0.07020834 0.048848256 0.08082893 0.10869608 0.034950316 -0.07182156 0.035383523 -0.102840796 -0.071161605
-0.06552983 0.10273763 -0.0681335 -0.0035415406 0.0697504 0.011384995 0.038504835 0.074161045 -0.005081482 0.0339308 -0.08531011 0.0384653 0.014429782 -0.06335322 -0.040106986 -0.022142366 0.022053817 0.0095195705 -0.016218554 0.04835554 0.031239407 -0.037792433 0.08861148 0.081980824 -0.038340002 0.019741531 -0.0012520482 -0.14124365 0.08533021 0.0131224105 0.040734038 -0.03788023 0.08172584 -0.07287845 -0.037511326 0.09995072 -0.089202985 0.08671511 0.051158197 0.12037965 0.039038677 -0.08750665 0.0364293 0.065717 0.07325496 -0.08345845 -0.054798935 0.025349418 0.036121245 -0.06558025 0.03773728 0.05391963 0.092754826 0.048323303 0.020764112 -0.08668505 -0.024090515 0.01128746 -0.0570885 0.0032292185 -0.074142 0.061153106 -0.0024639198 -0.07360876 -0.08438097 0.06026991 -0.030447824 -0.042295314 0.044105373 0.019411903 0.07657927 -0.024981607 -0.050138764 0.011462824 -0.041565187 -0.045836616 -0.004293967 -0.046347257 -0.09103321 -0.053953994 0.037038855 -0.007448048 0.049330518 0.0980661 -0.07237919 0.05657224 -0.039359964 -0.017832821 -0.029589023 -0.055518884 0.052083954 0.074998625 0.09611623 -0.06367538 0.076981865 -0.04656618 0.097350106 0.007508727 0.04775063 0.042805932 0.13325515 0.04117228 -0.03273581 -0.085356995 0.05973014 -0.020838546 -0.05388469 0.042688403 0.13200696 -0.07728421 -0.038920432 0.00098278 0.025567183 -0.05513711 0.018331567 0.056649067 -0.019954907 -0.00014326638 -0.03467428 0.024081802 0.058131013 0.10924213 -0.0968506 -0.059064284 -0.0466473 -0.03746853 0.08157242 -0.11060125 -0.014222068 0.04436601 0.04075949 0.09639445 -0.03980519 -0.08034456 0.03049435 0.058391515 -0.103275605 -0.0015565004 -0.10427097 -0.04439759 -0.030017909 0.08139497 -0.094691336 0.013611941 -0.07881412 -0.062291767 0.06316985 -0.10065503 0.06459404 -0.041225336 0.008502119 0.042660937 0.0719185 -0.012732523 0.013865304 -0.007919642 -0.03601556 -0.0008426357 0.018010857 0.099678256 0.06923094 0.1113776 -0.016325578 -0.09477108 0.07186135 -0.048366357 0.07161702 0.053408265 -0.0154209165 0.07288912 0.077611186 -0.05678474 -0.12652916 0.022721604 0.058020383 -0.075305045 -0.082678095 -0.009607519 0.061099928 -0.059772585 0.05342885 -0.007174503 0.0093439445 0.09075719 0.11511583 -0.08445832 -0.07401033 0.078130536 0.11126868 -0.07145938 0.045883548 0.050606135 0.021584481 -0.026602598 0.023879241 -0.067169726 0.10057456 -0.0010412119 -0.032477878 0.102188915 0.09952542 -0.042378306 -0.039772246 0.042348705 -0.04429936 0.04296014 -0.02747385 0.06902775 -0.06711733 -0.027882153 -0.030128904 0.06771466 -0.007025466 0.024633856 -0.037845794 -0.09441309 0.025116706 -0.04675379 -0.044446886 -0.017675705 -0.036958884 0.014482074 -0.011039001 -0.025034804 -0.08314147 -0.07092175 0.1025263 -0.028900506 0.020013733 -0.070392 -0.061941147 -0.037981298 -0.087590314 0.03771759 0.0015884083 0.023023415 -0.06893082 -0.0075470195 -0.11991406 0.12218584 -0.13969333 0.033229034 0.089790896 -0.06070825 0.12911755 0.057768 0.09634038 0.043116696 -0.055114977 -0.028455155 -0.022443846 0.047688633 -0.13430698 0.06686924 -0.043033723 -0.044090867 -0.07418892
-0.07281106 -0.02422974 -0.04425186 -0.036613323 0.0022375665 0.07802531 -0.023314372 -0.08872303 -0.044506796 -0.08568449 0.033282775 0.041148946 -0.07792046 0.093683995 -0.1009322 -0.041463606 0.0013215645 -0.020992 -0.015503835 0.038929824 0.0044293865 -0.08423896 0.08021977 -0.055763625 0.0007700596 -0.08281377 0.04038596 -0.021469807 -0.04939842 0.014645569 0.09049879 -0.027947666 0.07409023 -0.052197374 -0.01585568 0.066108935 0.09281412 -0.04149304 -0.07893576 0.06817136 0.08006673 0.05499366 -0.009840765 -0.050662305 -0.09473578 0.083010614 -0.08202588 0.04818311 0.100910336 0.075694576 -0.07367019 0.07598662 -0.008563723 0.019816108 -0.021042788 -0.08393087 0.037334453 -0.011521812 -0.039309017 -0.08578373 0.051846962 0.063583985 -0.06825217 0.010573035 0.02789972 0.038288534 0.07723992 0.09116594 -0.030021256 -0.07846921 0.009763166 -0.032852076 0.05988363 -0.029661922 0.04337139 -0.09896783 0.041341964 0.0006002285 -0.03392221 0.08639073 -0.101186216 -0.09664607 -0.09922821 -0.07255337 -0.01725233 -0.0012480065 -0.06014162 0.051806595 -0.067549445 0.096570514 -0.04253645 -0.0014059878 0.090124175 0.014289356 0.08511536 -0.08388533 0.070828766 -0.039448276 -0.031317666 0.004195728 -0.08364679 -0.076241404 0.090206996 0.05653679 -0.024425011 0.049010873 0.03941991 -0.07389495 -0.0432632 0.0582047 0.0024211193 -0.099537715 0.041249845 -0.014014446 -0.0864706 0.00053296646 -0.03681356 -0.092553236 -0.09387496 0.021665476 -0.09679269 0.09920591 -0.031748053 0.06429442 -0.022364255 -0.07749459 0.027709823 0.062372033 0.015974274 -0.056880828 0.013811122 -0.03571354 -0.012248945 0.043113735 0.056705322 -0.016032634 -0.025420032 -0.065540515 -0.06621233 0.09437772 0.00011112939 -0.04485156 0.06375325 0.039730884 -0.039660007 0.07049843 -0.05842506 0.06013094 0.054025818 0.04925684 0.026797352 -0.029014474 0.095315516 0.02310249 0.08011838 -0.055837456 -0.07513449 -0.023203228 0.095830664 -0.083349265 -0.0057742437 -0.008855472 -0.0899983 -0.09286096 -0.06260509 -0.009604891 -0.06275295 0.018361934 -0.088410765 0.10085577 -0.09269163 -0.068632826 0.034109958 -0.07310882 -0.060544368 0.04335625 -0.09985763 -0.055415843 0.04232207 -0.050612032 -0.01977151 0.077006154 0.037693333 0.030266369 -0.0511946 -0.07330611 -0.07626974 -0.00036574685 -0.0661639 -0.023318546 -0.03767501 0.09210242 0.013084911 0.0026336717 -0.059289537 -0.042668223 0.03474417 0.074418314 0.088453725 0.052298106 0.017878601 -0.03967693 -0.0630421 0.055071738 0.037550505 -0.009626102 0.019606747 -0.078168936 -0.033469863 0.007350582 0.038410664 0.070141606 -0.048153188 -0.082724534 0.06115296 0.014656933 -0.03909195 -0.0045101414 -0.07974179 0.088253304 -0.06711216 0.03850258 -0.03784853 0.02267888 0.034656342 -0.09340476 -0.003898512 -0.04127698 -0.079803064 -0.024735305 -0.07452089 0.0031445406 -0.0019275233 -0.009241856 0.048942566 0.06963498 -0.06894672 -0.003639857 0.0037825657 0.038810987 -0.0894188 0.06684466 -0.039115846 0.09860469 -0.042939533 0.017237896 -0.046466082 -0.017752144 0.08156629 0.06041461 -0.06063833 0.04788436 -0.028530428 -0.07474303 -0.015304493 0.091497466 -0.007430658
-0.09730146 -0.05921152 -0.086488925 0.032638304 0.066922024 -0.07189597 0.05276971 0.0005841352 -0.08044015 0.0150969755 -0.077346414 0.08223436 0.04667005 0.0793571 -0.0023203965 0.021893945 -0.10119096 -0.0036282938 0.024284372 0.029321851 -0.099389955 -0.13464025 0.030735262 -0.006330822 -0.061260384 0.010664493 0.044829566 -0.0359668 -0.054108765 0.009645307 -0.04024213 0.010210104 0.08175837 -0.030400317 -0.059951086 -0.0034770402 0.040407214 0.039720416 0.003503678 0.03959896 -0.043564714 -0.07806026 0.043269966 -0.04023536 -0.0949306 -0.025546204 0.015172358 -0.12168996 -0.034069154 -0.07445413 0.041674796 0.012617451 -0.05949997 0.0928311 0.10826317 -0.04691883 -0.05559262 -0.11455802 -0.05181209 -0.03310664 -0.051837817 0.077592805 0.008417835 -0.03237837 0.0820713 0.009968033 0.08212346 0.05701078 0.050024435 0.0038139892 -0.045612354 0.009424091 0.09621966 0.047427464 0.01290038 0.015082253 0.002872777 -0.10408302 -0.01636567 0.058419436 -0.07385092 0.0132118985 -0.052690152 -0.07189278 0.048745923 -0.07463617 -0.043494564 0.010622667 -0.056117915 -0.0386332 -0.0063689793 0.07112988 0.082025535 0.02113312 0.030528314 -0.06268981 -0.049769975 -0.021819629 -0.10472445 -0.019117115 -0.05887686 0.04701367 -0.10514312 0.0560712 0.08192341 -0.054045692 0.0029481777 -0.0086630825 -0.08725865 -0.045822874 0.09878919 -0.08328925 0.00085371675 0.08662566 0.074876495 0.05548127 0.0882907 -0.09689314 -0.009093911 -0.043836515 0.095554374 0.03509015 0.07065933 -0.09502074 -0.021606192 -0.00621736 -0.007974679 -0.055443738 -0.06524132 0.027422203 0.07010561 -0.08093126 0.12808837 -0.0062850667 0.0051982114 0.040601917 0.05318727 -0.03906649 0.079544574 -0.07853585 0.024810009 -0.038697664 -0.036448944 0.00416481 0.0022593937 0.039279625 -0.049919028 0.022929883 -0.1574821 -0.015319376 0.023545936 0.0007713316 0.03231875 -0.050492235 0.043571547 -0.034660477 -0.08516765 0.0892703 -0.09137161 -0.062541425 0.0330724 -0.03361676 0.10736133 0.04206732 -0.062306598 -0.04147652 -0.026275685 0.08999032 0.06761543 -0.026618782 -0.06329588 -0.002102024 0.116202086 -0.056651812 0.03907359 -0.06458451 0.025516167 0.051653963 -0.040972814 0.0036272854 -0.07783009 0.014773682 0.008228891 0.07890197 -0.046749704 -0.10322973 -0.11142142 0.09075151 0.084530726 -0.019866977 -0.06252123 -0.011038232 0.07258164 0.061761323 -0.023187643 -0.004927667 0.01954991 0.028437639 0.040692803 0.0314217 -0.13734916 0.062491123 -0.12274503 -0.012432141 -0.022866298 0.03295328 0.038185716 -0.031744134 -0.07905809 0.07269196 0.10175279 0.048979614 -0.024533778 0.0049674623 -0.0582563 0.08317157 -0.08159292 -0.16763389 0.1326627 0.024921145 0.0003489828 -0.076036535 -0.07319146 -0.017831951 0.08285662 0.08927729 0.09151678 0.12342497 0.016500397 0.07742792 -0.034980267 0.017373163 0.117590785 -0.1404092 -0.045829885 -0.05800404 0.06154363 0.043070167 0.08325664 0.0010474204 -0.006332154 -0.022869792 0.039860815 0.055579808 -0.08737541 -0.06928248 -0.008563502 0.15925159 0.13328174 -0.09928319 -0.007077232 0.062656365 -0.07419078 0.07336642 0.0353398 0.041445214 -0.051291402
-0.019637417 0.07716955 -0.04012818 0.0001749572 0.101537555 0.07707446 0.051821016 0.058456626 0.07463913 -0.030819658 0.021191685 0.0648689 -0.039665427 -0.030242927 0.023188272 -0.020673795 -0.042672675 0.04087003 -0.07054991 0.09787226 0.06464905 0.07033181 -0.028572876 -0.09869975 -0.009120458 -0.036156826 0.02722481 0.0021452627 0.07209754 -0.026617095 0.013017653 -0.07343364 -0.057524227 -0.03524406 -0.051326815 0.09893547 -0.07174603 -0.048724875 -0.06260212 0.10353071 -0.024296762 0.06558848 0.101655796 0.111940295 0.09976634 -0.023112247 0.009481625 -0.0058184154 0.1913154 -0.07114006 0.011375959 -0.014671535 -0.05192727 -0.011759397 -0.02752925 0.105070226 -0.026331143 0.06438865 0.04322515 -0.036676377 -0.042326547 -0.12913938 0.068810456 -0.061967157 -0.08597064 -0.036176447 -0.016714685 -0.079494126 0.057833657 -0.016596876 0.081186995 0.019259203 0.0081018265 -0.08666911 0.09325332 -0.073030815 -0.09589936 -0.080730624 -0.11705364 0.058726363 0.06396541 -0.104615316 -0.07031684 0.09305861 -0.008639305 0.08941511 0.05185124 0.0030296396 0.07382854 0.00027019443 0.009928246 -0.0074970876 -0.07673391 0.06605332 -0.08949163 -0.0009579871 -0.046365656 -0.037013806 0.07788985 0.013956619 -0.023821253 -0.04287664 0.019843506 0.035007715 0.09423136 -0.030032162 -0.026828744 0.08277116 -0.10574317 0.028736617 -0.08677954 0.029955382 -0.0684981 0.08472003 0.022274029 0.09327573 -0.009963499 -0.076157145 0.083009966 -0.09725521 0.042730246 0.06657086 0.024064066 -0.11497053 0.13239509 0.041076608 -0.049137443 -0.09268794 -0.039871406 0.027033625 0.07123093 0.020434456 -0.086038955 0.031406768 0.0699708 -0.021363806 -0.12751272 0.05404006 -0.045320272 -0.124922544 -0.055547774 0.027903834 0.05272253 -0.094047494 0.080602296 -0.081386566 -0.03588307 0.054682877 0.13763747 0.12044791 -0.0040982175 0.07617922 0.03358791 -0.0890999 -0.033757642 -0.011384027 0.05032915 0.018760908 0.04567683 0.017755434 -0.10581605 0.039857656 0.08077935 0.06649378 0.03455826 0.0072763376 0.055880383 0.014699553 -0.025702538 0.08724461 -0.039689362 -0.094181344 -0.03637907 0.12542625 0.05578326 -0.12344628 -0.010756512 -0.12829667 -0.05424209 -0.15273003 -0.051671136 -0.062000573 0.021369833 0.094763495 -0.06747783 0.033859223 -0.04848857 -0.06073518 0.054185808 0.11665567 -0.03943049 0.05916528 0.011690755 0.046367206 -0.055002227 0.037243214 0.02236491 -0.08981862 0.11419188 -0.02673923 -0.10756445 -0.06067318 0.02325324 0.055037715 0.019957352 -0.038029432 -0.015767246 0.036127575 -0.06545124 0.037748 0.0037438793 0.03768786 -0.04178751 -0.093909405 0.10586285 -0.1015546 -0.0012786243 -0.05351957 -0.062257893 0.032668073 -0.02211201 -0.100182496 -0.0994915 0.009135413 -0.03610172 -0.011400643 0.08764972 -0.033002056 -0.04481103 -0.07727299 0.12338174 -0.046810556 0.0690357 0.13239084 0.008742602 -0.09176449 -0.081903264 -0.045754112 0.01647056 0.042496838 0.007830884 -0.059768878 0.0451595 -0.10039813 -0.019850133 0.02173241 -0.002281862 -0.053028964 -0.06001019 -0.026647063 -0.05158435 -0.051219113 -0.18474638 0.0076619256 -0.054801475 -0.021490438 -0.020622076
-0.052616645 0.10043856 0.01815457 -0.033800352 -0.020661132 -0.021609575 -0.052837834 0.04345043 0.006142372 0.008243762 0.07599008 -0.026887927 -0.036781132 -0.085284024 -0.003966593 -0.009471203 -0.014263776 -0.051276892 -0.09321147 -0.061294667 0.07011407 0.05901136 -0.056149915 0.0803383 -0.07779938 0.019116223 0.06747752 0.0035361995 -0.101640195 0.0333032 -0.069164746 -0.02244375 -0.015466073 0.089175925 0.009475467 0.05055942 0.108846225 -0.07861686 0.022977589 -0.063096456 0.100671984 0.04890914 0.06219019 -0.104827315 -0.10376096 -0.0007621957 0.044178512 -0.0427183 -0.021147694 -0.069903955 -0.046622332 0.09817925 -0.0009776783 0.0726945 -0.029365169 -0.0986277 -0.02520869 -0.042114317 0.052581046 -0.0007499171 0.0717854 0.03480111 -0.055873275 -0.06764733 0.0044011716 0.058850836 -0.08615185 0.02484606 0.00532647 -0.09866191 0.05219009 -0.04094021 0.07166049 0.0020739012 -0.062888235 0.087430336 -0.082737885 0.057957377 -0.06419298 0.061621483 -0.0009950983 -0.029887483 -0.08756381 0.019126115 0.07977732 -0.004096032 0.0043468303 -0.075708024 0.012924016 0.081400394 0.058652606 0.045655835 -0.016474864 -0.07634066 0.07828909 -0.04911054 0.08070648 -0.07773535 -0.023908207 -0.06495663 -0.08904209 -0.009124065 0.07644176 -0.07579245 0.0018534234 0.034399685 -0.02990838 0.034444526 -0.03162774 -0.049134962 -0.054142945 0.061266225 0.017981524 0.0613562 -0.010719384 -0.029160513 0.032630704 -0.013963304 -0.072337024 -0.040487602 0.08183859 0.02735153 0.05974009 -0.08245974 -0.04429394 0.04444602 0.059242878 0.071479306 0.088362336 -0.076222956 0.050716024 0.017740466 -0.029813165 0.049790107 0.04460192 -0.08344935 -0.0067106443 -0.029378567 -0.067800984 0.017281096 -0.0055157486 -0.06582663 0.028951785 0.08401715 -0.038161196 -0.032572582 -0.092639476 0.08319089 0.016597172 0.058035124 -0.00032987652 -0.061388515 0.040930413 0.04486881 -0.095907405 0.010784211 0.003806175 0.0813142 -0.018126639 -0.024342548 0.03100259 -0.018388884 0.030759988 -0.011489398 0.035926167 -0.0801416 -0.048252694 -0.08346264 0.056939483 0.029744191 -0.058267847 0.05081888 -0.0063893725 -0.037259866 -0.009334426 -0.01585782 0.04276105 0.012478818 0.0070139035 0.0760357 -0.009748421 -0.044163305 0.025004636 0.055996783 -0.09033476 -0.02347748 -0.024756279 -0.10820686 -0.08115439 0.037215497 -0.0747579 -0.04979003 -0.081927046 0.010911314 -0.040916305 -0.0059119654 -0.052037906 0.058944084 -0.0045563276 -0.08901659 -0.067683876 -0.039366428 0.05620088 0.0050211614 0.027902495 0.07781562 0.033646 0.02455321 -0.061769143 -0.106378935 0.05748741 0.038190402 -0.099116236 -0.010570902 -0.08745299 0.061244003 0.055317286 0.0064836396 -0.072831646 0.02332971 -0.0062335185 -0.03302202 -0.020279007 0.07222616 -0.072922565 -0.026214417 0.030475838 -0.04067754 0.10185864 0.08065285 -0.07877814 -0.0771176 -0.06804299 -0.045512486 -0.04941864 -0.04967152 -0.065507025 -0.029939266 0.04064002 0.09178664 0.01643979 -0.07441375 0.03582326 -0.07013036 -0.02681366 -0.0803735 -0.10090771 -0.05880437 0.09606193 0.029541176 -0.081533514 0.06721654 -0.020217326 -0.010731384 0.039582927 0.002412076 -0.084511004
0.0717626 -0.07854615 0.047968823 -0.035964455 -0.0412345 -0.011051795 -0.08496371 -0.08367236 0.0075709303 0.09955684 -0.07761495 -0.071692534 -0.0077933 0.12085487 0.030926328 0.05828732 0.06986383 -0.09058897 -0.020843474 0.10195822 0.029482087 0.06834781 -0.016939424 -0.05371409 -0.03254285 -0.022253415 0.11071583 0.0705385 0.07675822 0.023735652 0.04948518 0.0025440215 0.02478853 0.0814348 -0.058721017 -0.018491479 0.05849684 -0.13917723 0.006987018 -0.008723396 0.02464759 0.020028906 0.11858772 0.04199094 0.028316626 -0.112972856 0.037824098 -0.114561595 -0.058229547 0.0140232025 -0.009872346 0.03840762 -0.070911646 -0.020061117 0.040313322 0.048584253 0.061776873 0.09499833 0.0549256 0.000744201 -0.12662561 -0.055530928 -0.042267974 -0.103905804 0.030787129 0.049141943 0.077335455 0.035788108 0.013099844 0.04339764 0.01377353 -0.03841325 -0.06793334 0.10058313 -0.008175348 0.034100976 -0.045584798 0.07418279 -0.031037297 0.036379315 -0.016901292 0.0573291 -0.080075845 -0.07413881 0.070896395 -0.019890502 0.05536422 0.064316764 0.08427571 0.04065625 -0.029074436 -0.028179793 0.043634005 -0.10878742 -0.116828375 -0.010285174 0.08290789 0.036453977 -0.0030825413 0.085524365 -0.081502154 -0.024661697 0.040519264 0.0033514784 0.000116846546 -0.048988923 0.098490775 -0.06369769 0.033618398 0.078032814 0.114458576 0.045711193 -0.008117285 0.07162455 0.073965 0.07831041 0.0020693892 0.031992983 0.12561159 -0.06024334 0.009227752 0.07300865 -0.09119827 -0.051149316 -0.06299279 -0.049932647 0.04855223 -0.02041287 -0.047338776 0.03805059 0.015660258 0.0592343 -0.0342778 0.11044669 0.0572623 0.03657947 -0.040092245 -0.012150361 0.0536027 0.034162514 0.042281207 -0.0708095 0.024025392 0.022537911 0.09539484 0.045668624 0.034564786 -0.0044021714 0.07811889 0.0265879 0.09386099 0.023646874 0.026805317 -0.06740898 0.007002425 -0.057212505 -0.09035855 -0.06418103 -0.072163686 0.090311304 -0.03785568 -0.010107593 -0.01803811 -0.03188823 0.037925772 0.11353305 0.08257196 0.0722116 -0.09405577 0.10048398 -0.02674379 0.05928555 -0.01120607 0.05824668 0.10508342 -0.060625028 -0.04945892 0.11643196 0.08873925 0.071921125 0.044362765 0.12014217 0.02918068 0.0919809 -0.018406052 -0.060825225 -0.097014666 -0.102985874 -0.074977495 -0.06753506 0.07341568 -0.0711058 0.1142238 -0.0038487453 -0.0096348645 0.014554935 0.020892957 -0.09155657 0.045924436 0.08495955 0.051379114 0.05622417 0.062475942 -0.10646818 0.0544681 -0.15997335 0.03425835 -0.09660634 0.034465183 0.084282614 0.11563095 -0.09161968 0.094294615 -0.056061264 -0.060439147 0.030216994 -0.05240117 -0.0467186 0.072573796 -0.03717443 0.09546268 -0.09615286 0.050728735 0.06824411 0.047757193 -0.0054209325 -0.036803607 -0.003325623 0.06804352 -0.05109731 0.104557686 0.06762857 -0.038963296 0.07948021 -0.1058391 0.04659727 -0.074722216 0.008873316 -0.07374995 -0.06732495 -0.015464221 0.030450922 0.094452135 0.0004105697 0.038715284 -0.04388644 0.07746906 0.042461053 -0.05333448 -0.07645174 -0.06641351 0.10705261 0.013507104 0.055689763 0.04028727 -0.084617265 -0.083857246
-0.021103954 -0.058439948 -0.05205899 -0.09166642 -0.08210274 -0.006009864 -0.031194255 0.10610988 -0.0672844 -0.11443741 -0.022858439 -0.07984308 0.11151812 0.0836807 -0.11309245 0.07063757 0.01548981 0.049260113 -0.0035182065 0.059714787 -0.015854329 0.042960253 0.039007302 -0.08975705 -0.08854327 0.095650055 -0.021121694 0.02483545 0.03432899 0.047697287 0.06989902 -0.02031545 -0.14399444 0.052542735 0.015334093 0.12869619 -0.052151836 0.067899406 0.046286013 -0.03011392 -0.08765155 0.009960504 -0.021879066 0.0132280765 -0.07179059 0.06469867 0.053434797 0.082242936 -0.00061419816 -0.09016963 0.020644179 0.0051441328 -0.004252536 0.084172316 -0.14627048 -0.012836099 -0.022306979 0.04366062 -0.06676181 -0.03968216 0.030977177 -0.10308746 0.09421014 0.16728541 0.060240135 -0.06218451 -0.026208702 -0.024939468 -0.06141169 -0.034596458 -0.009763453 0.0018791073 0.05465473 0.07008393 -0.02225231 -0.00892756 0.032818094 -0.008654555 -0.12632081 -0.0809063 0.055921104 -0.03854796 -0.016930358 -0.05955155 0.061977923 0.11103449 -0.01239853 0.14878982 0.040882297 -0.04644348 0.10466881 0.0016272394 0.02562468 -0.0718739 -0.12484257 0.09490828 0.036312267 0.07443194 0.029846407 0.038274918 0.0662767 0.021264251 -0.08150335 -0.04909413 -0.0108683985 0.057124626 -0.041506752 -0.06762844 0.0014022386 0.0854996 0.12054242 0.024321595 -0.0067343074 0.07528002 0.068355516 -0.010858787 0.044255186 -0.03923091 -0.09146133 -0.09070125 -0.09527841 0.08728367 0.09932085 0.031449985 -0.012842882 -0.06657673 0.14782546 -0.12862289 -0.12532724 0.13435993 -0.1490759 0.006171539 0.046696767 0.06664612 -0.024332741 0.057231784 -0.12078526 -0.055016197 0.05456573 -0.014674047 -0.03318176 0.08305927 0.025098393 -0.056997422 0.049717117 -0.0610508 -0.090079956 -0.08187201 -0.028770274 -0.021360489 -0.051588155 0.059238374 -0.08225164 -0.08903825 0.12618351 -0.07558268 0.068048924 -0.014645722 -0.08222742 -0.04375278 -0.0631204 0.16556731 0.037460256 0.054817297 -0.0028793276 -0.003588376 0.0641958 0.06837615 0.081793375 -0.037479993 0.045420047 -0.038429875 -0.109370716 -0.12814231 0.025626691 -0.06813403 -0.012293011 -0.0040531675 -0.026135128 0.12957117 0.015372242 -0.051136944 0.009828485 0.0116245365 0.05336614 0.02023803 0.007914406 -0.001766983 -0.056300823 -0.02035408 -0.060175575 0.12570821 -0.07740687 0.07751221 0.097116426 0.0046664597 0.06083342 -0.032423712 0.014248084 -0.00083670055 -0.027424425 -0.093896426 -0.056685224 0.08623468 -0.06491531 0.10577361 0.015615271 -0.039832454 -0.051838562 0.05801379 0.017261462 0.047381174 0.08348916 -0.06932914 -0.02547161 -0.113465376 0.081749775 0.15394257 0.008144815 0.024345405 -0.07962677 0.07743904 0.0258678 0.16672304 -0.11150106 0.031701192 -0.07790594 0.07348787 0.035714824 0.17555062 0.024003305 0.036078736 0.03861762 -0.054417122 0.06558749 0.12955609 0.053500757 0.1425745 -0.04952161 0.1367615 -0.042486124 -0.023189748 -0.07544091 -0.011800851 0.096022315 -0.06994598 0.08559191 0.008602392 0.023922069 0.057180863 -0.057888173 0.1260396 0.033225235 0.037528846 0.15852772 0.060554106 0.0023698157
-0.026835531 0.06636121 0.017324023 -0.03594459 0.047869533 -0.032004796 0.012542688 -0.0809446 0.054429792 0.02875672 -0.09627167 -0.08093334 0.02473022 -0.006627641 -0.08993355 0.058327682 0.054190855 -0.003934195 -0.058458015 -0.1011821 -0.0163732 -0.058397982 0.08930646 0.01132846 -0.064469464 -0.08763388 0.043542434 0.060626663 0.011789658 0.032213807 0.030784685 -0.030533474 0.062683076 0.07483392 0.0022516572 0.05433662 0.09021676 0.011678675 0.033126604 -0.06320223 -0.06445151 0.063801706 -0.0063942634 -0.05322554 -0.056012467 0.052982766 -0.07374904 0.06505416 -0.035232443 0.032106895 -0.09156597 0.085856885 -0.064795196 -0.024843859 -0.07979999 -0.0082257725 0.027688088 -0.028375532 -0.0044483696 -0.07121817 -0.097107366 0.07701763 0.05524932 -0.07586901 -0.036169257 -0.015559804 0.006212752 -0.103953265 0.009061044 0.08240858 -0.05090989 -0.038301412 -0.06340262 0.019439334 -0.09551184 0.040283103 0.011714322 0.017343521 0.08113451 -0.091244645 0.09634112 -0.024497073 0.038268488 0.052032333 -0.009517229 -0.029759333 0.02012865 0.025039887 -0.02755027 0.08915226 -0.022305647 -0.025871243 0.013655124 -0.08463828 -0.03461801 0.0007824971 0.0774497 -0.045674894 -0.036468245 0.066891804 -0.022374926 0.015365979 0.061025016 -0.057190333 0.06099742 0.009689206 -0.022051232 -0.055825323 -0.10016521 -0.10216348 -0.038211145 -0.014791688 -0.025806502 0.0041987593 -0.052913547 -0.042831175 0.013230053 -0.08592199 0.05642036 -0.017736549 0.03779826 0.021994919 0.03326568 -0.046448037 -0.019095547 -0.0071879993 0.09033664 0.067935936 -0.09687571 0.08139406 0.003939264 0.014733041 -0.027984789 -0.05438525 -0.02728235 -0.0011202387 -0.09948648 0.02296683 0.03150885 -0.056776535 0.10676504 -0.1102966 0.05814775 -0.049716543 -0.03625083 0.09155317 -0.04241311 -0.085199095 -0.007771966 0.02212185 -0.058440927 0.002939371 -0.048960965 -0.016736953 -0.04223419 -0.095827945 0.074611366 -0.01148664 -0.060292855 -0.076897785 -0.031918764 -0.057252016 0.00798415 -0.04727015 -0.016178824 -0.01695782 -0.007572598 -0.0033846572 -0.0015652163 -0.034305196 0.021442555 -0.05736699 -0.09776772 0.010625567 0.048542097 0.07551674 0.05493695 -0.045978334 0.09704043 -0.09858899 0.08143471 -0.030306973 0.00028534143 0.07161202 0.054807965 -0.0022484579 -0.07851092 -0.08216584 0.01927257 0.021511814 0.011783692 0.072525084 -0.071192205 -0.068345286 -0.07334734 -0.042956475 0.0011134916 0.0848276 0.041450866 0.02094395 -0.01959655 0.019988986 0.05091421 0.06890187 0.013910101 -0.087059624 0.014233898 0.011016139 0.0059827836 0.005553962 0.053330142 -0.09982513 -0.024767857 0.05582384 -0.04799248 0.028957156 0.0425967 -0.015569772 0.07129794 -0.07144428 0.03960191 0.06759427 -0.05657756 -0.09262482 -0.00010024314 -0.0055428124 -0.06755597 0.013927615 0.040299438 -0.052305747 -0.07349626 0.023514848 -0.0345023 -0.04009967 0.082333565 0.044048667 -0.025580266 0.0778993 0.06782189 -0.052808993 -0.023688821 0.027257767 -0.017430175 0.089434184 -0.07904838 -0.01090674 -0.0386064 -0.053976282 0.09349548 -0.055936623 0.052467972 -0.089305274 -0.081644654 0.05309879 0.02360742 -0.027571324 0.08751292
-0.01654437 0.07057766 -0.01163491 0.08017789 0.072293416 -0.010674071 -0.07936396 -0.10535015 -0.07731951 0.10636094 0.053967934 0.07802633 -0.03619312 0.05026406 0.105977975 -0.076755874 -0.021064976 0.07973148 0.011174675 -0.08261562 -0.14531218 -0.029783305 -0.08342995 -0.086587854 0.0007720358 -0.03265492 -0.055662155 -0.06379733 -0.07281472 -0.051822077 0.008141158 -0.11112805 -0.06381509 -0.068230204 -0.07774447 -0.04353108 -0.0023346404 0.12825477 0.07496889 0.03011087 -0.05670246 0.0224145 -0.07998265 -0.10905898 0.06024428 0.05125569 -0.008021714 0.0050508888 -0.038454164 0.031975705 0.023184702 0.11177168 -0.02177831 0.070153676 -0.044239197 0.035061006 -0.03888795 -0.012864205 0.08963693 0.028669925 -0.07681344 -0.07735142 0.095119394 -0.05034057 0.05191642 0.0033152634 0.11468186 0.07700339 0.016834607 -0.063143454 0.048212536 0.008844096 -0.06756803 -0.035498712 0.05632558 0.090792246 -0.07572993 0.020744722 0.0105103515 0.036444828 -0.06878477 0.014566251 -0.01007786 -0.06322219 -0.0017651786 -0.07968308 0.07554116 -0.045638103 0.08591458 -0.026924966 0.010067923 -0.076169714 0.023643957 0.065355055 0.018236713 -0.037933085 -0.04245683 0.05824473 -0.034118354 0.030507874 -0.10993168 -0.05323289 -0.18278863 -0.012097505 0.034744125 0.047327988 -0.04710569 -0.11490373 0.052747022 0.05518304 0.011164088 -0.07312817 0.061684 -0.051440693 0.020713579 -0.07335665 0.04324474 0.08019652 -0.010931558 -0.048410967 -0.06323418 -0.06005561 0.09563935 0.110927366 0.10282499 -0.021901643 -0.09242209 -0.04894486 0.046680123 -0.080403216 -0.024940152 -0.004925486 0.008186987 -0.069211036 -0.0071273013 -0.038595635 0.10526444 -0.120214224 -0.05905846 -0.024263835 -0.09208806 0.016844457 0.10861109 -0.017268168 -0.10413011 0.0055896863 0.042503633 -0.0075865774 -0.02107647 0.0042204526 -0.0805367 0.050065145 0.043493703 0.06303593 0.06926077 -0.102048375 -0.05953917 -0.05988498 -0.0015999979 -0.047354653 0.16641597 0.12359648 0.07760469 0.05505343 -0.04601918 -0.00005553768 -0.04513452 -0.07174221 0.021005971 -0.100295335 0.09001637 0.037470467 0.052959777 -0.023492506 0.060180403 0.021481492 -0.0028332253 0.0961622 -0.08122591 0.06656705 0.046890225 0.0058575952 0.023334177 0.0625505 0.05365106 -0.081259474 -0.09617342 -0.08906473 -0.04752287 -0.06630944 0.048869446 0.09099225 -0.030837733 0.117026135 -0.079721645 0.01127347 0.014271219 -0.009093026 0.006137796 0.00051732606 0.04306518 -0.01781348 0.04077427 -0.075123474 -0.013680412 -0.017390758 0.07024095 -0.023688758 0.011518254 0.09367636 -0.059122168 0.024248088 0.023023902 -0.10409708 -0.06652877 0.000561948 0.065931186 -0.08484268 0.086393446 -0.031883206 -0.08057208 0.0017218834 0.11601215 -0.1264206 -0.024052044 0.04604947 -0.047169775 0.12952898 0.05727019 -0.041358266 0.060554456 0.022981271 -0.08237473 -0.06677735 -0.044444665 0.056247775 0.09506046 0.09721622 0.09863227 0.059046 0.0219673 -0.0016097727 0.10055133 0.04965232 -0.04816778 0.1487494 -0.0918221 0.1282419 -0.021932548 -0.02141313 0.084542386 0.09005088 0.11513158 0.061499864 0.069066025 -0.0149480915 0.0042878115
-0.010836997 -0.08347744 0.0035786713 0.08309062 -0.0145052215 -0.030445218 -0.06527778 -0.108858675 -0.06826582 -0.06835202 0.060913365 -0.020771552 0.082797594 -0.05710956 0.08765625 0.07978347 0.041118458 -0.07423884 0.035526894 0.12565231 0.042431563 0.023435237 0.08792989 -0.0050739357 -0.05569574 -0.00077711197 -0.098990165 -0.021300524 0.033509154 -0.068284266 0.093332514 0.058568057 -0.053462166 -0.015719127 0.09016709 0.08799716 0.06064552 -0.03694943 0.059093464 0.115456685 -0.07708106 -0.0671811 0.046323236 0.005172064 -0.06980027 0.103240974 -0.0985234 -0.05657237 -0.08098224 0.061926242 -0.07897838 -0.015803104 0.06778734 0.021038165 -0.019210706 0.085085064 0.007211723 -0.007823191 -0.10794238 0.011010848 -0.057219617 0.034411702 0.08033937 -0.04465747 0.045898423 -0.023323298 0.025409207 0.021668773 0.016360056 0.020078322 0.09860816 0.08221443 0.10543565 -0.024311556 0.08955554 -0.051687814 0.000829892 0.031678263 0.06540742 -0.017970907 -0.013329272 -0.02844564 -0.07683905 0.052677695 0.03740922 -0.008110624 0.05562218 -0.025534716 0.04913053 0.045743607 -0.123985514 -0.06418928 0.0695863 0.025493605 0.030795798 -0.04842265 -0.04014825 0.06894819 -0.03389028 0.04812405 -0.03819042 -0.010938499 -0.045950394 -0.031211691 -0.097841546 -0.12114779 -0.08988442 0.045211338 0.039863333 -0.0043779565 0.0030838742 -0.026894921 -0.07331602 -0.10682309 0.099464275 -0.057615556 0.0942016 0.034021426 0.0838727 0.03217217 -0.059096 -0.010266979 0.050283007 -0.062208284 -0.05945265 0.028491637 0.102024324 0.07985424 -0.08712579 0.08058706 0.06754109 -0.029947607 0.03963595 -0.08842614 0.07449494 0.11129622 -0.012510857 0.13038954 -0.008860653 0.068753764 0.025769971 0.101909705 -0.05291729 -0.058002666 0.071724966 0.014360756 0.118344024 0.061540302 0.0059165717 -0.034512874 0.0581086 0.018878512 -0.11169775 0.060120676 0.1212402 0.028943984 -0.06690141 -0.0069029084 0.0032390251 0.078352824 0.019996323 -0.047241405 0.019812327 -0.05122705 0.034041297 -0.073522545 0.017688822 -0.07562002 0.08324659 -0.0725052 0.034898564 -0.042559978 -0.021468395 -0.0817635 0.09171845 -0.12228574 -0.07813718 0.03415968 -0.07099503 -0.038759746 -0.007785323 -0.085628875 0.002075735 0.059308503 -0.07710647 0.09940764 0.07691555 -0.09862751 0.06817146 -0.06384255 -0.077745736 0.0023553364 0.07118025 -0.07363659 0.039861497 -0.099720195 0.03836614 -0.1101105 0.03733474 0.08634192 -0.018543802 0.06261105 0.09333282 -0.03538389 -0.030344635 -0.03673204 0.029730769 0.04989356 0.051181868 0.070368685 0.052074097 0.06577316 0.0910809 0.022099683 -0.07279266 0.06010218 -0.078103036 -0.04845306 -0.07415181 -0.094571374 0.041450135 -0.07216225 -0.017966364 -0.017712437 0.030972956 0.07460363 -0.038352475 0.024862532 -0.09412776 0.001667602 0.02348059 -0.07927947 0.076213695 -0.040253192 0.06834578 0.099009514 -0.05508665 -0.058041006 0.063968696 0.008649072 0.004122904 0.056664318 -0.07436319 -0.005063631 -0.011412266 -0.029058984 -0.03458159 0.058289327 -0.030944852 -0.048450693 -0.11984965 -0.03263124 -0.05736096 -0.015059525 0.06886507 -0.045187287 -0.059034053
0.026293127 -0.016552763 0.10658464 -0.0051800716 0.09319818 0.04013139 0.045634303 -0.10908694 0.110568315 0.00006494261 0.020912249 -0.04690738 0.06269321 0.08966954 -0.07037618 -0.022260802 0.12391659 0.039109293 0.059760313 0.022691555 -0.07407066 -0.011110775 0.039126083 0.11424206 -0.009700741 -0.030169548 0.002424113 -0.10045631 -0.024709495 -0.08271889 0.08424607 0.118525565 0.05164816 0.04716274 0.08759396 0.059164852 -0.022848323 -0.07990724 -0.07537386 -0.015292281 0.124609835 0.024387633 0.08845533 -0.0055901767 -0.022642154 0.058476057 -0.009942049 0.04774082 0.06601404 -0.0013889992 -0.048759233 0.059797775 0.047771174 -0.035439376 -0.062302403 0.124873064 0.04080208 0.045180157 -0.07072648 0.0013480538 -0.05940558 0.07701434 -0.054039177 0.07011572 -0.03196238 0.014939294 -0.07878257 -0.04707215 0.12576383 0.00516179 0.008835557 -0.08203762 0.096706845 0.032520525 0.081302986 -0.053587437 -0.08848096 -0.059866276 0.08357299 -0.053758696 -0.06843656 -0.07435288 0.06074324 -0.07208998 0.10516578 0.06597907 0.050760545 0.051184736 -0.0068089664 -0.037696145 -0.011223158 0.074295096 0.017963039 -0.10415111 0.05507485 0.021296376 -0.03988966 -0.10808414 -0.03403699 -0.048037887 -0.04279374 0.036013316 -0.0035585645 0.094486855 0.069861166 0.08027249 -0.013411329 -0.11841869 -0.021367535 -0.104577325 0.054079138 0.060471393 0.050743125 0.024520705 0.09021988 0.060175277 -0.01694488 -0.07074368 0.01324079 0.006397162 -0.07411152 0.07999853 0.09138709 0.057065155 0.020753138 -0.033731375 -0.03501453 0.006802788 -0.10916256 -0.050323863 0.073989734 -0.11594339 0.007888898 0.006707798 -0.073526196 0.082957745 0.006547524 0.02566505 -0.118834816 -0.0137653155 -0.07762124 0.030264057 0.07422899 -0.037912626 -0.09681603 0.102177896 -0.000089881825 -0.11229214 0.048131112 0.02191719 -0.074821614 0.04376552 0.0416019 -0.10676176 0.11221888 -0.0023073722 -0.10621941 0.03694513 -0.037899792 0.07135163 -0.04034604 0.06553186 -0.03211485 0.049312938 -0.035752095 0.024877993 0.108044505 -0.084046304 0.05248745 0.0679287 0.0646103 0.023419537 -0.09460605 -0.026251346 -0.045779377 0.006299284 -0.07133785 0.04499636 0.05650769 -0.11254948 -0.062442195 -0.04787506 0.049159102 0.1508453 -0.060988024 -0.0648916 -0.048579972 0.047207516 0.115625545 -0.07358521 0.0044690175 -0.043626793 0.05065909 -0.07758774 0.09302034 0.038214974 0.013977028 0.00029969256 0.037601218 0.059011374 -0.010486554 0.07572961 -0.052818537 -0.008164551 -0.08806943 0.04630815 0.10764557 0.08545808 -0.036476992 0.11043174 -0.04361064 -0.042964607 0.090457365 0.020183073 0.042201955 0.08339642 -0.06890367 0.026893264 0.09424116 0.031938706 0.044394728 0.07944401 0.057891242 -0.02846333 -0.04917347 -0.052922312 -0.028016746 0.032444533 -0.10409077 -0.055271674 0.012045631 0.022385959 -0.04530376 -0.090361804 0.029349502 0.11733744 -0.08966817 -0.07899649 0.07848629 -0.043828618 -0.08115181 0.021142816 0.05726094 -0.09954787 0.10222756 -0.0654605 0.040692117 -0.06474716 0.040993866 0.016215267 -0.0028857803 -0.01398409 -0.07564276 -0.077493176 0.02986748 -0.040971708 -0.0032390498
-0.011325974 -0.09751838 -0.04548385 -0.10363206 -0.0020034602 0.036863435 -0.047164343 -0.011347001 -0.12653793 -0.07082573 0.036729272 -0.07595322 0.03896966 -0.058515575 -0.065527484 0.0733296 -0.07565875 -0.037381314 0.0694644 -0.044817146 0.008121711 0.051612195 -0.03237885 -0.058290467 -0.06888263 -0.098190136 0.049318407 0.026600536 -0.050104063 -0.052330565 0.026991632 -0.061779898 0.03151643 0.04658232 0.00024473347 0.05769988 -0.10921946 0.1090693 0.07099247 0.092487454 0.031346418 -0.082330704 -0.07068477 -0.052042592 0.07913309 0.07664759 0.04510086 -0.06970858 0.023769885 0.030608915 0.10341689 0.0898743 0.027373401 0.08898168 -0.03575308 -0.059492238 -0.109239824 -0.13051209 0.0127767315 -0.037656575 -0.061404616 0.074662514 0.12594709 0.09459048 0.010795784 -0.022585556 0.060163897 0.007278577 0.021950794 -0.05639335 0.06640019 -0.028239666 -0.040217925 0.06859589 0.107433386 -0.053793974 -0.0068048323 0.0018528833 0.051750537 -0.0030715796 0.034978107 0.06548959 -0.005630881 0.054466195 -0.08505361 0.038139123 0.06153553 -0.031218356 -0.11217749 0.007087838 0.061136533 -0.044725075 -0.09824323 0.095166355 -0.13372865 0.13890669 0.05846659 -0.036622316 0.06580226 -0.06749644 -0.11639903 -0.11486903 0.015541971 0.005230696 -0.10304803 -0.073784344 -0.08429636 0.08430663 0.017962754 0.03579464 0.11187289 -0.044220828 0.034928914 0.030682877 0.054993797 0.04291676 -0.015939407 0.019725602 0.002247451 0.034765337 -0.10191661 -0.05005672 0.103963956 -0.08644547 0.03806203 -0.026011765 0.06011506 -0.13144167 0.044153273 0.10282194 -0.0836106 -0.08151654 0.07813306 -0.11327067 -0.048875995 -0.122876234 -0.03845962 -0.11746025 -0.03985975 0.032861315 0.079481155 -0.07950188 0.04324213 0.0025426398 0.052276317 -0.122585244 -0.026558341 0.11181957 -0.096421346 0.109215945 0.0250933 -0.04234047 0.008325245 -0.01824105 -0.0041818214 0.114151135 0.0402636 0.083963 -0.0525961 0.07264639 0.015209928 -0.05359284 0.01166736 0.052047037 -0.11717494 -0.020924866 -0.0062553496 0.056632318 0.066937044 -0.01167353 -0.023061648 0.07376719 -0.019353468 -0.093743466 0.089762725 0.077179395 0.004369691 0.021912923 -0.031859938 0.062851414 0.06846166 -0.0035822124 -0.043625224 0.07120149 -0.049199477 0.09352175 -0.045633685 0.055714637 -0.0077411467 0.07784659 -0.020831198 0.071960464 0.028342208 0.14162286 -0.016698705 0.10804043 -0.0037459687 0.06595362 0.12445334 0.054922234 -0.04050421 -0.020416379 0.0015849953 0.0074319965 -0.04667287 -0.1271625 0.005995601 0.0504161 0.080867745 -0.024678195 -0.069674246 -0.070584655 -0.0925035 -0.043276448 0.06675654 -0.082770616 -0.048816223 0.06531134 0.113873675 -0.1282573 -0.11184317 -0.013112644 -0.087729536 0.049036257 0.050995573 -0.058208093 -0.11204704 0.07940766 -0.06450315 0.05859418 0.08329709 0.06223054 -0.05665955 -0.014146545 -0.039141454 -0.056329872 0.0005695291 0.017563546 0.077559434 -0.083697416 0.111259 -0.084353976 0.08055824 -0.047746338 -0.07329398 0.005002712 -0.051194772 -0.003973748 -0.07388435 -0.038884558 0.021050574 -0.014548917 0.10402452 0.061362077 -0.0225381 -0.066249445 -0.06675598
-0.0009820532 0.04416241 0.11891132 -0.06044771 -0.03805612 0.029094735 -0.087503515 0.13339935 -0.08009734 -0.018476069 0.008587622 0.03425948 -0.044276763 0.04686993 -0.058779124 -0.03103552 0.05724706 -0.047205888 0.09964711 -0.03164012 -0.08965424 -0.06246563 -0.009229109 -0.0073852837 -0.08583708 0.0914664 0.03906659 -0.030253133 0.0033793747 -0.053115238 0.009672529 -0.0059291427 0.03275833 0.049300138 -0.008707631 0.07709486 -0.082987 -0.00080828497 0.048120733 0.0074530556 -0.06695197 -0.06787167 0.06281991 0.10322849 0.04860636 -0.040408205 0.026810763 0.11075404 0.04616663 -0.08368058 0.05990946 -0.009132693 0.064171106 0.02771988 0.011401047 0.03310438 -0.05418475 0.021189427 0.044654638 0.024581607 -0.059489593 -0.033911735 -0.040699013 -0.037741534 -0.007407323 0.036692634 0.025532063 -0.09657648 0.06501291 0.059518125 0.047654096 0.03849311 -0.030217981 -0.009177056 -0.123068206 -0.09298726 -0.07863434 0.06038187 0.06974958 0.12678862 0.00017111674 0.094180614 0.056226846 0.0811943 -0.005631948 -0.07745589 -0.07371073 0.09329859 -0.045037065 -0.0065727104 -0.038967833 -0.051858373 0.03807257 -0.050032042 -0.06645121 -0.10092895 0.039492663 -0.012421101 0.098395795 -0.07443509 -0.012969504 -0.011786426 -0.0022734094 -0.02559551 -0.09362858 0.049805213 0.035837978 -0.08432658 0.098627724 -0.019707017 -0.11135488 -0.023425946 -0.0003230879 -0.09048566 -0.114050925 -0.028039038 -0.0734273 0.128688 -0.009381048 0.014892673 0.013827334 -0.06992324 -0.0036446431 -0.081958294 0.057010528 -0.011582799 0.01098035 -0.024357406 -0.043671448 -0.06962221 -0.034138992 0.12061212 0.029599896 0.030013077 -0.011125748 -0.011966628 -0.0372743 0.022225348 0.044246547 0.050251644 -0.040966656 -0.016668852 -0.032027382 0.0037887483 -0.041798953 -0.007425417 0.09338111 0.10390976 0.07565545 0.05463029 -0.07209762 -0.0025060584 -0.031695906 0.0040621627 -0.0013358134 0.028462756 0.07374275 0.07620138 0.010492494 0.009188065 0.04958991 -0.10709324 -0.022379896 -0.06407717 0.049044486 -0.022757603 0.12682511 0.073719315 0.0143194925 -0.07413166 0.00905505 -0.07258962 0.062389057 -0.07020148 0.019947495 0.036037225 0.044553895 -0.057509355 -0.05056817 0.061678648 0.007912127 -0.0349313 0.07966921 0.058665767 -0.005299814 0.011333747 0.008134202 0.055022027 -0.044428367 0.083151475 0.1271926 -0.044211593 -0.078838855 -0.010717737 0.072212934 -0.03715254 -0.025648871 -0.054899696 0.034937713 0.018417802 -0.046956215 0.0020320113 -0.041807394 -0.004101964 -0.09870018 -0.0014163259 -0.060754515 0.035098005 -0.10384047 -0.008950597 0.052708734 0.111345656 -0.027723808 0.01921055 0.015189038 -0.06434281 0.0987554 -0.015720693 -0.001309504 0.048022475 0.031977374 -0.0048109135 -0.011170276 0.018542549 0.026481288 -0.0536651 -0.03621469 0.010744355 0.01738251 0.0066856877 0.08138293 0.08394782 -0.017871067 -0.041995365 0.092957385 0.032848947 0.100393206 -0.041789625 0.09314868 0.091760114 -0.04790934 -0.07345079 0.06303029 -0.05346948 -0.042713825 -0.089754626 -0.0046626413 0.012854209 0.030057257 -0.06839575 0.09152037 0.02235743 -0.010029337 -0.032765575 -0.076703414 -0.08316987 -0.039033838
0.0167629 -0.08069794 -0.011068857 0.057615176 0.027385043 0.0008767324 0.0823838 -0.012251346 -0.032674253 -0.09722107 0.043752298 -0.09007214 -0.09112693 0.025052957 0.045199435 0.012835207 -0.08436268 -0.0093921395 -0.03340746 0.035500735 0.08673277 -0.042672392 -0.008103075 -0.059786443 0.019635288 0.0038274862 -0.039592974 -0.057275787 -0.06703022 -0.099635236 -0.03418095 -0.038417578 0.11537478 0.07859121 -0.04845145 -0.07470916 -0.031508006 -0.045281935 0.1073439 -0.062259734 0.028280267 0.08090064 0.052981507 -0.08890536 -0.04071871 -0.00086151774 -0.092981406 0.10711614 -0.072140224 0.021284644 0.095788315 0.11722578 0.01339753 0.09209185 -0.06629139 0.081281535 -0.0115741715 -0.05835689 -0.07052362 0.004276133 -0.098776005 -0.10637468 -0.05883855 0.06489117 -0.016855434 0.07580461 -0.0808185 -0.05901612 0.044716254 0.024019362 0.025929404 -0.08725855 0.11274623 0.05886149 -0.019313732 0.027528591 -0.05500778 0.034643497 -0.05291237 -0.03348318 0.10477563 -0.088547654 0.02364979 -0.0012754339 -0.05003988 -0.046654362 -0.04232355 -0.10800189 -0.03822174 -0.010129553 -0.08945818 -0.02749586 -0.10419418 0.09968102 0.050739802 -0.047688223 0.095652424 -0.10507417 0.07778584 -0.003500897 0.07878997 0.00732958 -0.039068945 -0.06722989 0.08232348 -0.03464384 0.044980757 -0.06908331 -0.059624176 0.0061102635 -0.008419482 0.040659856 -0.09942165 0.018792558 0.10917376 0.044201296 -0.09784671 -0.028884511 -0.0970195 -0.043764394 -0.017436597 -0.0013592896 0.07301827 0.07097698 0.09309846 -0.0484262 0.10929416 -0.0167101 -0.03424161 0.020652315 0.024989394 -0.06611138 -0.062784374 0.069933586 -0.04160761 0.051633224 0.06344315 -0.1212314 -0.031258125 0.018659202 0.07628041 -0.07316154 0.05890273 0.086614 -0.09787719 -0.028532155 0.061898064 -0.081385255 -0.033950657 -0.08424316 -0.015975289 -0.009809039 -0.07155245 0.019096848 0.074357584 0.025759647 -0.030806301 0.10003459 0.013565591 -0.0756832 -0.05707253 -0.07275888 0.022831425 -0.057380464 -0.09406076 0.11340389 -0.0788525 0.0061398204 -0.054210346 0.006108106 0.037030797 0.069030926 0.056691796 -0.0010299935 -0.0453049 -0.107231766 -0.024816807 0.09467595 0.08078727 -0.08687423 -0.0027909116 0.093888916 0.019735333 0.085246645 -0.09996032 0.014488182 -0.07545899 0.037026294 -0.005266981 -0.0448307 -0.10698883 0.09841195 -0.082361236 0.072646596 0.064455345 0.058293685 -0.10524666 -0.010670232 -0.01679695 -0.055817727 0.0011758001 0.09551006 0.021483364 -0.049721554 -0.08989175 0.07921291 0.12020088 -0.005165599 -0.074001186 -0.008949366 -0.05233701 -0.03357663 -0.12272125 0.022436455 -0.07251463 -0.073760696 0.03312832 0.030213466 0.071982116 -0.08312333 0.03078498 -0.0729354 0.06999797 0.095697194 0.007573597 -0.043540083 0.09076796 -0.00086949376 -0.0924472 0.057744216 -0.061599128 -0.08909012 -0.09163906 0.059018876 0.023256311 -0.028068924 -0.06883 0.012916504 -0.0188545 0.06855561 0.10495758 0.07077507 -0.079783246 -0.08384186 -0.021124622 0.020220146 0.06817845 0.017364843 0.088819794 -0.051230047 -0.067970656 0.12434999 -0.1267657 -0.09857862 -0.055617366 0.0048828665 0.053594995
-0.07756271 0.02934811 0.030521393 0.018805793 -0.012438278 -0.029782712 -0.06242861 -0.051919088 0.0069954246 -0.0018518106 0.0770017 0.019526618 0.006369828 -0.0057009086 0.045121048 -0.04894692 0.09075221 0.032621585 0.013052007 0.034484055 -0.063938886 0.045670472 0.0114001855 0.013424934 0.0252891 -0.08252557 -0.049077474 0.06813687 0.06556073 -0.04676633 0.04422653 0.04201559 -0.010819099 0.08174886 -0.06666888 -0.030196449 0.018433243 -0.014324832 0.043610983 0.07916287 0.096604675 -0.067370474 0.08656313 -0.02775496 -0.0025406461 0.019932486 0.072064914 -0.019089874 0.07624541 0.008313308 0.08306705 -0.04472382 -0.08659339 0.05958916 -0.072381355 0.043115813 0.012203538 -0.014610646 -0.047870826 -0.011868368 -0.03832668 0.025094433 0.042189308 -0.06310136 0.078480355 0.07503268 -0.05187578 0.08374604 -0.042047095 -0.046752296 0.036925662 -0.04811068 0.08693607 0.060715705 0.011928466 0.096922666 0.063162655 0.013508322 0.08289433 -0.07813481 -0.045842692 0.013308088 0.070083044 0.0033356412 -0.032481823 -0.04048985 0.028965872 -0.005074224 0.029880853 0.098391116 0.0133480085 -0.045732345 -0.06091042 -0.02095841 0.09007573 -0.119418256 0.063466 0.081959076 0.084769204 0.005434482 0.030285968 0.085804254 -0.096053466 -0.042308014 0.0685722 0.03298039 -0.08890348 0.00465006 0.029278444 -0.006335273 -0.030702045 -0.00081819115 -0.006958744 0.04890269 -0.05598694 0.08773497 -0.022075389 0.033934344 -0.02954104 -0.03761418 0.088856824 0.064169295 0.001301086 0.0021701632 -0.050130893 0.06861694 0.0047585 -0.080111384 -0.12510367 0.08266192 -0.00255506 0.084060125 0.04857308 0.031630214 0.0022190053 0.07889684 0.08753021 -0.0068005547 -0.030018168 -0.0456844 0.062127247 0.091338016 0.015563136 -0.016593663 -0.0153153865 0.098791815 0.11253039 0.07354935 -0.102506645 -0.09807384 -0.07437472 0.07016853 -0.062827796 0.045438014 -0.007251494 -0.061449636 0.004373384 -0.026195213 -0.009126072 0.05258998 0.04651875 -0.04732018 0.122761756 -0.055180874 -0.010503164 -0.0428237 0.036257382 0.050002553 -0.083926156 -0.05340917 0.03286358 0.014772758 0.0037476213 -0.07377767 -0.110680446 -0.08934872 0.020813953 -0.048120257 0.053732038 -0.08080036 0.010906244 -0.099855155 0.06905174 0.07743561 -0.0039325273 -0.0057515777 0.041282106 -0.06101629 0.030109525 -0.009319213 -0.015712572 0.11898997 0.018784566 -0.027020289 -0.017772466 -0.046613213 0.057115365 -0.091990575 -0.042084206 -0.11501285 -0.004781501 0.10935698 -0.11818005 0.084093325 -0.05681221 0.05147425 -0.058747955 0.08534825 -0.059503745 0.10429032 -0.054617614 0.086733304 0.049980287 0.06780297 0.058967784 0.12759878 0.07031267 -0.07174157 0.056816168 0.02411219 0.0975994 -0.037942894 0.08140724 -0.10189274 0.038970605 0.0026999582 -0.049528185 0.08897989 0.041078452 -0.028679298 0.043888707 0.007789315 -0.086554386 0.0028653487 -0.07082015 -0.057401467 0.031768262 -0.03112113 -0.06093173 0.041928533 0.0029001245 0.04116919 -0.0039312756 0.011255403 -0.040193368 0.06373028 0.026060369 -0.042685896 -0.07455558 -0.09204065 0.01332156 0.05468933 -0.040108673 -0.11197604 0.060170505 -0.06473969 -0.056748554
0.069644436 0.052123014 -0.04500812 0.0032122743 -0.012970731 0.013887401 0.0053857444 0.083476186 0.0820655 0.033804215 0.036964174 -0.05866589 0.03947528 -0.042155083 0.06724443 -0.054128513 -0.03554281 0.053235564 0.092199534 -0.09962924 -0.06985663 -0.07080888 -0.017130764 -0.046604928 -0.101807 0.111911684 -0.0061219498 -0.09124266 -0.002210974 0.0065393755 0.07272681 0.0010954841 0.12322283 0.07082005 0.041632827 0.05012036 0.04413725 0.02579579 -0.09634849 0.013589238 0.05862961 0.08359557 -0.07319868 -0.03575249 0.09438109 0.08488385 0.026606046 -0.022948576 0.046605337 0.07075689 0.0005102828 -0.057561886 -0.073595874 0.093053706 0.07933836 -0.08169281 0.074375965 0.033611618 0.02191378 0.004920711 -0.023360915 -0.004528518 0.019279672 -0.05310204 -0.062526815 0.0683704 0.02515 -0.119286306 -0.019601595 0.1017368 0.014017429 -0.056392975 -0.109325126 -0.010999384 -0.018065281 -0.0652804 -0.008196147 -0.088050954 0.14338152 0.017876748 0.078690946 0.021250205 0.11823968 -0.09664009 0.020790702 0.049447853 0.07892459 -0.057895977 0.040638186 -0.022403274 -0.045161657 -0.06030122 0.00024957085 0.0045597907 -0.074905306 -0.05827516 -0.010071193 0.07282118 0.051318385 -0.079096355 0.07903601 0.038043525 -0.04728322 -0.076689474 0.061349787 -0.07617472 -0.054019615 -0.011086347 0.12724604 0.12686518 -0.039041597 -0.0027338555 -0.018253049 -0.095445685 -0.014996888 -0.08165248 0.03353784 -0.029384537 0.08378498 -0.074655674 -0.07345858 -0.08964796 -0.07549956 0.1101439 -0.058864206 0.06319761 -0.03482234 -0.098682776 0.017084906 -0.0036667201 -0.07637201 -0.016492592 -0.06744164 -0.0024172512 -0.0031110386 -0.07514225 0.13117306 0.13009626 0.071338445 -0.040048223 -0.073144354 -0.070594475 0.036114383 0.09244194 0.045655306 -0.093008615 0.084152766 0.034832053 0.06820669 -0.10183929 0.082998365 0.08657913 0.098150186 0.052000366 -0.10262288 -0.050892457 0.08548956 -0.027306337 -0.044441253 -0.0010495753 0.052135568 0.07087456 -0.043129943 0.031593226 0.03662688 -0.043829065 0.07138068 -0.06277709 -0.06116228 0.011557468 0.06554048 0.06828919 -0.049895782 0.008304261 -0.013727927 -0.07235637 -0.07699037 0.07021971 -0.089647405 -0.02141238 -0.06285497 0.08991103 -0.036476366 -0.0324409 0.042630672 -0.055183187 0.09610432 -0.099628985 -0.028701272 -0.01421644 0.108267784 0.066554494 -0.00867564 -0.06888014 -0.0073983287 0.063182265 -0.040110935 -0.06959844 0.047976363 0.07466897 -0.019689962 0.068338 0.020552991 -0.11545502 -0.112423256 -0.020940006 -0.025326269 -0.027902126 -0.081934735 0.041308902 0.0553823 -0.06425598 0.043147482 0.06888966 0.011532657 0.04598662 -0.04984093 -0.1517604 -0.10689335 0.07075842 0.1147587 0.058790237 -0.020507883 -0.04110711 -0.0274993 0.09303076 -0.036910433 0.03383424 -0.023603708 -0.1025404 -0.000032502627 0.00819469 0.005349235 -0.014353089 0.0031998456 -0.06312629 -0.012243617 -0.03365025 -0.041858304 -0.021884486 -0.022305755 -0.038227685 -0.004030606 0.0038667968 0.057561062 0.04551889 0.029832125 0.044894256 0.069738224 0.039959252 -0.059069645 0.0072649424 0.04648567 0.060364448 0.10035826 0.07121515 0.048689593
0.08175498 0.09564155 0.029986529 0.054149006 0.030795623 0.06697946 -0.03400988 0.086478315 -0.06674761 0.07689368 0.028366746 0.041222498 -0.033756666 -0.10182592 0.026076395 0.058979653 0.09961253 0.011815425 0.031676095 -0.026529519 -0.107985474 0.07752611 0.069141015 -0.008286938 0.03142043 -0.046346944 -0.10271832 0.082048826 0.0039794166 -0.11110078 -0.037358 0.083342955 -0.08209508 -0.004469667 -0.09100825 -0.10926612 -0.016578605 -0.023630472 -0.001302471 -0.089863986 0.01831565 -0.063535534 -0.09370196 0.02703882 -0.013500259 0.04466012 0.041077703 0.09150108 0.1173752 -0.05226768 -0.0016023306 0.0749704 0.05498264 -0.06415996 -0.078985386 -0.017569438 -0.073112376 -0.02294011 -0.035295818 0.028203344 -0.025567606 0.009371482 0.07907275 -0.04298196 0.0818747 0.026800355 0.0011323133 -0.020218054 0.03152036 -0.1062262 0.07297783 0.091251075 0.033690073 0.03257581 0.019132065 0.09215656 -0.08539497 -0.03250535 0.022456981 0.049816277 0.0013855491 0.086239584 0.022276647 0.082872614 0.09013399 0.034825824 0.08430708 0.05411395 0.087886184 0.0016329264 0.02124168 0.025913432 0.088485986 -0.06271609 0.080340706 -0.037428286 -0.09941182 -0.034475174 -0.040520906 -0.01566874 -0.044591486 0.04498328 0.0017877576 0.0848831 -0.020520417 0.10598231 0.101136826 -0.1294841 -0.055002727 -0.05494837 -0.07382453 0.034220092 -0.031679306 -0.063046955 -0.06219459 0.11415505 0.02725008 -0.028561363 0.08542482 -0.025463447 -0.060913954 -0.087513596 0.047480706 0.019905452 -0.0058001927 0.0035291598 -0.091145255 -0.019791482 -0.006211418 -0.0056578536 -0.040189695 -0.024988469 0.030787049 -0.112696126 -0.017411085 -0.04462523 -0.06841881 -0.07078422 0.017649325 0.036365543 0.021017192 -0.09481223 0.122848816 -0.08916372 -0.03231392 0.057056054 -0.05623279 0.114165366 0.055906683 0.0022708657 0.028126089 0.033934873 0.07945284 0.10455848 -0.049850248 -0.037536938 0.09298584 -0.0056538843 0.07886239 -0.122007765 -0.09610377 0.08300898 0.026813406 0.014556192 -0.003972321 0.028250165 -0.11587394 -0.05333148 0.046908572 0.03132376 -0.08702988 -0.0057065147 0.081092425 0.019749433 -0.019173771 0.05853704 0.09510966 0.089118615 -0.11250547 -0.08909512 0.025184141 -0.013008147 0.033709645 0.03070826 -0.088479616 -0.10134885 0.05198552 -0.0034519387 -0.08654959 0.117747225 -0.068932526 0.044629116 0.06777792 0.0740225 0.0583619 0.041269936 0.009079929 0.050392203 -0.03945495 -0.08071775 -0.059465367 0.017130049 -0.025262157 -0.059866495 -0.080879465 0.0921321 -0.008997159 -0.08153059 0.07247185 -0.09909319 0.03033015 0.0081041055 0.036972377 0.06827145 -0.011299722 0.047747374 0.08836732 -0.0876046 0.056316324 0.07261794 0.026518088 -0.03823165 0.018558564 0.040413875 -0.07376119 -0.07409453 0.026178759 -0.02688475 -0.005372862 -0.053455018 0.07921611 0.071391165 -0.018269654 -0.05936783 -0.05095178 0.05855699 0.008746853 0.08051719 -0.02403811 0.039885264 0.06653375 0.09243979 -0.0056171254 -0.037438154 -0.067948304 -0.05964107 0.07917493 -0.06855032 -0.021101082 0.028978093 -0.030964041 -0.124229334 0.034017835 0.034954846 0.07457938 -0.015074377 0.09167454
-0.006674059 -0.024756629 0.07372987 -0.07730932 0.068615176 -0.01380133 -0.09605442 -0.014423563 -0.0554965 -0.031009775 0.020733524 -0.08622148 -0.01210607 -0.013848496 -0.05382888 0.014991132 -0.025775297 0.11093592 0.097537935 -0.060411353 0.07588336 0.011329307 0.053158417 0.008821523 0.025558867 -0.06704155 -0.027566835 0.050646253 0.01457005 -0.06754992 -0.075005986 0.07088042 0.09562963 0.08616364 -0.026521306 0.027701234 -0.04945665 0.031630524 0.09733766 0.025645204 -0.08622463 0.064803936 0.029916855 0.09642531 -0.028429076 -0.013109811 0.01236266 0.026376717 0.042364784 0.032048937 0.13673985 0.08243022 0.07796111 -0.092509635 -0.0166557 0.04783355 0.06526105 0.044649854 -0.028231233 -0.07154261 -0.070988506 0.055304717 0.018028589 -0.042890288 0.07699596 -0.07369919 0.025429294 -0.02005895 0.03531711 -0.109549806 -0.050215423 -0.082895786 0.027486404 -0.0007753648 0.0343683 0.028414853 0.04256504 0.043569226 -0.030930461 0.067342676 0.10907494 0.06374674 0.043504886 -0.06533653 0.027459795 -0.04418704 -0.06038246 0.048506916 0.0293534 -0.034285314 -0.050662305 -0.07986293 -0.103315964 -0.014608431 -0.13947639 0.07940638 0.04830327 -0.04817006 0.0808542 -0.019855892 -0.10733999 -0.14942029 -0.023557287 -0.08525802 0.03516525 -0.024646379 -0.06596478 0.06948978 0.013060345 -0.017364006 -0.050364073 0.112566255 0.007292497 -0.04253421 0.059177805 -0.05314741 -0.09171983 -0.06570506 -0.111777335 0.008183057 -0.0012375816 0.051805682 0.01600455 0.010662294 -0.11506357 -0.06600417 -0.0763759 -0.07355552 -0.029207954 0.04888261 -0.0115866 -0.03445491 0.026699785 -0.03216057 0.011727336 -0.15868798 -0.06193937 -0.027931385 0.062025845 0.121548116 -0.0071710413 -0.0073267794 -0.04401276 0.05473939 0.011208931 -0.036025707 -0.004688977 0.10932628 -0.033706784 0.09563067 -0.07203012 0.13187093 -0.023124492 0.04123598 -0.055010162 0.12660794 0.0142908115 0.112483904 -0.042884603 0.07496474 0.034078244 -0.11349116 -0.047503322 -0.01131651 -0.013134122 -0.053654596 0.019985477 -0.071920246 0.036987077 -0.033137545 -0.037641227 -0.08570791 -0.089853786 -0.058265068 0.0194727 -0.003231099 0.15560266 -0.02402348 -0.13146025 0.016913505 -0.032536007 -0.047302984 -0.085898474 0.107093506 -0.035699103 -0.074131094 0.10665719 -0.021980386 -0.11708597 -0.051704384 0.012874418 0.070897356 0.042664766 0.012394156 0.007773294 0.034885705 0.044827614 0.108257905 -0.044709623 -0.04021708 -0.01859491 -0.018470893 0.033515193 -0.07650495 0.06333982 0.06763974 0.023933765 -0.015041418 -0.03770956 -0.0040625297 0.0017142975 0.07819865 -0.100086205 -0.015073293 0.055111617 0.0204977 -0.036324326 -0.033454493 -0.024963763 -0.053235553 -0.035131417 0.11032956 0.011869501 0.13778019 -0.01305023 -0.05599562 0.0051251547 0.08350233 -0.07570519 -0.033652198 0.030354254 -0.027502986 0.094695285 0.080665015 0.049923103 -0.0064913207 0.01849605 0.10417378 -0.010416811 -0.0022854703 0.019732872 -0.05612979 0.01631604 -0.03591485 0.02567808 -0.10573467 0.0063246605 -0.087701134 0.03866372 0.082192086 -0.036023248 -0.056105286 -0.0018723282 -0.003239492 0.030990496 0.0567394 0.04666149
0.1261895 0.008999517 0.09811905 -0.009183942 0.0009275352 0.088638805 -0.073804766 -0.10620157 0.049629677 0.05263835 0.0013835011 0.07863897 0.03880322 0.08062715 0.11569169 -0.034370348 0.009078597 0.06546662 0.06572829 -0.03740033 -0.023264434 -0.057819456 -0.10070786 -0.074184716 0.119085304 -0.04894645 0.09886213 -0.018996067 -0.047335368 0.1007777 -0.08369845 0.04540084 -0.052862998 0.006808437 -0.024063764 -0.12064585 0.055864103 0.041051943 -0.02588396 -0.074088 -0.045585044 -0.05868231 0.08192308 0.019185234 -0.122929364 -0.14274068 0.066411175 0.040557202 0.07020141 -0.08285433 -0.015688043 0.10065477 0.087704785 0.0067764292 0.024220485 0.089768685 0.063081495 0.07991582 0.07834408 -0.0673681 -0.07891971 0.040969577 -0.02245651 0.030681925 -0.09527602 -0.013612913 -0.07909048 -0.0038737915 0.031102197 -0.08870546 0.0052705724 -0.0963597 -0.07457625 0.10309264 0.07244519 0.059426885 -0.101227656 0.028860945 0.0025776727 -0.014626718 -0.048547503 -0.041889563 -0.09987274 -0.06648156 -0.10091453 -0.019527374 0.07031423 0.022679256 0.015786778 -0.15111971 0.003027285 0.045194294 0.05552902 0.09358969 -0.0071947156 0.080113254 -0.020251436 -0.07130798 -0.025837567 -0.09385512 -0.07291177 0.060901023 0.036573905 0.12182005 -0.056977622 0.08149088 -0.0010206758 -0.052400168 0.011653385 -0.0015392512 -0.05799696 0.054426745 -0.035021428 -0.030424168 0.059415232 -0.02372791 -0.08553815 -0.007220765 0.075582035 0.0933015 0.07204362 -0.006847904 0.083048895 -0.06700515 -0.09394565 0.11190447 -0.04940733 -0.030772818 0.03179802 -0.002607482 0.1525774 -0.0153496 0.004590416 0.022925159 0.05395532 -0.04594173 -0.10202688 -0.104439974 0.025897032 -0.031525638 -0.08926906 -0.022608297 -0.049000964 -0.037194777 0.04305244 -0.0773648 -0.016600518 0.113307446 0.10154567 0.022933787 0.034931738 0.09822876 0.09729881 0.042469814 0.020285465 0.058021393 0.039222803 -0.033727728 -0.041401714 0.064775914 0.105473116 -0.17489837 -0.11223022 0.0729913 -0.05167105 0.07278151 -0.047912233 -0.02953962 0.08940861 0.08694093 -0.15217447 -0.057549153 -0.034897026 0.058229487 0.07005269 -0.06415309 0.10826744 0.0016336773 0.046106923 -0.058562692 -0.03947905 0.08048446 -0.016919736 0.00091658003 -0.089211136 -0.0067482027 0.061118893 0.05831406 -0.07082907 -0.09927603 0.12690035 -0.14593053 0.0596627 -0.073407285 0.11522965 0.048123967 -0.03401502 -0.071665056 0.09504897 0.0941058 0.026280573 -0.12551965 0.039867647 0.0346345 0.07256185 -0.1166129 0.04067051 -0.040369324 0.02622319 0.042591605 -0.04337771 -0.035457995 -0.057867385 0.044719744 -0.02312353 -0.14228705 -0.031812403 0.08075217 0.081610516 -0.056966428 -0.002587063 0.010927878 0.06826095 0.0846277 0.07270202 -0.04514876 0.13587084 0.12055306 -0.0008315821 0.007871509 0.11270534 0.05893186 0.083023 0.011587709 -0.08521724 0.008945558 -0.039159246 -0.022927761 -0.046432424 0.011728205 -0.08414529 -0.05897375 -0.020501252 -0.102158085 -0.06856767 0.060134772 0.10568343 0.11589177 0.07259958 0.097068645 -0.013604634 0.04560127 0.042498294 0.03895757 -0.004633757 -0.00013356959 -0.04763767
-0.10404033 -0.024440022 0.0028506538 0.0040825782 -0.033765454 -0.02077452 -0.05540773 -0.095907696 0.041643694 -0.050929278 -0.023852227 0.008304514 -0.047281753 0.081341185 -0.072385095 -0.04630938 -0.102243945 -0.086864784 0.066281475 -0.0251691 0.07095585 -0.00044256088 0.018880686 -0.10980072 0.07170873 0.048030887 -0.05538945 -0.016296618 0.09416122 -0.001010719 -0.044640753 -0.01712128 -0.011559982 0.08751014 -0.03801646 0.0774675 0.025659144 -0.056634545 0.07988128 -0.013206146 -0.07473339 0.01033683 -0.027094038 -0.08413755 0.0886359 0.033178717 -0.12271243 0.0011290654 0.081711695 -0.0014495477 0.12396106 0.0778611 0.089885615 0.0536051 -0.03430844 -0.09269847 0.054089207 0.07896031 0.08144539 -0.08965892 0.099832505 -0.067349575 -0.050930098 -0.07931823 0.007324964 0.028704155 -0.08302717 0.0644906 -0.026975248 -0.090272136 0.09880911 0.009795674 0.09090798 -0.10868378 -0.07545272 0.09396749 -0.039604064 -0.08230997 -0.11201636 -0.01045689 -0.01946279 -0.02578696 0.06410801 0.066557854 -0.03861481 0.08669698 0.07934655 0.112345666 0.05240918 0.039745003 0.020553904 -0.02786795 -0.07571906 -0.0016989114 -0.029530674 -0.032856826 0.10711932 0.06529865 0.019183608 -0.09038787 0.061042093 -0.0882666 -0.09145275 0.059379417 0.058194384 0.03181643 -0.10671885 -0.032669537 0.08955483 -0.014133401 0.04187004 0.07223856 0.04243707 0.07777192 -0.0023691885 0.09326705 0.07824159 0.0376953 0.067335844 -0.027389046 -0.066231035 0.025770813 -0.10628074 -0.12668367 0.03573561 -0.08314647 0.0852297 -0.12125874 0.092116736 -0.00978681 0.105014324 -0.006352807 0.0505489 0.054955933 -0.00002717178 -0.09305829 -0.019631362 -0.024592614 0.073268525 -0.009590343 0.06686155 -0.0012557011 0.05659524 0.033159677 0.040909626 0.0452954 0.04570569 0.078066 0.025509672 0.059694126 -0.077766895 0.0883274 -0.013602588 -0.038128544 0.014735604 0.13244449 0.04706429 0.026813226 0.058845427 0.026847005 -0.020372683 0.005065089 -0.056562725 0.10622246 0.081596926 0.1107245 -0.014248108 -0.007377532 0.020023938 -0.048051734 -0.024856422 0.03421868 -0.05075671 -0.0015019769 0.019651106 0.012470372 0.115569666 0.032740537 -0.058219492 0.053792316 -0.11886371 0.016282547 -0.017970797 0.120419525 -0.06459599 0.06683157 0.04741979 0.09693694 -0.079919055 -0.06793 -0.017853394 0.051636297 -0.13271615 0.016349375 0.07695977 0.0935122 0.0008914001 0.059762057 -0.06512984 -0.08908297 0.11701525 0.025421437 0.066294484 0.0075605363 -0.070211746 0.029474597 0.098349154 -0.0003824919 0.08087544 0.1108324 -0.023660386 -0.059563626 0.031652637 -0.07970573 0.075762495 -0.048192807 -0.04796312 -0.056249257 0.0072252657 -0.05030278 -0.0033465829 0.031335354 -0.08123297 -0.01888642 -0.019829437 -0.06722017 -0.0009672992 -0.05897319 -0.026695754 -0.02590239 -0.04503434 0.034731988 0.007185266 -0.019091763 -0.000023230295 0.020331359 -0.011423246 0.07921467 -0.041471694 -0.006252195 -0.07366976 0.01791541 0.064125955 0.011849571 -0.0042370493 -0.008717364 0.09161457 -0.007946338 0.04245216 -0.018428829 0.0611087 0.04671106 -0.100294225 0.105978034 -0.071513794 0.029325806 -0.022323988
-0.022197744 0.036785204 0.03857115 -0.0059769405 0.060032 -0.029614082 -0.016349029 -0.08451579 0.06920519 -0.13068554 0.02718169 0.013454524 -0.069469824 -0.04587974 0.048178554 -0.034542892 -0.026430858 0.015372816 -0.093286484 -0.064301625 -0.038924303 0.040406227 0.09337734 -0.06320016 0.0034176877 0.10440488 0.04371518 -0.10020862 0.057002198 -0.08004845 0.00760142 -0.09560326 0.01954557 -0.090322666 -0.0110447705 -0.020218143 -0.094800696 -0.003449266 -0.038193222 0.085646845 0.06674037 0.031123497 0.029884897 0.0032736699 0.057004448 0.058289383 0.00851263 0.08922656 0.06604034 0.05852119 -0.09819783 -0.07262724 0.012682788 -0.10498317 -0.07568267 -0.112419255 0.06088397 0.077745125 -0.037310507 0.07262142 0.09491945 -0.05528997 -0.027651846 0.003445649 0.051222626 -0.04244076 0.050316587 0.03722848 -0.11139643 -0.016344437 -0.06539008 0.05064072 -0.0069562625 -0.07741335 0.08487681 -0.03628731 -0.057590473 -0.06582623 -0.041703943 -0.110966265 0.028149322 -0.025764322 -0.074764125 0.062302615 -0.10142129 -0.056640875 0.032038897 0.09524875 0.00016976267 0.050326426 0.013184442 -0.00093248725 -0.014411727 -0.07999362 -0.052519757 -0.09798162 -0.08112999 0.12808886 -0.086054206 -0.1019576 -0.0107365595 -0.05642534 -0.020030404 0.006160761 -0.077334754 -0.016991243 -0.014321705 -0.07039622 0.080616 -0.046817254 0.041699365 0.0016266165 -0.09043155 0.042338274 -0.061402455 -0.086771324 -0.04055922 -0.04453802 0.06979851 0.07297809 -0.089130275 0.035213392 -0.01925452 0.04067218 -0.06369227 -0.056828022 -0.019517409 0.08310831 0.084083274 -0.084335975 -0.011887588 -0.09285512 0.09114972 -0.096663356 0.08977041 -0.029469067 0.072679825 -0.0101793 -0.07613863 -0.020548843 0.019045427 0.014781491 0.042776417 0.10210502 0.040079147 0.07278438 -0.0030727172 0.06914662 -0.095183745 0.023753138 0.06037267 0.10159368 -0.12578158 0.09780232 0.02679429 0.025688538 -0.07201558 -0.07774045 0.016791817 -0.08763916 0.0058916323 0.07709074 -0.092155844 -0.06136411 -0.008541932 0.056001686 0.04969803 0.05753334 0.05238872 0.049565617 0.022431241 -0.07824077 0.019261986 -0.05808431 0.06839961 -0.08692426 -0.10158331 -0.075658254 -0.070927836 -0.08135634 -0.10849594 -0.024783226 -0.030171443 -0.055751465 0.034967598 0.07300516 0.04078211 0.051555105 -0.0936424 0.052257236 0.043505497 -0.08770662 0.06384968 -0.07404133 0.0110598635 0.0128821535 -0.04663894 -0.030188179 -0.03729385 0.03909938 0.007937522 0.025816834 -0.05110334 -0.04170043 -0.0047338293 -0.08073931 -0.059300974 -0.091528326 0.017618619 -0.0038280883 -0.047512837 0.09118174 0.0730356 -0.050333973 -0.0053384616 0.074319705 -0.10452582 0.061655995 0.02364063 0.007297081 -0.085112534 0.040148795 0.017727736 0.03308432 0.03628409 0.112676844 0.004256369 0.041703947 -0.030254692 -0.12241442 0.08007791 -0.06295947 -0.046274323 -0.08093629 -0.099352546 0.083113424 -0.05995055 0.049551517 -0.004014373 0.0342623 0.046967052 0.059152298 0.05580056 0.039163943 -0.0021331108 -0.049564734 -0.03299693 -0.018108306 0.044721294 -0.045949772 0.08580561 0.025445728 0.055719156 -0.023123695 -0.07371053 0.03799287 -0.09235906
-0.01672678 0.06583814 0.06686331 -0.06906216 0.059235968 0.046180118 0.096932195 0.11257859 -0.024331437 -0.09218787 -0.051310454 0.039085757 -0.0781432 0.045901064 0.06782117 -0.0652864 0.059827782 -0.055617865 -0.00027869825 -0.047815107 0.068986274 0.030424522 -0.049350925 -0.08455485 0.052037735 -0.10031349 -0.10395696 0.084289275 0.08066708 0.12388446 0.08563597 -0.041383464 -0.01215346 0.09610502 -0.020978536 0.025235929 -0.030802796 -0.012624984 0.025682835 -0.057255972 -0.023736043 -0.051047124 0.09379776 -0.07108096 -0.08339286 -0.0657275 -0.030160125 0.0036106978 -0.040711526 0.021175707 -0.090539746 0.006281811 0.07708136 0.064509474 0.10025864 -0.007261163 0.0874941 0.032039005 0.020516986 -0.037246734 0.0732685 0.10056659 0.004790422 0.060281288 -0.04864199 -0.089098416 -0.06268835 -0.08492871 -0.04787077 -0.035727967 -0.014090323 -0.08490813 -0.08504784 0.023884524 -0.066427 0.032038048 0.026899302 -0.05720794 -0.054932706 0.09802634 -0.09331636 0.0030430786 0.004031982 0.0881938 -0.009608479 0.10676741 0.120044 0.109333746 0.034736518 0.08283475 0.05249184 -0.058807064 0.048880212 0.020653348 0.065061696 0.08166631 0.026445491 0.0060212025 -0.105908595 -0.10581963 0.046227068 0.029643767 0.055731054 0.10716761 -0.071019545 0.064815514 0.028100325 -0.019912418 0.06770028 0.09648692 -0.06751678 0.028567804 0.069582924 -0.09243042 -0.0595238 0.015588369 0.09426127 0.03561581 0.032515455 -0.0029872938 -0.1137916 0.041636508 0.113805816 -0.059290435 -0.10145636 0.11045765 -0.020472795 0.034173228 -0.005059834 -0.09065814 -0.107600264 0.10830792 -0.07433246 0.080278054 -0.04606689 0.045604393 0.021433376 0.036671057 0.07488867 0.0966987 0.070825756 0.038486775 -0.10485377 0.092946894 0.020201508 -0.030106546 -0.051912643 0.006036258 0.079701796 0.0028627343 0.10318204 -0.05250447 -0.023645338 -0.04532072 0.064705364 0.05427246 -0.034009155 -0.008605829 -0.009530149 -0.028743012 0.09342859 -0.028285813 0.07477003 0.0056498987 0.01741813 0.06326138 -0.041688163 -0.061566204 0.13576818 -0.0062283576 0.057322543 0.038682777 0.09137778 -0.022802213 0.12693651 0.068277046 -0.009906859 -0.031877246 0.11881591 0.08805313 0.121101834 0.005732147 -0.018897621 -0.028527608 0.08402802 0.08431735 -0.052246712 -0.017286878 -0.098074 -0.05351652 0.07401241 0.04391785 -0.015589255 -0.0315796 -0.048747424 0.08756877 -0.04944682 0.09582783 -0.088466324 0.03152883 0.07316123 0.09779194 -0.108282 -0.075745076 -0.07344429 0.008325717 0.02899742 0.09902546 -0.010894199 -0.10592867 -0.035079677 0.067761324 0.08578435 0.09395622 0.076780915 -0.0709737 0.01621153 -0.08535962 0.044170916 0.023072498 -0.08448387 -0.09557918 -0.0390748 -0.021952722 -0.07182696 -0.10866675 -0.003875026 -0.018462516 0.08698689 -0.07011065 0.035603847 -0.04445324 0.06856048 0.09266511 -0.018390322 0.049037512 -0.00044731033 0.049835764 -0.0662364 -0.09624302 0.0071748653 0.017644258 0.018832581 -0.0026404879 -0.09001493 -0.016890312 0.002734965 -0.041656982 0.0079629505 -0.009782219 0.005237254 0.10009381 0.12979804 -0.049865525 0.008364451 0.08590766 -0.059555694
-0.050573524 0.08132894 0.033180796 0.015768696 0.04368496 0.009956972 0.014411535 0.003333736 -0.021160532 0.12220419 -0.06806714 -0.016622977 -0.033870257 -0.06746359 -0.06506396 0.06372115 0.037129823 0.06298963 0.011631702 -0.03778121 0.023789626 0.009651895 0.097071774 0.04526275 0.027087573 0.095181376 -0.08481401 -0.02722931 -0.09000455 0.08874917 -0.025742956 0.101021394 0.04362372 -0.041244764 0.031110141 -0.118857466 0.015492138 0.017137624 -0.059705537 0.05902347 -0.019517984 0.024114579 0.049297612 0.05798802 -0.08254348 0.08170631 -0.014801319 0.025397902 -0.049935598 -0.042275764 -0.16058744 0.057358492 0.057482414 0.09717929 -0.10989424 0.024069566 0.0007220226 -0.096700914 0.04920919 0.068535626 -0.089941554 -0.08716191 -0.054199725 -0.08599639 -0.038122762 -0.051360898 -0.008243697 0.04645379 -0.04968472 -0.04956113 -0.021081582 -0.07321051 0.008401185 -0.05981198 0.05120818 -0.016509209 -0.028901124 0.03606568 0.023472413 0.06635803 0.046507094 -0.0291464 -0.010383368 -0.06100509 0.06360117 -0.069382735 -0.06268208 0.0020586897 0.034859832 -0.09382585 0.014472714 -0.042911414 -0.07700225 0.073936746 0.0058015552 0.1765288 -0.048384305 -0.1335471 -0.079744644 0.05392193 -0.042291157 -0.042674277 -0.11230824 -0.056108914 -0.026039373 0.012947447 0.0077594356 -0.12475393 -0.048556197 -0.121412076 -0.006740724 -0.13921037 -0.016596766 0.0591035 -0.008533923 0.000673549 0.06927125 0.10830789 0.011657098 -0.10462746 -0.016682176 -0.043789882 -0.03766155 0.10978655 -0.0035619622 -0.013725887 0.042205807 -0.11040094 0.012604818 0.10310809 0.015672842 0.031154996 0.120563015 -0.002405964 0.0368281 -0.013196947 -0.007777545 -0.09139833 0.0075594652 -0.11832198 -0.024884209 0.010460818 0.16548601 0.0493525 0.0903843 0.036589283 0.018630426 -0.008982464 0.044931214 -0.048940368 0.07674127 0.051779512 0.12816711 0.07727238 -0.03034605 -0.047925226 -0.089275405 0.077863045 -0.017875612 0.10070378 0.10201934 -0.040302668 -0.048341442 0.0018372727 0.04443466 0.023868322 0.021323677 0.051903807 -0.04647402 0.059178203 -0.051366918 -0.04482828 0.058316562 0.070721105 0.008930494 -0.106009685 0.074266605 0.17464107 0.12732628 0.03984128 -0.050714068 -0.04266172 0.05402323 -0.065956704 0.011260056 -0.049267784 0.043420356 -0.014343126 0.002514441 -0.04521752 0.0699759 0.023740504 0.112542376 0.09490177 -0.01598873 0.06678965 0.013356033 0.09021658 0.1277267 0.032588925 -0.041471403 0.021726841 0.0850794 -0.039195765 -0.08118829 0.11444081 -0.027083924 -0.06376327 0.09727337 0.080394596 0.040249422 0.074794345 -0.006802932 -0.044430465 0.016512835 -0.017141854 -0.040765606 0.028551444 0.08168112 0.08029271 -0.02806688 0.043698788 0.035592817 -0.049285617 0.08214431 0.15431072 0.07624689 0.11660803 -0.010091983 -0.03053597 -0.03028776 -0.07940897 -0.08692194 -0.003571481 -0.055449557 -0.077107586 0.008900292 -0.040373556 0.078524105 0.029832307 -0.0830548 -0.07052894 -0.010669177 -0.08472392 -0.025227765 -0.026537092 -0.08599204 -0.102250926 0.13231766 -0.070589595 0.029042562 -0.017546518 0.100222535 0.0018030768 0.054348927 -0.116865456 -0.0074632065
-0.07457995 0.02784445 0.05940165 0.039936822 -0.108148076 0.0638328 -0.026278626 0.05307384 -0.08571478 -0.0023095652 0.019803926 0.046281632 0.10235488 -0.120747685 0.044021305 -0.0043661646 0.08351772 -0.094132334 0.05853329 -0.090740204 0.043498952 0.03833848 -0.05767197 0.033020265 0.07790576 0.024947459 0.06613943 -0.06913738 0.062052857 -0.063801825 -0.045008376 -0.0010931335 0.03736415 -0.07319417 -0.030300768 -0.07078431 -0.050650135 -0.05224247 0.031547084 -0.045683857 0.11502486 -0.0006770924 -0.070259355 0.07693929 -0.062219378 -0.01881172 -0.06671319 0.08848131 -0.03243465 0.064980686 -0.09249164 -0.17000975 0.06128629 -0.0052680643 -0.06341775 0.026385892 0.020778878 -0.055659674 0.017438482 0.06762666 0.05847142 -0.09415079 -0.013266133 0.112113975 -0.07110026 -0.021295205 0.028774366 -0.062641576 0.07340601 0.10764203 -0.022121882 -0.07198935 -0.1029597 0.06513343 -0.043277312 0.035884406 -0.052232046 0.0097707305 0.098695986 -0.037112243 0.0716012 0.054179523 -0.023027342 0.031710252 0.027228542 0.055012465 -0.054580245 -0.03275139 0.03060163 0.05102891 -0.043851983 0.023899969 0.04556166 0.07668107 0.13307105 -0.1228189 0.021029374 -0.017783 -0.080702744 -0.03255987 -0.0656717 0.08798097 -0.070144325 -0.09008126 -0.014309664 0.039532505 0.017349916 -0.048517086 -0.0597075 -0.020489724 -0.06278148 -0.094864994 -0.05211759 -0.10333122 0.08477837 -0.09476047 0.059607416 -0.097007655 -0.043498456 0.021413282 0.09644568 -0.0152568985 0.016679257 0.035701618 0.08028679 -0.08370908 0.058002222 0.019068768 -0.1302525 0.0034152477 0.04104723 -0.059352342 -0.012203695 -0.0005154899 0.06406668 0.05549122 0.040938705 0.018612033 0.03832187 -0.037260838 -0.05248366 0.0886418 -0.0688166 -0.05047943 0.057583936 0.13495325 0.009342774 0.0491929 -0.007111363 -0.10024489 0.06760295 -0.058511622 0.08092661 -0.035439998 0.04065714 0.07001356 -0.06710232 0.03352501 0.106741026 0.06355889 -0.027265048 0.075119816 -0.017681811 -0.09138674 0.11042373 -0.074402995 -0.03042161 0.014337338 -0.018355532 -0.07773995 0.030178519 0.040483188 -0.06853234 -0.008390197 -0.027316263 -0.020789336 0.0180104 -0.070127964 0.028667558 -0.06502519 -0.036034837 0.05169658 0.023051593 0.046756197 0.09153876 0.101221055 0.10951049 -0.026209885 0.08583979 -0.06566972 0.022518132 0.0532101 0.009097671 0.02522338 -0.07745654 -0.0035921112 0.14093058 -0.018706108 0.015393104 0.073968604 -0.00018551947 0.029531082 0.049817152 -0.04827088 -0.008147613 -0.061149064 -0.027368532 0.081882015 0.06347871 -0.030446073 0.059272125 0.07534294 0.06370469 0.097717136 -0.047714382 0.01541375 -0.055825945 0.10219453 -0.11177004 0.013693825 -0.03261562 0.05488682 -0.04646859 -0.02953626 -0.07819297 -0.05488697 -0.002107388 -0.05920705 -0.06007093 -0.028911086 0.04709412 0.08541529 -0.12601568 -0.0984114 -0.018200582 -0.05429459 0.06565938 -0.037720893 0.04198548 -0.070130974 -0.064820886 0.03302325 -0.06527193 0.007567557 -0.061365426 0.11386587 0.00880385 0.10728549 0.004513101 0.025106791 0.07888576 -0.11808143 -0.083960235 -0.06944132 -0.07961265 -0.00075106777 0.025917774
-0.0542447 0.0028439416 0.10755003 0.011369108 -0.07932672 -0.07167395 0.028113147 -0.06375516 0.048981287 -0.10468094 0.092386134 0.06026356 0.117243595 -0.028312633 0.014516537 -0.016854906 -0.08785844 -0.053470373 0.08782737 -0.08491229 0.07750049 0.08483895 -0.03047563 -0.09517432 0.069112375 -0.01912305 0.025878282 0.0054742666 -0.069523044 -0.04980102 0.10021344 0.017008625 -0.0016619291 -0.011395783 0.0030806789 -0.067717284 0.06644584 -0.08164676 0.010955168 0.010489838 -0.005156001 0.07169174 -0.09531542 0.055753034 -0.061669335 0.052617606 0.05774521 0.089049816 0.031512342 -0.07797765 0.06815472 -0.076597735 -0.04437022 -0.0710795 -0.06773322 0.028274652 -0.09295822 0.10605884 -0.013860727 0.0141911805 0.06414012 -0.03906385 -0.115983225 0.02027135 0.11592073 -0.04094964 0.08321596 -0.1319275 0.10792178 0.06793053 -0.007963424 -0.04714158 -0.0099964505 0.0038809024 0.07916935 -0.04890001 0.071287036 -0.07418369 0.082182646 -0.017377349 -0.09548703 0.095739804 -0.020406421 -0.072912835 0.017264478 0.09354429 0.07007832 0.036859293 -0.08349538 0.08215439 -0.041484367 0.04237694 -0.036733825 -0.04739813 -0.043449488 0.092819296 0.059071735 -0.08554872 0.05971164 -0.04078184 0.09393327 -0.04226095 -0.10397673 0.09493289 -0.0848356 0.053162277 -0.008303295 0.042822488 0.13173684 -0.04031594 -0.011063958 -0.04610534 0.008608995 -0.022399077 -0.0833732 -0.06995429 -0.0054651992 -0.008016164 0.039695695 -0.04735254 0.044357557 0.023948126 -0.1066252 0.0499985 0.020615017 0.09917782 -0.012161867 0.00074195664 -0.054522887 -0.0151085025 -0.04969344 -0.054421663 0.024419986 0.00845904 -0.03810997 0.086217694 0.0028585934 0.04651378 -0.1133853 0.024434593 0.06934505 -0.046774104 0.018246353 0.012938243 0.036684763 0.034925975 -0.0028236685 0.07523993 0.036767706 -0.032472417 -0.008019095 0.04542964 -0.08020868 0.066475146 0.021514589 -0.05078115 0.0022966508 -0.013435777 0.041586842 0.035661597 0.0013855534 0.061468292 0.08306592 0.0758684 0.07629196 0.05672988 -0.06551392 0.004371003 -0.02555785 -0.0034268014 -0.10508809 0.047700554 -0.023553906 -0.09429371 -0.028911123 -0.09865086 -0.047157038 -0.10720465 0.086442746 0.001942788 -0.015213266 -0.11143464 0.07415723 0.060201846 0.034935214 0.055245172 -0.07063175 -0.014943754 -0.012240402 -0.020345772 0.08979655 0.03411636 -0.04400972 -0.0011437665 -0.039314765 0.052797366 -0.07549216 -0.041720357 0.07371953 0.028732745 -0.006163732 -0.027729867 0.0005825326 -0.056236364 0.056326143 0.020496666 -0.03195641 0.077580556 0.051035464 0.0161094 -0.045766044 0.024843995 0.032432906 0.081740126 -0.04791329 0.036411002 -0.09874463 0.08508249 -0.062103383 -0.029844886 0.092435546 0.10220553 -0.057282776 -0.037286215 -0.016103355 -0.0021750128 0.036358945 0.088098794 -0.10040682 -0.10922777 -0.052309453 0.04919457 -0.09633301 -0.10166315 0.078062445 0.052542735 0.005697695 0.10453826 0.06466083 0.07136366 -0.051576834 0.123505935 0.04555458 -0.065440975 -0.013650331 0.08137964 0.054868273 0.07337573 -0.096872635 0.02686565 0.03985178 -0.060042944 0.00899455 -0.061899785 0.05065333 0.030283961 -0.014606089
-0.00937473 -0.11738999 -0.07941948 0.07359504 -0.0873389 -0.08615504 -0.0084002195 0.110922106 0.07141269 -0.07358301 -0.049409848 0.049851943 -0.16809125 0.08653794 0.057316612 -0.1115518 0.02586683 -0.073427856 0.08906231 -0.030646209 0.09092405 -0.01783157 0.08746181 0.061124563 -0.13547277 0.07344196 -0.13469028 -0.0072439914 -0.12605152 -0.025187287 0.016407307 -0.090055846 0.0277061 -0.12415851 -0.07975976 0.088017784 0.124463096 -0.03393757 -0.071040705 0.061092224 -0.06204002 0.10726004 -0.13778639 -0.11599619 -0.0076733595 0.054064482 0.068403564 0.04077484 0.049758583 -0.0817739 0.11311813 0.060981993 -0.020298505 0.061346352 -0.059562583 0.09946755 -0.00034050422 0.029374441 -0.10894311 0.12379829 -0.0544152 0.0074554565 -0.12773214 -0.009995126 -0.091776796 0.07699208 -0.07265279 0.10034613 -0.023494268 -0.034270428 0.04696954 0.10811006 -0.083999634 0.054794133 0.0918571 0.0004968537 -0.03108395 -0.027298016 -0.16981451 -0.011172389 0.0946803 0.03598511 -0.07036141 0.091708526 -0.011072953 -0.14869145 -0.10502061 0.038534544 0.034060083 -0.07617694 0.07149084 0.114622116 -0.06599339 0.0759136 -0.07381697 0.041908015 -0.059108045 0.014794859 0.10787013 -0.08698763 0.09923107 -0.001862267 -0.03535748 -0.026222626 0.010895579 -0.09323882 0.07137343 -0.005013622 0.072645985 0.10372229 -0.06872445 -0.08881983 -0.036337607 0.018167242 0.10013515 0.014084753 0.09574549 -0.042795487 0.06589718 -0.07660447 0.13427922 0.10830629 0.06157384 -0.036655985 -0.065447815 -0.01266647 -0.099348396 -0.050891593 -0.06471777
0.0515516 0.08591385 -0.0066828043 0.011671459 -0.003058141 0.030354626 0.046355087 0.11176252 0.064666666 0.062425036 -0.07827075 -0.043464947 -0.09731538 0.027951155 -0.12072776 -0.12208832 0.07068697 0.09012205 0.007868527 0.05416497 -0.082068086 -0.0016940706 -0.0387652 0.075576976 -0.18734759 -0.016617175 -0.129056 0.0976193 -0.03876568 -0.027345495 0.079275675 0.0731861 -0.06518379 0.026883828 0.11839543 -0.022979781 -0.082094125 0.027174065 -0.024102487 -0.101765305 0.04571213 0.032741103 -0.113142096 -0.08298205 -0.0106565375 -0.007378017 -0.016578054 -0.1778217 -0.00036822143 0.12007354 -0.0732332 -0.1845533 0.12298318 -0.12631074 0.023304705 0.06844564 -0.07608683 -0.09082415 -0.1054272 -0.020915331 0.12675555 0.0070808344 -0.07062576 0.08941586 -0.02071696 -0.054702923 0.045702275 -0.05972245 -0.1310238 0.06813732 0.09741174 0.070664465 -0.050272405 0.051193304 -0.007975994 -0.086976156 0.08283924 -0.010074231 -0.03460633 -0.025754262 -0.0877307 0.05125098 0.052686464 0.070084535 0.091267616 0.03142789 -0.0029553627 0.082108326 -0.031472906 0.038545914 -0.062456764 0.0054304865 -0.11107687 0.019140525 -0.05066387 -0.04866499 0.03326634 -0.028890144 0.089863695 -0.042412613 0.027706757 -0.15741912 0.07849907 -0.01390158 0.07461009 0.10114509 -0.08410374 0.06470717 0.053020425 0.00095925183 -0.016378768 0.12847026 0.033681694 0.09244597 -0.05837455 -0.11878738 0.087415375 0.028711956 0.0043766615 0.026081873 -0.04933617 -0.121165924 -0.023440432 0.047477547 -0.1620642 0.053113926 -0.012656555 0.06032056 0.070913725
0.016280722 0.056941558 -0.07905461 0.07458392 0.01150187 -0.026134633 0.049976893 -0.07975462 -0.119097844 0.09583692 -0.06015106 -0.014489692 0.019739386 0.017039698 0.095133916 0.0035259565 -0.017459288 -0.061103906 0.04816015 0.09891316 -0.08431694 -0.0211345 -0.05798668 0.024625437 0.03961447 0.040330008 0.05048794 0.023351388 -0.102524675 -0.009790789 0.010608403 0.10148781 0.12882298 0.009206073 -0.032760117 0.04492048 -0.006434047 -0.116429955 -0.13934785 -0.047024693 -0.058732495 0.058172766 0.0799051 0.0629615 -0.007924693 0.06552013 -0.045787882 0.016389862 -0.09014774 -0.10390008 -0.07595738 -0.039735045 0.052758265 0.0010122161 0.002845318 -0.06490992 -0.04663724 -0.0026358939 0.012203264 -0.0011051976 -0.015353849 0.029282447 -0.042186905 0.13022424 -0.0712079 -0.031410027 -0.09740167 -0.030230204 0.01411799 0.038296457 0.12413961 0.0502026 -0.12514322 -0.0728723 0.08236432 -0.009608108 -0.10424013 0.0062361686 0.059211962 -0.039856143 -0.15582225 0.045439765 -0.01716324 0.020995475 -0.09365203 -0.03932585 -0.06643797 0.043089494 0.11640225 -0.03844311 0.048078053 0.074512295 -0.023961084 0.097720236 0.13271557 0.0815572 -0.06963899 0.030638462 0.0041206274 -0.078666374 0.038668137 0.07731769 0.01915224 0.064549066 0.04551514 -0.08393447 0.13617493 -0.107365355 0.1215199 0.084209934 0.035136245 -0.022918422 0.08512419 0.04940468 -0.11066205 -0.056692157 -0.08962261 0.0019683877 -0.0435247 -0.124770336 -0.09535148 0.051216077 0.019915015 -0.023756638 -0.013946947 0.056333564 0.02079483 0.07003798 -0.058188036
-0.007881641 -0.017051138 -0.11672606 -0.0508198 -0.029738799 0.049102742 -0.0015827712 -0.1068543 -0.036801737 -0.053199723 -0.034576524 0.016386867 0.10864867 0.1276646 -0.04699456 -0.03666173 0.036437754 0.0069822413 -0.006882589 -0.06865613 0.06714538 -0.0368236 0.053331133 0.030267058 0.09972919 0.07853524 0.023410002 0.01628793 0.04390743 -0.10432476 0.066466674 -0.064278364 -0.1027907 0.1353636 -0.0007701508 -0.072700135 -0.0007890611 -0.007464592 -0.11402445 0.07381721 0.09934631 -0.092558585 0.07982123 -0.052613884 0.013844723 0.06283173 -0.057877924 0.09208361 0.06282671 -0.014122557 0.067377135 0.08823837 -0.045662384 -0.03850183 -0.061557084 0.0557722 0.06810063 -0.019070666 0.024835628 0.073230416 0.008227413 0.051343955 0.0031672355 0.05954714 -0.030931026 -0.0007739539 -0.080604315 -0.06354164 -0.091162205 -0.013022529 -0.05501631 0.03719699 0.10733687 -0.08618392 0.019585194 -0.099616505 -0.06472193 0.006669635 0.010802793 0.06965274 0.036772713 -0.026606599 -0.0018463798 -0.07754237 -0.093613386 0.11115701 -0.01447583 -0.0077107362 -0.0067515946 -0.04309476 0.103281744 0.0073736967 -0.050360195 -0.10732927 0.073160015 0.02250747 -0.063987434 -0.07430718 -0.12645496 0.0037747966 0.032998223 0.090273716 -0.016148461 0.046115864 0.003049295 -0.035342917 -0.028898817 0.07457635 -0.015150978 0.0053227004 0.07780885 0.1000037 0.11325673 -0.02661648 0.033451144 -0.1285858 -0.05208991 0.094155446 -0.05336202 -0.056607824 -0.096718 -0.07259517 0.050370835 0.051833156 0.06009165 0.0191774 0.09111638 0.035943173 0.0010711629
-0.088376045 0.10071866 -0.06344538 0.10270524 0.0037818872 0.07646566 0.054312244 0.06989945 0.037077844 0.01842292 -0.01639898 -0.044176757 -0.045816865 0.01150043 0.07768648 -0.06505831 -0.037718013 -0.086459324 -0.04517434 0.016731396 -0.040232573 0.0668093 -0.052631028 -0.039399657 0.06558396 0.052550092 0.02374945 0.024509208 -0.008991289 0.03743342 -0.021702763 -0.033739742 0.02712626 -0.13683987 0.08399891 -0.047268182 0.13447477 0.07952796 0.0941159 0.02515755 0.11363804 0.023508178 -0.13561119 -0.06694734 0.07258567 -0.0015340388 0.02626487 -0.029307332 -0.00044317122 -0.07542837 -0.09895782 -0.06710143 0.030881869 -0.16537875 0.056117635 -0.10810024 -0.015991807 -0.09505989 -0.10468622 -0.04489576 -0.037554473 -0.07453768 0.111870795 -0.066850655 -0.0017020447 0.085278675 0.120442234 0.027294056 0.11694408 0.061185084 -0.13748308 0.00526377 0.046537314 0.045909375 0.06874388 -0.04464735 0.08637935 -0.11778641 -0.012934689 0.059709493 -0.047810543 -0.00034295538 -0.037469033 -0.009088806 0.021315278 0.07047581 0.052695327 0.011189485 0.031733237 0.058344014 -0.060552597 0.03572093 -0.00030470386 -0.058419663 -0.07089295 -0.07709798 -0.004242065 -0.06370803 -0.0806409 -0.04173478 0.050137132 -0.11645593 -0.0012382448 -0.100565135 -0.08338673 -0.038421392 0.103871346 0.060883593 -0.021081509 -0.15615849 -0.006466772 -0.04499486 -0.022662885 -0.0070822104 -0.08988838 0.012406927 -0.093152106 0.036476802 -0.0025828965 0.13311467 -0.14513808 0.032632563 -0.046366848 0.07416867 0.039494812 -0.08619648 -0.0013644148 -0.044115476 0.0005860748
0.121707834 -0.03171936 0.13882945 -0.1370165 -0.051091358 0.08646427 0.054626975 -0.006061485 0.07064794 0.03251343 0.087634616 0.0149298 -0.045985192 -0.025000371 -0.047022793 -0.003094956 0.029478863 -0.013058386 0.008152475 -0.030252215 -0.0061282706 -0.016972926 0.0051206504 0.04922384 -0.066285744 0.05229929 0.09123515 -0.09889096 0.027963104 -0.05475504 0.08181788 -0.096476115 0.019557707 0.0027618976 0.09920803 -0.00077430625 -0.0499061 0.10759179 0.06351851 0.041834556 0.058797482 0.085814685 0.085263595 0.082083516 -0.032506507 -0.081183605 0.0733216 -0.021366354 -0.014001799 0.015474678 0.082885206 -0.0022098913 -0.030369205 0.028596545 0.04233097 0.08195561 -0.08067258 -0.054086037 0.04556449 -0.019799883 0.048075493 -0.05685857 0.021651724 -0.041365124 -0.04886688 -0.040141545 -0.08629088 0.048445657 -0.014657751 -0.10575731 0.012031369 -0.010762184 -0.045100812 0.019793376 0.062243953 0.102763645 -0.06491285 0.051117003 0.11109063 0.06282556 0.04437822 -0.03503008 0.023816371 0.018236969 0.037918463 0.039856207 -0.063868985 -0.06399275 -0.020925414 0.03227236 -0.12521335 0.09050346 -0.07755746 -0.06313471 -0.07827128 0.08578025 -0.11220142 0.050450355 -0.051179804 0.078007445 0.009360375 0.08678594 -0.02545595 -0.12992641 -0.07539763 0.07293005 -0.092340164 -0.014920362 -0.01945014 0.04756014 -0.10532973 -0.07341248 -0.06509303 -0.101778366 0.07217353 -0.022169981 -0.004861872 -0.03791518 -0.026812857 -0.077101596 -0.05186683 -0.01926477 -0.06442162 -0.059340518 0.107454285 -0.030807773 -0.009411396 0.074601114 0.06497976
0.103841275 -0.0005281892 0.08378265 -0.066029586 0.055925846 -0.11118875 0.10011075 0.038632743 0.10580039 0.06633429 -0.121335596 -0.11265762 0.10219669 0.037278272 -0.18172729 -0.018670868 -0.1508284 0.034544833 0.0049695726 0.022044849 -0.035673592 -0.04527845 -0.08523032 0.11520761 0.089614324 -0.009109498 0.10189586 0.085149966 -0.1514245 0.124931276 -0.087865755 0.055181842 -0.15786083 -0.07193885 0.08772632 -0.1011273 0.081378885 -0.06796327 -0.043505285 0.089518465 -0.1282767 -0.011263268 0.02557177 -0.07093912 0.00010809189 0.042506807 -0.11060295 -0.084804825 -0.07047336 -0.013960306 0.054611206 0.047121573 -0.0166026 0.056277525 0.017961198 0.045590598 -0.015424626 -0.014188353 -0.090241164 -0.10326954 -0.10275102 -0.0051304502 0.056539014 -0.037444614 0.005025502 0.056124967 0.10105666 -0.11691666 -0.016675115 0.0017540937 -0.03827326 -0.07736214 -0.10411519 -0.04698748 -0.009450933 -0.11755654 -0.057133224 0.011962461 -0.02308241 -0.07638126 0.08783318 0.03423877 -0.034505542 -0.02074454 0.04105651 -0.11228533 -0.0075654625 0.015938306 0.029993797 -0.01425925 -0.0904223 -0.032387484 0.07852456 0.06769221 -0.13594124 0.0089986995 -0.0696927 0.08626923 0.009140205 0.013055631 -0.0054994603 0.033087596 -0.06831324 -0.090590045 -0.09659367 0.04197476 0.025513513 0.009060975 0.048796587 0.05671486 -0.044394586 0.07004427 -0.10556876 -0.10968541 0.13727364 -0.087606624 -0.0019101399 -0.13192251 -0.10663003 -0.062371306 0.06891747 0.12668349 0.056528058 -0.036243517 0.124511376 0.049842384 -0.15508033 -0.10054197 0.08364229
0.08669228 0.029148206 0.07577748 0.0013472595 0.031256672 0.10406918 -0.132453 -0.00031145758 0.04422575 -0.04240526 -0.022435583 0.048048228 0.06507233 -0.040461358 0.102083065 -0.08629912 -0.031516407 -0.059202433 0.036107127 -0.09468854 -0.046609268 -0.012165758 0.045220345 0.06435985 0.0662756 -0.08933238 -0.052997556 0.027144719 0.061435964 0.097584344 0.014181138 -0.007356202 0.12545045 -0.079949476 -0.036693543 -0.015346496 -0.090543106 0.0915059 -0.16109526 0.009983573 -0.03188392 -0.044903766 -0.17740142 -0.03305366 0.07033928 -0.069626294 -0.011042211 -0.1184172 0.091127835 -0.009449646 0.077791356 -0.05522603 -0.11045374 -0.11859548 0.003582908 -0.06843584 0.048914675 0.02239735 0.009468035 -0.038343057 -0.07250066 -0.003145817 0.03374229 0.120039694 -0.009682777 -0.08042728 0.10314244 0.050742637 0.113746256 0.016572481 0.13109668 -0.1031223 0.11258238 -0.07999099 0.104017615 0.12917602 -0.07568897 0.06026282 0.05093671 0.04601747 0.077197015 -0.07950367 -0.025737943 0.031053936 0.081749454 0.07218408 0.05554186 -0.0156017635 0.015400016 0.07064647 0.06638825 -0.092194796 -0.110993564 -0.023236666 0.1273584 0.004762999 0.067933165 -0.015201158 0.052570224 -0.026905961 0.07606266 -0.09752806 0.028772675 0.020659517 -0.06949592 0.074219264 -0.0034413403 -0.07839602 -0.091523536 -0.13678645 0.032640893 -0.07881066 -0.073997416 -0.014276989 -0.12432087 0.037559442 0.051961053 0.06934729 0.00575379 -0.061846692 0.10209332 -0.108063295 0.037011165 -0.078105286 -0.03230275 -0.07217835 -0.051245775 -0.075153664 0.019798074
0.09650772 0.03651665 0.008778843 0.02602686 -0.04079645 0.09178117 0.04122793 -0.042723358 0.09117409 -0.066205055 0.00088405824 0.04660374 -0.06602368 -0.06463861 -0.019924868 -0.14536978 -0.025811544 0.07331939 0.0630669 0.07125792 -0.055237357 0.06959594 0.03986706 0.007721313 0.104735024 -0.031136649 0.11668259 -0.034395833 -0.048835024 0.0900304 -0.09342422 0.070808895 -0.015940772 0.050776303 0.036759097 -0.027135849 0.06703042 -0.1260019 0.056824278 -0.12991945 0.038748156 -0.014327416 -0.027369952 -0.086825065 0.05955815 0.034334783 -0.00037618383 0.12040227 0.06475441 -0.09196781 0.12209752 0.10301555 0.116048306 0.042223923 -0.032625657 0.06894789 -0.06850103 -0.03443021 -0.005839685 -0.05665242 -0.019147277 -0.007420783 0.040245567 -0.043178763 -0.07605769 -0.03977885 -0.09935732 0.061193902 0.0045453915 -0.12720223 -0.104351215 -0.092566684 -0.058932602 -0.010227498 -0.11918644 0.0023813604 -0.010868108 -0.0036856127 0.020474475 0.07252838 -0.05657521 -0.07592025 -0.022871485 -0.02811775 0.06052667 -0.11698611 -0.06401542 0.074362576 0.07301836 -0.056186035 0.05709903 -0.015111762 0.003237365 0.07087957 -0.028957365 -0.000008648821 -0.0533514 -0.0615626 -0.021156767 0.06524483 -0.12854718 0.022269605 0.007940023 0.12624454 -0.065391965 0.036662515 -0.063948825 0.078066655 -0.09413308 0.06506465 -0.0156148765 -0.08917446 0.05126026 -0.009548954 -0.07988262 0.012683303 -0.045541212 0.09265166 -0.052521728 -0.056033105 0.001258405 -0.03339556 0.04933437 0.042135965 0.05553717 0.090692304 0.023591483 0.011915532 0.017062368
-0.08818663 0.07571901 0.0744144 0.09591742 0.051341455 0.013726818 -0.100913174 0.113004155 -0.0805443 -0.07694886 0.01043804 -0.01925884 -0.136699 -0.0003684394 0.052128006 0.09331187 0.050958823 0.02781529 0.07489538 -0.05961616 -0.03086336 0.0008403219 0.020084176 0.10296441 0.108716555 0.016184585 0.084654056 0.08535459 -0.03927076 -0.068400934 0.060026508 0.013969524 0.11712385 -0.005882049 -0.07050403 0.0961504 -0.12531543 -0.10800963 -0.03622159 0.089145966 0.11165695 -0.061947346 0.110080615 -0.037227776 0.0071354755 -0.05290955 0.032222576 -0.048726857 0.11399104 -0.10790314 -0.017315688 -0.05523519 -0.058346976 0.035200227 0.08943255 -0.016947446 -0.075697266 -0.037943345 0.04343173 -0.05252347 -0.05574223 -0.031416737 -0.020468708 -0.061409365 0.003062929 -0.0045550815 -0.004054228 0.0010212071 -0.10354567 0.018478625 -0.118924774 -0.07708446 0.088763446 -0.0074978946 -0.009644884 -0.04282225 -0.054899186 -0.07909449 0.075525016 -0.10372444 0.08628379 0.0028854099 -0.10889323 -0.06784257 0.083932675 -0.079193816 -0.06597036 -0.002833267 -0.082461424 -0.07835467 0.03301744 0.044756144 -0.009693338 0.051542424 -0.112548366 -0.05351061 0.04988089 -0.034166563 0.008352442 -0.02592893 0.09582424 -0.081264056 0.08374114 0.033471234 0.025368467 -0.10148139 0.08203756 -0.035780136 -0.089658186 -0.12698303 -0.03061987 0.0134935295 -0.123529606 -0.018593086 -0.06914765 0.08313703 0.01307405 -0.039631944 -0.0071206093 0.06636838 0.012706007 0.058867488 0.10880552 -0.054216947 -0.03265661 0.07435 0.0690743 0.08787358 -0.02081418
0.0484686 0.010517983 0.035928823 -0.025707351 0.07166064 -0.0013986401 -0.079384446 -0.008220964 0.009678272 0.00723171 -0.04328403 0.049756538 -0.11583333 -0.08078559 -0.07838589 -0.04696214 -0.022164674 -0.007695014 -0.014822121 -0.025503008 -0.03821297 0.12675518 0.08669983 -0.010402421 -0.088354625 -0.05895648 -0.060441628 -0.144663 0.03187281 -0.06731749 0.027583867 0.05171317 -0.1100452 0.008420398 -0.22063243 0.06742178 0.043321904 -0.031993847 -0.07393012 -0.15724322 0.014999704 -0.0004734743 -0.16894488 -0.15324502 0.035264228 0.10192321 -0.0497723 0.051240575 -0.22746094 -0.21601412 -0.043781873 0.041868698 -0.14008921 -0.02457964 0.0059236353 -0.037975855 0.08622663 0.0066698086 0.0019243866 -0.031185962 -0.2057451 -0.033042073 -0.014807461 0.031214094 -0.017022846 -0.06954493 -0.021504255 -0.0023947898 -0.016104143 -0.16160159 0.04231086 -0.03676145 0.006278418 0.08785998 -0.11606461 -0.023506317 0.041618243 -0.065103196 -0.015685963 0.0767041 -0.022534262 0.11643904 -0.018469257 -0.006408311 -0.19411129 -0.0037912051 0.00096622057 -0.057705794 0.05258013 0.08308338 -0.20517412 -0.002871944 -0.089212336 -0.12780562 -0.1727193 0.021543376 -0.06911196 0.11121155 -0.22592866 0.08903408 -0.096791774 -0.12523416 -0.048706394 -0.15424941 -0.020132855 0.0621525 -0.0017510483 0.13775226 -0.027246168 -0.07018354 0.03984931 -0.055646103 -0.10922301 -0.1950999 0.026102811 0.0011232912 0.08653516 -0.13161556 0.0028527672 -0.01302739 -0.17889623 -0.1834751 -0.07437097 -0.025842179 -0.03281978 0.054934915 0.007583897 -0.13617085 -0.04314501
-0.008100274 -0.009248199 -0.06753843 -0.019477151 0.13483395 -0.07448471 -0.0001360098 -0.18871413 -0.09886342 0.06742946 -0.13351823 -0.070616126 0.034999955 0.013606492 -0.027620675 0.016368534 0.031063916 0.12582715 0.15049434 -0.10771585 -0.032085195 0.03986841 0.06106136 -0.15321195 -0.13342984 -0.06980055 -0.19811584 -0.08223116 -0.10207111 -0.020589668 -0.013258593 -0.043706223 -0.13624564 -0.03620753 -0.13874868 0.045926776 -0.010155458 0.07968935 -0.06767871 -0.11732988 0.063559696 -0.07091296 0.031135632 -0.026891617 0.13013081 -0.0022127414 -0.009221357 -0.012621025 -0.20667025 -0.0844472 -0.117123745 -0.01474388 -0.096547626 0.07324147 -0.10305162 -0.08432683 0.021048753 0.12395953 -0.08506228 -0.091322795 -0.15336016 0.054619864 -0.10083831 -0.031418458 0.00984378 0.07630802 0.048324034 0.0017734222 0.08083239 -0.21424262 -0.014899131 0.079738736 -0.10029427 0.09882595 -0.068986185 0.04095462 -0.06933811 -0.014853874 -0.070166275 -0.012973527 -0.027525835 0.005114414 0.10912379 0.076481424 -0.05298439 -0.10751838 0.0764144 -0.07267588 0.032041762 0.1382074 -0.105423816 -0.06999524 -0.09612692 -0.13438562 -0.23773097 0.105226345 0.02201604 -0.017045986 -0.26240146 0.023188991 -0.06526151 -0.13511404 -0.045341857 -0.019949738 0.11111119 -0.030758591 -0.006540315 0.23908989 0.054827742 0.03758959 0.07241048 0.03125498 -0.05239967 -0.06892849 -0.09327729 -0.10244324 0.024055315 -0.10524199 -0.052546557 -0.14819056 -0.06913667 -0.014746749 -0.054468676 0.03627676 -0.07415589 0.051377967 -0.043853503 -0.028300416 -0.1145488
0.06475305 -0.092872225 -0.10076188 -0.029843263 0.033326715 -0.03457063 -0.08647352 -0.06630504 0.0043206527 0.05009047 -0.09013537 0.07499399 0.03757101 -0.053974766 -0.0062088687 -0.044148423 0.029216861 0.038860276 0.055331666 -0.025188845 0.032310754 0.20666376 0.04592784 0.0065696137 -0.04387456 0.003354514 -0.19637343 -0.15170003 -0.055038657 -0.090593204 0.028761752 -0.06065173 -0.011224264 -0.042981885 -0.2288331 0.047222313 -0.069389634 0.0036074724 -0.053456955 -0.063998625 0.008208894 -0.018929278 -0.019556362 0.026586426 0.05231213 -0.038678065 -0.01917644 -0.038978446 -0.07374069 -0.08481009 -0.008490874 -0.15441193 -0.12915315 -0.0011516231 -0.024303481 -0.017988503 0.07966037 -0.037612807 -0.0082268445 -0.07195418 -0.16110009 0.11323442 -0.03752832 0.018856244 0.010929068 0.011949457 0.046769556 0.06082721 0.06608966 -0.29702213 -0.12015761 0.13168074 -0.05564792 0.11595018 -0.113582954 -0.038499676 -0.089417696 -0.123373106 0.00801884 0.098925345 -0.050104205 0.031173358 -0.02808543 0.034571495 -0.18608811 -0.038087513 -0.05625656 0.05230047 -0.065978326 0.023590138 -0.16781718 -0.11962416 0.037067343 0.015516724 -0.28502354 0.023337008 -0.03827615 0.046193294 -0.12305023 -0.010864436 -0.08392908 -0.14394853 0.09758275 -0.021142611 0.110809624 0.021835234 -0.04905198 0.03831698 0.049971726 -0.10222374 0.10127796 0.032646768 0.020316482 -0.19523826 -0.05953462 -0.11783672 0.09210783 -0.06872345 -0.028294684 -0.15986685 -0.11703755 -0.029947737 -0.09287883 0.0045943 -0.06609617 -0.06866762 -0.11891457 -0.10939479 0.04220359
-0.10203522 -0.15075812 -0.12032297 -0.15841062 0.069668196 -0.10877773 0.00025568285 -0.0016972866 0.037487704 0.018774306 0.017050311 -0.09355569 -0.022655785 -0.061296124 -0.04248539 -0.005876848 -0.046197623 0.13083042 0.051946633 -0.059746582 0.064741254 0.23241422 0.0077444944 -0.037386365 -0.21433446 -0.13089967 -0.055397376 -0.06362473 -0.06988757 -0.04483182 0.06440732 -0.02629418 -0.05782985 0.029847886 -0.21114522 0.05704698 0.00027323494 -0.063546345 -0.11068011 -0.06822549 0.024843939 -0.019823382 -0.07947797 -0.13729824 0.012062573 0.06013112 -0.056776218 -0.056901064 -0.024582565 -0.18941854 -0.16255067 -0.0009541245 -0.07019686 -0.07272293 -0.055221196 0.02437755 0.062420752 0.0035095208 -0.027612325 -0.12381931 -0.04380974 0.042149577 0.054774914 0.08631698 0.0072158705 -0.049395174 -0.058225073 -0.069843546 0.00029020387 -0.19867387 0.02862685 0.009352081 0.015759593 0.15347892 -0.08416554 0.04526683 -0.053952966 0.008116798 -0.060774904 0.029458392 -0.010027636 0.027809434 -0.038033277 0.024162926 -0.119416274 -0.078147784 0.010414329 -0.06311841 0.06577966 0.15077764 -0.085080706 0.0077476604 -0.0052799294 -0.14640321 -0.2450267 0.07973597 0.0764935 0.05795913 -0.2635778 0.07066972 -0.024626862 -0.109981805 -0.048286825 -0.18442771 0.12550884 0.124234706 0.014020882 0.0582664 -0.10760218 -0.09450229 0.04137823 -0.09459367 0.026745481 -0.18572007 0.027944332 -0.036997374 0.059123587 -0.16925025 -0.050296284 -0.1469664 -0.13507025 -0.14937322 -0.1371993 0.085480705 0.0062865433 0.03558087 -0.08008097 0.02125632 -0.06740715
0.061922025 -0.13056497 -0.06358233 -0.060712624 -0.024859782 0.019420171 -0.02125962 -0.10995769 0.05384266 -0.034200117 -0.13429748 -0.08152155 -0.10866948 0.00699297 -0.12935072 0.039672345 -0.01155321 -0.018660508 -0.020699468 0.035947617 0.011604912 0.21174218 -0.030544115 -0.13533661 -0.13846 -0.114594854 -0.06441509 -0.010328201 -0.05171475 -0.053074993 0.012244038 -0.011625545 -0.13394634 -0.012700443 -0.062356737 -0.09288647 0.009951153 0.068143204 -0.051260807 -0.03143964 -0.017398383 -0.03259876 -0.08373108 -0.027259296 0.03475996 0.08798843 0.04359214 0.018260065 -0.04368115 -0.14630486 -0.1067959 -0.14214835 -0.13761568 0.03025397 -0.028079042 -0.07756925 -0.016435578 0.06527224 -0.031234138 -0.12467304 -0.17040865 0.13049437 -0.09109696 -0.11393863 0.1160804 0.025482176 -0.11557202 0.083882384 0.09106806 -0.2904141 0.0030842782 0.06018261 -0.083326526 0.027984502 0.03032737 -0.11663593 -0.05426952 -0.112858355 0.04191947 0.07318046 -0.0865329 -0.020933248 0.07731612 0.04420241 -0.17834875 -0.044059005 -0.053035755 -0.1311389 0.06540767 0.06535002 -0.08285227 -0.10689983 -0.11371359 -0.18025501 -0.240703 0.08337993 0.013467911 0.048697375 -0.16613927 0.057396334 -0.12552406 -0.06743742 0.062456418 -0.08540153 -0.048726335 -0.02755665 0.004466525 0.10540568 -0.06743619 0.011493607 0.0032207703 0.046795562 -0.105156265 -0.088249974 0.025516545 -0.027925726 0.0941113 -0.16619503 -0.04453783 -0.08300665 -0.14373034 -0.10127855 -0.16553117 0.16051772 -0.052531842 0.008102853 0.059904285 -0.14843221 -0.10460193
-0.023610761 -0.0944613 0.0074385265 -0.14735769 -0.0149012925 -0.004070508 0.08561945 -0.21890518 0.0052983053 -0.03597924 -0.03522041 -0.051814534 -0.005676362 0.005103674 -0.15398188 0.07879723 0.0049958406 0.069007635 0.15374073 -0.1461846 0.030018618 0.24675366 0.12289205 0.020011427 -0.004119684 0.039297666 -0.14086397 -0.11468093 -0.13813172 -0.077078715 -0.079275735 0.014570336 -0.15345328 -0.026046382 -0.20372625 -0.08024253 -0.009330292 0.083511986 -0.14548253 -0.07792319 0.0008941594 -0.004116594 -0.094963565 -0.05148432 -0.043084513 -0.00002486827 -0.02544334 -0.06318804 -0.075233415 -0.12853222 0.02161616 -0.18426086 -0.13166359 -0.07282544 0.025955576 -0.06507326 -0.066398546 0.03246935 -0.05096591 -0.07414333 -0.11029275 -0.0022288878 -0.12525421 -0.11712444 -0.030849142 0.10994704 -0.1286271 0.0028569056 0.0054046502 -0.3556229 0.0015729284 0.15373828 -0.15028596 0.058104012 0.02100819 -0.107110076 -0.029568492 -0.0003505532 0.08671601 0.096024424 0.012867799 0.06960071 0.06695255 0.18746465 -0.029573523 0.03815865 0.012885316 -0.032642957 0.08997533 0.06620461 -0.044968948 -0.1358923 -0.052778434 -0.02388085 -0.22931549 0.12871177 -0.03775968 0.083500445 -0.12260142 0.11125086 -0.09626629 -0.13483928 0.12379271 -0.1034843 0.13034382 0.035263907 0.077989526 0.22899932 -0.03482764 -0.043076605 0.04115182 -0.054175068 0.03953263 -0.110579215 -0.00875827 -0.12944588 -0.006171179 -0.07794214 -0.027358567 -0.10533294 -0.1642912 -0.0584727 -0.09010297 0.16309379 -0.006318782 0.09317467 -0.09216047 -0.051492278 -0.013514283
-0.040336017 -0.058779184 -0.08405974 0.020078894 -0.041001026 0.045253854 -0.021002952 -0.07304616 0.050182376 -0.019961996 0.025643256 -0.09368237 0.0034803578 -0.058903046 -0.11281844 -0.056968536 -0.06373752 0.061406046 -0.03538357 -0.11626228 -0.033731636 0.15472785 0.10896702 -0.04513127 -0.19418015 -0.11135995 -0.11887075 -0.09349562 -0.152001 -0.0057081096 -0.1267133 0.03481349 -0.010351587 -0.106437154 -0.068159565 0.08511879 -0.028735911 -0.09953404 -0.2144704 -0.1794046 -0.0856611 -0.13904281 -0.09232573 0.06519412 -0.014437885 0.14222854 0.08435749 -0.0186827 -0.029890567 -0.17331235 -0.028048046 -0.05066333 -0.034765717 -0.016203396 -0.05624662 0.03896576 0.09905137 0.009804662 0.011490183 -0.09760485 -0.19217643 0.070960365 -0.050833337 -0.045774274 0.12231184 0.048677582 -0.05151643 -0.010080882 0.101044 -0.33029637 -0.13406427 0.10485287 -0.09633622 0.15871066 -0.11797409 -0.111306496 -0.08204173 -0.13333802 -0.032226283 0.1067612 -0.07615783 0.08138044 -0.030597076 0.0000111378595 -0.1680996 -0.075444944 -0.016662752 -0.10728181 0.075373426 0.038345728 -0.053379975 -0.01589597 -0.07062138 -0.03144004 -0.24970084 -0.052023027 0.0046413704 0.01060598 -0.22911696 0.10201899 -0.0036131898 -0.045705497 -0.004585898 -0.005380248 0.04910797 0.122469984 0.06070912 0.15168239 0.02769047 -0.003779987 0.066622026 0.03534275 -0.082046114 -0.028176446 0.05208152 0.023107 0.0775988 -0.12658776 -0.026971377 -0.12544586 -0.11418682 -0.05439958 -0.026046015 0.150272 -0.1361408 0.05399378 -0.024260653 0.008918731 -0.056754276
-0.11891472 -0.14738458 -0.04693911 -0.15742044 0.09251741 -0.099516235 0.035332147 -0.16988243 -0.14025849 0.011197107 0.015602498 -0.09977061 0.048989236 0.06434748 -0.06678989 0.06704462 -0.0840411 0.066550486 0.057868227 -0.14642316 -0.0473086 0.06475626 0.014385674 0.027250936 -0.18022703 -0.08509969 -0.106060795 0.0019299724 -0.10489647 -0.07522814 -0.11313428 0.118395224 -0.119366474 0.07903818 -0.068239346 -0.03291549 -0.02189788 0.08903648 -0.110083126 -0.07331559 -0.01948996 -0.03635229 -0.110537365 -0.0010220123 -0.0022935183 0.09852714 0.016065123 -0.12253871 -0.03597415 -0.14734975 -0.08775306 -0.10650219 -0.026143493 0.055252187 -0.015082738 0.03214391 0.051939793 0.063970655 -0.04386903 -0.06097217 -0.08163826 0.09110071 -0.00068870786 -0.100053884 0.078398824 0.06189417 -0.03281401 0.005983562 0.04838565 -0.17684199 -0.10285145 0.06840829 -0.096366644 0.12065551 0.035277773 -0.056018256 -0.14458196 -0.08098718 -0.03828311 0.04744259 -0.13377452 0.03991688 0.025553068 0.12730744 -0.17215972 -0.08115444 0.06464507 -0.10970062 0.08904781 -0.017134463 -0.038404018 -0.0059314882 0.02839703 0.039378524 -0.17444526 0.015704427 0.024169642 -0.020240856 -0.22466749 0.02621129 -0.13588175 -0.12854108 -0.02246229 -0.006545082 0.113687105 0.082745776 0.058785465 0.06408894 -0.11043764 -0.08787041 0.15840648 0.03700566 -0.09052069 -0.17115423 -0.01204421 -0.10245792 -0.016147468 -0.1391031 -0.07315951 -0.12708905 -0.18469203 -0.15458114 -0.021854341 0.00609656 -0.09918303 0.004512551 -0.012587556 -0.14644662 -0.06487234
-0.017765665 -0.0768214 -0.027655236 -0.017495546 0.13751315 -0.01140143 0.054789566 -0.10301089 0.030972522 0.0062894095 0.046779063 0.057698824 -0.119990975 0.022258488 -0.18788968 0.028734665 -0.1217952 0.090275235 -0.034176487 -0.019742241 -0.113993004 0.22877647 0.06520561 -0.10256903 -0.14399959 -0.09319226 -0.04096413 -0.09611802 -0.048127826 -0.041683085 0.019116355 0.056727324 -0.12851378 0.05401749 -0.057436455 -0.006165253 -0.13499731 -0.025846679 -0.13447045 -0.03243908 -0.0968002 -0.13640313 0.02298157 0.019277921 -0.030570285 0.087656915 0.13178834 -0.13858742 -0.040563494 -0.17984062 -0.0964412 0.03994061 -0.11442115 -0.12728252 -0.023172852 -0.042603992 -0.01784058 0.052525435 0.07096731 -0.11186469 -0.13646643 0.131387 0.06240863 0.055211104 0.1005487 0.04404469 -0.067383066 0.085860476 -0.07609092 -0.24029 -0.07388367 0.04531584 -0.09010422 0.042790398 -0.121988826 0.058492135 0.03293425 0.047968447 0.08421261 0.08379226 -0.013421847 0.0724037 0.025409875 0.1933983 -0.08061393 -0.0112768095 0.022660168 0.043017134 -0.08265138 0.030512521 -0.08592068 -0.1385285 0.042718846 -0.040300842 -0.24179913 -0.06039565 0.08753536 0.088054985 -0.26656222 -0.028426532 0.0116429515 -0.12002828 0.00054786686 -0.16030586 0.01248095 -0.081471086 -0.06893328 0.24003105 0.015152476 0.0067270068 0.15399703 0.01614577 -0.116330534 -0.061549343 0.023358317 -0.09799241 0.0073232516 -0.014321322 0.06905496 -0.04230181 -0.15776916 -0.1057018 -0.15087478 0.017944561 -0.1073998 0.050573237 -0.1192032 -0.04499796 0.0316895
0.01514382 -0.08705719 0.0022374738 -0.06279956 0.028663969 -0.025124196 -0.005088236 -0.1534692 -0.0435425 0.055181537 -0.081187665 -0.06529222 -0.0010661394 0.015576513 -0.08017631 -0.010261766 0.03830165 0.117139 0.019556612 0.020626437 0.044196088 0.09835987 0.053819843 -0.13636756 -0.18433508 -0.07498117 -0.04636288 0.016929822 -0.13367744 -0.106502675 -0.05942938 0.0576916 -0.09104028 0.003913422 -0.22345662 0.03519651 -0.07105548 -0.02823704 -0.12854105 -0.012487589 0.01630577 -0.027448833 -0.047434594 -0.07006314 0.053352714 0.08722195 0.07743797 -0.019521711 -0.07364055 -0.10574823 -0.10375876 -0.009599026 -0.15890762 -0.09180728 -0.16294795 0.04430995 -0.028981311 0.058394708 0.06945502 -0.09202043 -0.20261131 0.09932055 0.068495646 -0.033137165 0.13522956 0.05025936 0.015429289 -0.06953368 0.06301048 -0.32769367 -0.019369336 0.1469671 -0.16499472 0.18806235 -0.06980301 -0.12148497 -0.061150454 -0.16107595 -0.0053085713 -0.0115145 -0.071365975 0.12830044 0.07251409 0.13406332 -0.10458389 0.01553731 0.11169357 -0.13873939 0.04632004 0.0961949 -0.13815042 -0.14141859 -0.02845171 -0.09046469 -0.14758292 -0.036239896 0.05772079 -0.023724886 -0.122320406 0.14985001 0.007899524 -0.14831279 0.013666433 -0.06538438 0.117156826 -0.016812013 -0.0736705 0.08051424 -0.03856032 -0.0004258239 0.1507064 0.044313777 -0.03993984 -0.056724183 -0.008364913 0.018941278 0.041745935 -0.14634697 0.059463136 -0.092956096 -0.0512158 -0.13925259 -0.11873017 0.04489639 -0.08712152 -0.061482567 -0.022668915 -0.0307777 0.015820684
-0.042026453 -0.14032324 0.0037164963 0.0028927757 0.026948318 -0.091759145 -0.069233134 -0.14716434 -0.060223922 -0.0070090364 -0.14053756 -0.0054259165 -0.07187115 0.06431539 -0.14181301 0.066291355 -0.04975738 0.1196534 -0.017819785 -0.05654213 0.0522576 0.18551356 0.0023314217 0.029853795 -0.123192415 0.049242772 -0.15058944 -0.024925234 -0.06895371 -0.040236827 -0.06046597 0.04998642 -0.12631667 0.064975284 -0.19556993 -0.01654728 -0.12578122 0.004515352 -0.16787228 -0.09333457 -0.05862083 -0.00082398375 0.007544229 -0.122528695 0.109046064 0.079175994 0.03063393 0.04143682 -0.19338644 -0.10300928 -0.104622155 -0.05896661 -0.037485726 0.06688304 -0.052958347 -0.08472351 0.036803022 0.08727757 -0.0012728659 0.053819876 -0.13395911 0.1193949 0.046093386 0.015535447 0.12466643 0.113882616 -0.09835796 -0.09209625 0.03170086 -0.21775144 -0.099657245 0.034255005 -0.10414842 0.15480316 -0.06225911 -0.121643975 -0.089362405 -0.07031865 0.005869081 0.101259194 0.032672014 0.06472213 0.1100901 0.07644309 -0.039311226 0.048227414 -0.05003833 -0.008497118 0.088557735 0.11285805 -0.11573963 -0.0633948 -0.112378426 -0.062175445 -0.23364747 0.047362097 -0.01789449 -0.050759606 -0.07531196 -0.035245083 -0.044841528 -0.025901355 0.11811609 -0.10494372 -0.026746718 0.01423162 0.016681755 0.15478012 -0.06616618 -0.14284259 0.09301958 -0.013030913 -0.09951874 -0.18806413 -0.09788385 0.034021735 -0.05102627 -0.06869602 -0.022473045 -0.15258995 -0.1310602 -0.016625317 -0.113153994 0.13623002 -0.13614482 -0.055675738 0.06510496 0.003697985 -0.034742355
-0.046997264 0.032008156 -0.07003022 -0.08181834 0.016626516 -0.054445174 0.032669067 -0.06310223 -0.07702393 0.09045978 0.018964717 0.032266337 -0.042410146 -0.04620234 -0.12254019 0.06472779 -0.041879382 -0.0035547102 0.016390849 0.008140369 0.016561259 0.10271834 0.03582534 0.019222483 -0.104559325 0.053215675 -0.17842159 -0.13925119 -0.026884515 -0.013287338 -0.019848185 -0.0302858 -0.021635953 -0.014771131 -0.15073507 0.044270616 -0.021049002 0.085010424 -0.08064866 -0.17306335 -0.0025276423 -0.11968952 -0.1604242 -0.01796816 -0.044785492 -0.026144605 0.04736175 -0.1087821 -0.08601671 -0.16459528 0.036021177 0.018773561 -0.064374335 -0.05609064 -0.117296375 -0.03148661 -0.0061027384 -0.007663823 -0.041800704 -0.054382205 -0.07728428 0.090541475 -0.124072015 0.014354061 0.10372639 -0.071388535 -0.018511552 -0.006331162 -0.052521605 -0.28253946 -0.11050093 -0.0015671223 -0.039616767 0.15545848 -0.059142087 -0.12440824 -0.1069274 -0.049518086 0.045031212 0.11058738 0.018581476 0.06499124 0.051174324 0.14889678 -0.09636813 0.031037739 0.05735025 -0.049587972 -0.04501854 0.13778332 -0.16374142 -0.1355575 -0.07296253 0.021993814 -0.14335348 0.11558462 -0.019238325 -0.0076098735 -0.20264615 -0.0040804 -0.016890116 -0.14231485 0.123666674 -0.17190553 0.13690792 0.036347184 -0.031151349 0.09712564 0.006363742 -0.12685767 0.04462024 -0.057226494 0.02141906 -0.15995318 -0.11531219 0.029046753 0.071415216 -0.11412371 -0.07869092 -0.10974775 -0.028377345 0.027464604 -0.15857078 0.009321785 -0.13591944 -0.06401475 -0.0058144587 -0.005473812 0.052895416
-0.012407887 -0.024825512 -0.09580305 -0.15693426 0.14533922 -0.12475504 -0.035429403 -0.16093048 -0.019024389 0.05759295 -0.08808336 -0.038947884 0.01845253 -0.057673924 -0.14312655 -0.073293 -0.041890636 0.0019142695 0.026540758 0.015856786 -0.056556232 0.060870845 0.097227015 -0.12258674 -0.012190541 0.013028681 -0.08511826 -0.14373392 -0.011477623 -0.034222133 0.023105225 0.0359438 -0.108502805 -0.038715515 -0.059992198 -0.037392184 0.023803908 -0.096209586 -0.17339572 -0.06982092 -0.03529811 -0.09162266 -0.07073685 -0.09946812 -0.007476009 0.020664547 0.08681933 -0.10572819 -0.082282655 -0.15067929 -0.13176186 0.023604348 -0.12132342 -0.11623196 0.018226774 0.01769689 -0.086022526 -0.001798197 -0.094681785 0.024798 -0.06551249 0.108228624 0.019675205 -0.025458166 0.039071172 0.1256907 0.010807407 0.09970615 -0.05481894 -0.3159706 -0.10155667 -0.010861305 -0.02500566 0.15988205 -0.13726713 0.07284583 0.055232234 -0.061536245 0.012472365 -0.031322543 -0.0942744 -0.053189475 0.08661528 0.07126692 -0.11694339 -0.049745325 0.086382605 -0.10608176 -0.021103699 0.078429215 -0.037018396 -0.09158743 -0.03529324 -0.026230017 -0.15396698 -0.0027516682 0.021698914 -0.027412314 -0.20979239 0.038187884 -0.025617348 -0.1283739 0.033160083 -0.05096859 0.04973068 -0.06126524 0.020330077 0.13276504 -0.10400841 0.0071336487 0.097101875 -0.0008808896 -0.08650989 -0.09986906 0.060057454 -0.13304439 -0.026998825 -0.036615856 -0.021857461 -0.18194872 -0.021780113 -0.14339107 -0.08999494 -0.003331535 -0.053538263 0.06975167 -0.044167917 0.03929779 0.058211043
-0.07568433 -0.114347845 -0.036225107 0.017751224 0.13794637 -0.12802824 0.06991049 -0.12548348 0.05076418 -0.021169208 -0.14548111 -0.013121095 0.05000762 0.010447292 -0.13641319 -0.05809807 -0.024612937 0.010716603 -0.0061522694 0.01611413 -0.038949918 0.19386707 -0.045368318 -0.05917008 -0.081561536 -0.10478992 -0.06461091 -0.16186067 -0.04221793 0.016846953 0.023361733 0.08330861 -0.09067526 -0.098472655 -0.056693632 -0.0714583 -0.04617833 -0.028746244 -0.08825917 -0.099290386 -0.087460406 -0.10237887 -0.12926285 0.020234637 0.12924519 0.11266919 0.019626018 -0.001507315 -0.22113645 -0.13514698 0.034295775 0.021232907 -0.105389476 -0.07453121 -0.06530766 -0.011643093 -0.0032275536 -0.021569 0.044316906 -0.0050632497 -0.09758362 0.11783143 0.011359876 -0.088694096 0.059301935 0.017685179 0.02703511 0.06675015 -0.03853379 -0.26837668 -0.07773286 0.02395195 0.00016603719 0.032559082 0.022001958 -0.022271652 -0.10580685 -0.14556158 0.111490525 0.00046265687 0.029657211 -0.06322955 0.019808162 0.14172144 -0.13370954 0.0072423243 0.0924003 -0.11411438 0.07905289 0.033945516 -0.023734042 -0.15540211 -0.04409801 -0.0028012355 -0.2380023 0.08403725 -0.01466224 0.12353297 -0.12954289 0.10429705 -0.054191593 -0.10163347 0.11798761 -0.14485957 -0.027903132 -0.025862949 -0.086805224 0.21546564 -0.12864798 -0.11640094 0.036589067 0.025780518 -0.11865584 -0.09912021 -0.06915 -0.009761611 0.030025082 -0.11921692 0.09677903 -0.056520358 -0.18449637 -0.096490234 -0.14517687 0.07311113 0.0064573754 0.055345275 -0.084141836 -0.08576778 -0.046100575
-0.06173788 -0.03546006 -0.12072194 -0.010675575 0.112303436 -0.06751173 0.004675613 -0.0918498 0.020936813 -0.056685936 -0.1212674 0.05340557 -0.06549584 -0.021077037 -0.14686939 -0.005658671 -0.12216103 -0.0477758 0.07805587 -0.11638756 -0.09912642 0.16996424 -0.0384601 -0.095460124 -0.17604049 -0.057204448 -0.1856313 -0.08678847 -0.035237435 -0.08284286 0.003854419 -0.047077868 -0.16216297 -0.11934573 -0.22576454 -0.03866222 -0.06774069 -0.017579198 -0.20131879 -0.12150131 -0.055887744 0.047366586 0.017313955 0.02531081 0.049529266 0.032929257 0.119577244 0.0117800385 -0.047364388 -0.083489925 -0.027151804 0.024847595 -0.045222744 -0.05966244 -0.029615719 -0.10227699 -0.009324453 0.03586338 0.077870004 -0.10560933 -0.10714216 0.12939994 0.02153014 -0.118194535 0.15378556 -0.025154982 -0.12515414 0.07695791 -0.053305395 -0.24684091 -0.036933597 0.032936558 0.020155182 0.06312628 -0.12022657 -0.0027662737 -0.014300317 -0.0845594 -0.03598156 0.06786278 0.025047451 0.07510938 0.12032395 0.053715665 -0.037011415 -0.005155124 0.056274973 -0.08100219 0.008063273 0.16515665 -0.120108604 -0.02703009 -0.076631784 -0.11157769 -0.19308527 0.13351434 -0.057826236 0.0909396 -0.13078624 0.093745135 0.023432555 -0.07024682 0.026832866 -0.044676673 0.0077878213 -0.027289923 -0.0073049664 0.23190564 -0.023998091 -0.07949841 0.14762037 0.068255536 -0.003637698 -0.04975079 -0.0005135739 0.014086672 -0.0319939 -0.08809134 -0.0086765215 -0.156427 -0.17876711 -0.044074703 -0.07689258 0.15314123 -0.10690127 0.068048544 0.0066072694 -0.11229597 -0.06658694
0.047070533 -0.15640165 0.019500399 -0.07368286 0.15104526 0.017314665 0.058639925 -0.05011244 -0.10362218 0.009533413 -0.07762962 0.00840307 -0.05416836 0.062379543 -0.074418515 -0.02671413 0.008111052 0.0812169 0.0013300803 -0.036849514 0.08283538 0.06754226 0.12879172 -0.01784272 -0.11496409 -0.10818022 -0.028716221 0.023345632 0.020407183 -0.09870648 -0.11796888 0.083755724 -0.15865438 -0.07178452 -0.08123366 -0.058382142 -0.027533123 -0.013439107 -0.14117746 -0.1500078 0.049164914 -0.12723978 -0.06443996 -0.11457374 0.10584822 0.0902043 0.10023302 -0.09623931 -0.06890586 -0.2114617 -0.10139796 -0.05507111 -0.010272809 -0.049054086 -0.15984508 -0.048422895 0.044417396 0.14473687 0.010258469 -0.055552807 -0.20795937 0.100232325 -0.11269086 -0.070944145 0.15275009 0.07699166 -0.048929796 0.03340539 -0.12139928 -0.26427478 -0.042419743 0.12741202 0.002385716 0.1103932 -0.013556621 -0.09539631 -0.03143734 -0.033543896 0.11857371 0.120919146 -0.13235001 0.08075495 -0.047054138 0.07048676 -0.07666696 0.023574898 0.00914963 0.037818827 0.0840001 -0.0020736186 -0.07927482 -0.05842891 -0.07406083 -0.08830423 -0.16327304 0.0504952 -0.05284751 -0.06704492 -0.20216976 0.023025285 -0.10301409 -0.10574691 0.12439598 -0.09051074 0.09158671 0.12707107 -0.09142477 0.13540106 -0.119285874 -0.099277325 0.10131295 0.063044 0.011955086 -0.15214002 -0.1031337 -0.0066302824 -0.020790972 -0.1123285 -0.0081804395 -0.18336406 -0.031584233 -0.06406645 -0.107787535 0.13208252 0.0012288414 -0.06994012 -0.021361055 -0.041972212 0.041084696
3
14 14 1
2 2 1 8 2
3 3 8 16 1
2 2 16 8 2
-0.94572955 -0.26603168 -1.210869 0.71802855 0.22877832
0.5106384 -0.51278174 0.17521963 -0.12789258 0.047378626
-0.5456469 -0.27542663 -0.028516531 -0.23029065 -0.6172476
0.74818444 -0.015838819 0.10342227 -0.79579717 -0.37214884
0.6613758 0.71113044 -1.0871947 -0.9727053 -0.1052241
-0.68188244 -0.4170002 -0.66194886 1.0421557 0.2869686
0.7364779 -0.3400709 -1.0902355 -1.1134456 0.29696473
-0.54439557 0.9096092 0.45588535 -0.68171537 0.26927435
0.18045351 0.047418527 0.4502249 -0.12622888 -0.12573488 -0.5329638 -0.3390312 -0.4708943 -0.14101201 0.5486592 0.05066517 0.031030761 0.6036263 0.8815977 0.44259897 0.77653146 -0.2504805 0.28533128 -0.9790714 0.35983324 -0.67930007 0.73118615 0.49615383 -0.74574256 -0.6390333 0.6902816 0.9014969 0.70162445 1.1217178 0.40178385 0.9098293 -0.20363343 -0.698786 -0.28450084 -0.43209553 0.25323787 -0.5168398 -0.9014936 0.59170824 -0.74639106 0.5319651 0.49178568 0.37840176 -0.7456141 0.32984644 -0.11539901 0.34193063 -0.64510894 0.7164634 -0.28278974 -0.025125898 0.46487454 0.70997655 0.030650534 -0.5368209 0.6146948 -0.5936493 -0.86637914 -0.07431677 -0.65572566 -1.0266601 0.8017311 -0.736608 0.5441328 -0.17827526 0.37149355 -0.29179695 0.7299497 -0.31756803 -0.03917126 0.9367399 0.74986535 0.33010545
-0.5973113 -0.728907 0.12656313 -0.41324276 1.0099934 0.0025000784 -0.029940411 0.22751585 0.4753665 -0.14328656 -0.53356504 -0.39964107 0.8187804 0.29871842 -0.9406574 0.3241303 0.34710082 -0.8967252 0.23329711 0.7926202 -0.044969797 0.44741488 0.6355729 0.83227086 -0.12224054 -0.7146232 0.9018092 -0.58781475 -0.3325681 0.918518 -0.64986056 0.11590984 -0.22646445 -0.6876785 -0.033860598 0.7908107 -0.8267245 0.6143271 0.9788889 -0.14037625 0.84664905 0.80127764 -0.48530054 -0.11183065 -0.31099108 0.4553818 -0.74096626 0.31840718 0.77190953 -0.6434918 0.24270417 0.8189387 0.18660039 -0.13342498 -0.67616653 0.67014724 -0.024294432 1.0823674 -0.6351274 -0.010385504 0.936656 -0.11086564 0.96269083 0.23406336 0.7624847 0.8024151 -0.16006632 -0.36398962 -0.5459523 0.6866778 -0.8927481 0.303316 0.09994829
-0.999318 -0.90644455 0.49453783 0.39043692 0.32674706 0.3997289 0.41347584 -0.09577481 0.57650673 0.9710618 0.7187804 -0.5421936 0.022372168 0.24392898 -0.24678986 -0.8078375 -0.6914475 0.42364419 -0.101011276 0.9829147 -0.2127335 -0.5996156 0.36445808 -0.6050122 0.10462403 -0.2177434 0.89346695 0.7229327 0.25549844 0.64274925 -0.59736335 -0.29706404 -0.29150966 0.7269442 -0.40318853 -0.03924436 0.49889967 0.16723996 -0.5320463 -0.8942432 -0.5694402 0.6002688 -0.7190069 -0.96107656 -1.017114 -0.24501711 0.50807625 -0.6232035 0.8516703 0.63261044 -0.17733286 -0.33772686 0.50869715 1.0491725 0.8848981 0.55793816 -0.37215844 -0.30977747 0.5659734 0.7096941 0.038654864 -0.41737205 -0.2089291 1.0257654 -0.43375495 -0.29911247 -0.2616757 -0.1419514 0.22219014 1.0935966 -0.18854202 0.24324134 -0.22550352
0.5366107 -0.84503824 -0.32439852 -0.5371222 0.37545842 -0.3150063 0.43701068 -0.60169184 0.5278315 -0.6620731 0.5828128 -0.016401792 0.53320724 -1.032179 -0.24918069 0.47936943 -0.24665897 -0.45988786 0.9474015 0.88129044 -0.70116115 -0.6432595 0.5717001 -0.3246932 0.10736561 -0.39003992 0.054982424 0.59359455 -0.8858933 -0.72989756 0.6879199 0.0029112594 0.3841071 -0.3231439 0.6623924 -0.9255255 0.34250233 0.3613207 -0.58955723 0.27039263 -0.9772958 -0.5878663 0.6413215 -0.462677 -0.6692132 0.711228 0.1151351 -0.095474005 -1.01884 -0.24290359 0.36449292 -0.564943 -0.7660864 0.38437977 0.2820067 0.3365816 -0.9209007 0.12856273 0.8883446 0.5098171 -0.20206201 -0.38420108 0.71672183 0.23071237 0.23567788 -0.7578252 0.6384486 -0.58483243 -0.46497503 -0.4959418 -0.40647975 0.60499483 -0.5604365
-0.5011447 0.15424736 0.27486762 -0.34568337 0.20148791 0.07879981 0.8544818 -0.115765266 0.3451917 -0.99425876 -0.40305123 0.2676149 0.01897778 0.025928639 0.8420405 0.7063072 -0.4430373 0.36217865 -0.6059277 -0.0777328 0.105177164 -0.910908 -0.08287883 0.034870625 0.92890954 -0.37228465 0.7138939 0.45199952 0.26703185 0.40543148 0.6718075 -0.7713691 0.24421978 0.34827858 -0.35921732 0.6085101 -0.9175542 0.9450298 -0.28441808 0.047771662 0.2913 0.25417474 -0.5604983 -0.6989906 -0.30588827 0.011846334 -0.3985472 -0.2444118 0.07258134 -0.07314223 0.8286994 0.8510819 0.15324686 -0.2979006 -1.0110756 -0.3853584 0.5038993 -0.42814347 -0.46696886 -0.11059203 -0.26436177 -0.5619331 -0.90489966 -0.7991475 -0.046952926 0.11561527 0.94602466 0.026962152 0.07355603 -0.9792963 -0.8730379 0.15067893 -0.7857776
0.9231523 0.022649702 -0.24837795 0.46029437 0.047170345 0.44255412 0.32533228 -0.7024499 -0.3378221 -0.6709996 -0.07559298 0.4161553 0.72642016 1.0076308 0.6677019 0.8532942 0.34406734 -0.6044639 -0.6492653 -0.5599513 0.22881603 0.3235755 -0.6435549 -0.49068213 -0.11752367 0.7404361 0.29040265 -0.90590036 -0.4040032 -0.055075254 0.20945975 0.47493792 -0.43505296 0.6638932 -0.8386483 0.89597285 0.8085449 0.9701156 -0.6605299 0.7349833 0.1659863 -0.05400217 0.77402145 -0.5087038 0.693811 -0.5908892 0.4371455 -0.40046725 0.70850474 0.21453896 0.26454356 0.6327876 0.075195454 -0.76418364 0.43263146 -0.35298946 -0.11479376 0.40062514 0.52558845 0.15814587 0.029818458 0.7941361 0.39694595 0.26443553 0.3146739 0.4686222 -0.50764704 0.3091208 -0.4109381 0.82036215 -0.46137163 0.6042697 0.49864367
0.628559 -0.10873924 0.8967125 0.95891225 -0.8025316 -0.037746146 0.09003026 -0.1347735 -0.44994515 0.46242005 0.25758022 0.3321604 -0.039561648 -0.4508793 0.13106209 -0.3167074 0.4646048 0.8434502 0.13432455 0.5629792 -0.8061285 -0.09266114 0.9038894 -0.7617004 -0.5069246 -0.5247717 0.024989605 0.1649162 -0.4094442 0.7383548 -0.5548836 -0.009604838 0.34041986 -0.76689917 -0.93781567 0.7727622 0.27373517 0.73524135 -0.35093498 0.2168792 0.8994824 -0.22885136 -0.011176641 -0.32487622 0.23214252 -0.8196581 -0.12680142 0.06547396 0.7830201 0.5974964 0.19947591 -0.49854308 -0.47011736 0.59773445 -0.5257422 0.2488768 -0.41424087 -1.0258389 -0.32384872 0.7791082 0.5458325 -0.47091326 0.019518739 0.37551722 -0.32242537 -0.2660511 0.48198608 -0.273562 -0.350151 -0.34782273 -0.31387508 0.344052 -0.590748
-0.47954962 0.5556108 0.11543467 0.42969865 0.2985633 0.3701967 -0.95153695 -0.48227182 -0.8354136 0.29958823 -0.6496766 -0.015087171 0.81085914 0.2649262 0.13951848 -0.34921882 -1.0241225 -0.22568238 0.16225529 0.25544238 -0.98851967 -0.61395097 0.3616643 0.4699266 0.025312424 0.35206628 0.7766266 0.2783066 0.4158865 0.9376216 -0.3283987 0.3524615 0.9276672 -0.6365016 0.27085173 -0.23838334 0.057474177 -0.5927943 0.016252873 0.33879906 -0.7074895 -0.08411264 -0.74034584 -0.081485555 0.48819757 0.47377053 -0.3440574 0.34010622 -0.28684494 -0.30887774 0.114777476 0.7770918 0.63610536 0.70640576 -0.15043283 -0.70505923 0.6600504 -1.154681 -0.06560719 -0.8738105 -0.10310841 -0.11956413 -0.18544723 -0.66573733 0.17973147 -0.91357046 0.016499609 0.76434547 -0.97585756 0.9682792 -0.019217955 -0.3633087 0.087346636
0.3925914 -1.0107995 -0.68495417 -0.2654164 -0.35259676 0.057257604 0.884594 0.74863255 -0.9479714 0.94846606 -0.2956434 -0.17433307 0.44709265 -1.0099136 -0.6168751 0.2863342 0.58171177 0.15670426 0.6451373 0.93159103 0.065197706 -0.985481 -0.89156413 -0.33405423 0.14787316 0.39521027 -0.7215128 0.44782266 -1.0747815 0.20950358 -0.78106374 0.07157123 -0.33619478 -0.7163701 -0.35824063 -0.6633087 -0.3189898 -0.99457693 0.08755961 -0.75398564 0.8745553 0.007890152 0.42559862 0.6659692 0.31888983 -0.684405 0.6094177 -0.75839454 0.42942908 0.21193853 0.7459583 -0.26688075 -0.09749392 -0.40656435 0.6832578 0.65921867 -0.5073294 -0.293163 0.6647566 0.70976174 0.005477778 -0.08137268 -0.49494666 -0.42965013 0.7200066 0.8453697 0.50345266 0.09754566 -0.09307822 0.91810244 0.88496524 0.545125 0.9521404
0.88846844 -0.27744803 -0.05742765 0.36949855 0.6325473 0.46495566 -0.53569067 -0.567912 0.34401157 -0.39512575 -0.24428922 -0.016218286 0.4814781 0.92345965 -0.7650656 -0.024762284 -0.505307 0.7680423 0.50992227 -0.1537199 0.053753614 -0.76115155 -0.90009236 -0.42282677 0.669111 0.15378666 -0.38557076 -0.17208502 0.57372797 -0.2998057 0.2337103 -0.7314037 0.9073006 -0.53626466 0.51193696 0.2330923 0.76949555 0.70862955 -0.014283865 -0.98576033 0.22183564 -0.6423545 -0.21610552 0.5227652 -0.40003723 0.7107127 0.8659924 0.33094192 0.7047336 -0.091235384 -0.48106492 -0.78640026 -0.58857584 -0.2198086 0.25727004 0.14902112 0.5660387 -0.7747999 -0.6804201 0.27406886 0.6750103 0.6426658 0.20742977 0.45767984 0.40225193 0.021505678 0.042873107 0.4748357 0.05603553 -0.72933406 -0.814434 0.3530924 1.030361
0.3198493 -0.22433908 -0.5000527 0.4238615 -0.15504159 0.07994757 0.3952998 0.60678005 0.89687747 0.07492923 0.34066865 0.14768352 -0.21749361 0.7583614 -0.6035601 0.33397147 -0.16037466 0.2301774 0.8708036 -0.9114988 0.34120893 0.0032758713 -0.4766624 0.23733592 -0.14978814 -0.3027103 -0.5449822 -0.21651812 0.22927167 -0.38911143 0.16017982 1.1091034 0.19290927 0.64918673 -0.4451486 0.13641874 -0.5966792 0.34710234 -0.81778103 0.11098584 0.81671304 -0.75460744 1.0612073 -0.9084859 0.039921124 0.42771986 0.57884187 0.16848181 -0.26000643 0.87250173 -0.7457315 -0.36341545 -0.008484985 -0.8348556 -0.6615855 0.028122196 -0.734218 -0.1910437 0.47395366 -0.20810847 0.12885779 0.3351912 -0.36838666 0.81372577 0.7205348 -0.80369854 -0.8361565 -0.3872639 0.84523433 -0.12700848 0.603667 -0.5219708 -0.19081463
-0.0008997656 -0.39887044 0.29032612 0.63457805 -0.84187025 -0.43773082 -0.19143134 -0.54762477 -0.63282686 0.44695047 0.29842073 -0.32865235 0.3782982 -0.28900006 0.29261714 0.13306198 -0.14542706 -0.18373708 0.9558871 -0.92112374 -0.6371794 0.12255359 -0.64096427 -0.3144908 -0.8892591 -0.01573205 -0.7147403 -0.095056295 0.15906417 -0.7612568 -0.5586467 -0.09918332 -1.0204959 -0.5498217 -0.0019338237 0.6075349 1.1668184 -0.065464966 0.44817382 -0.009949366 -0.07051659 1.00186 0.9704441 -0.74257076 -0.12366693 0.3747966 0.15508121 0.53597176 0.22454937 0.40999174 0.45199254 -0.8911145 0.18176542 1.1100328 -0.81173104 0.36417016 0.355607 -0.20857194 0.654107 -0.22890574 -0.32471815 -0.33924744 -0.10140023 -0.79009104 0.7037087 0.9544777 -0.15396371 -0.14978981 -0.4715273 0.3038552 -0.1296767 -0.9505656 -0.41334295
0.26920706 0.7914873 0.6350542 -0.5660313 0.6112126 -0.722658 0.8156698 -0.06786211 -0.790209 0.9937906 0.6940139 0.50763774 -0.48830047 0.15879416 0.062950514 -0.2944166 -0.52256536 -0.21599647 -0.7089648 0.43352938 0.7771914 0.61486244 -0.053790808 0.94965625 0.06537199 -0.5013547 -0.41964912 0.37500426 0.12532504 0.36404476 -0.82809186 -0.5925003 -0.7139487 0.014105337 -0.767872 0.5651473 -0.82842094 0.04290675 0.40357345 -0.11538641 -0.7223598 0.7878711 0.10310809 0.22969167 -0.47081038 -0.4195525 0.65742874 -0.83662355 0.45188698 -0.94421977 -0.6905776 -0.7528047 0.737086 0.5704539 -0.16262102 0.06645659 -0.23115648 0.5937886 -0.23577942 0.8385765 0.5652628 0.4811079 0.5356284 0.030806975 0.5749427 -0.42374277 0.85908264 -0.114638954 0.3831363 -0.55495614 0.4776341 0.2211754 -1.014462
-0.11589042 0.490912 -0.06552356 0.7539092 0.17014235 -0.8599555 -0.7534095 1.0567544 0.16635127 0.68146855 0.10322221 0.5647145 -0.05544465 0.5238392 0.13455412 0.92597014 -0.8421842 -0.6403585 0.6534393 -0.12155056 0.6626289 -0.9827242 0.29502702 0.7928364 -0.7018831 0.19882417 0.7295213 0.45142886 -0.8211394 0.13118449 0.9456238 0.34369138 -0.18548536 -0.7695247 0.8599971 -0.18377917 -0.11199132 0.7894501 -0.5436345 0.40403038 0.03584146 0.4816862 -0.8888004 -0.61142963 -0.46024516 0.30164018 0.18500791 -0.12687463 0.6957323 -0.23349942 -0.6624011 0.7260259 0.6334654 0.847186 0.5262665 0.37229124 0.123757444 -0.5593958 0.670013 -0.77868384 0.025791977 -0.75371104 -0.7374008 -0.2671347 -0.31105053 -0.5995876 0.44011274 -0.18287972 -0.24575403 0.48193184 -0.09935763 -0.86307317 0.9895989
0.6803538 0.39901918 -0.9134801 -0.32887253 0.8179809 -0.6790757 -0.8997294 0.45665663 -0.059622727 -1.0438871 0.75055283 -0.26437593 -0.792793 0.41728133 -0.8543847 0.70889634 0.31333336 -0.78481317 0.73562455 -0.90580726 0.5871475 0.8498106 0.751564 -0.94129634 -0.8112664 -0.0945003 -0.65909076 -0.8515087 0.43243968 -0.60525334 0.6502147 -0.45341465 0.99253523 0.89830405 0.32187757 -0.44339126 -0.48776558 0.010125762 0.9157377 -0.16878495 0.55975485 -0.40538684 0.6398026 -0.94785464 1.0010067 0.105479434 -0.3945121 0.51865774 -1.0154763 -0.36696166 0.45483837 0.20692563 0.8022954 -0.20062113 -0.3758988 0.50186616 0.33775598 -0.9571309 0.47677842 0.7956219 0.13069957 -0.048440367 0.39623168 -0.66889316 -0.15437159 -0.80494094 -0.72327334 -0.9519065 -1.0439135 -0.7028237 0.6166633 0.81099176 -0.8927074
0.16121829 1.0775204 0.37218714 -0.53448683 0.3577571 -0.15108848 -0.5874195 -0.29040456 0.5414046 -0.08920134 -0.71499556 -0.39683944 -0.4890376 1.0193269 0.20967606 -0.18927549 0.22255963 0.48315653 0.35561872 0.72355056 0.9914105 0.0941453 -0.71177554 0.6660099 0.8621366 -0.3757329 0.35336828 -0.37863147 -0.36746085 -0.56945795 -0.7422253 0.6984755 -0.3938447 -0.7280808 -0.115405075 -0.4733468 -0.22337648 0.12230098 0.25641924 -0.448338 -0.12224949 0.4408013 0.20546672 0.460584 -0.17581522 -0.04679836 0.25911018 0.81636673 -1.0435234 -0.30287588 0.7041252 -0.8889405 0.097723566 -0.41094196 -0.5132991 0.17792079 0.866673 0.9304038 0.23772591 0.14461125 -0.14758633 0.4474805 -0.67488956 -0.8068338 0.33335617 -0.8179647 1.0504669 0.8993801 -0.10347531 -0.47216156 0.8018417 0.30335867 -0.24082841
-0.91633284 -0.6330296 -0.50679636 -0.5127109 0.23150435 0.11861079 0.28573608 0.94770616 -0.5045444 -0.51914144 -0.07103564 1.0260121 -1.0260999 0.19807987 -0.27501464 -0.16561699 -0.49375176 -0.60025805 0.79959434 -0.32303166 -0.51168585 1.0059847 0.28517094 -0.3253006 0.1534968 -0.38645077 -0.19294411 -0.29776946 -0.26807824 -0.34617996 0.7356827 -0.10696577 -0.34130198 0.2540196 -0.299575 -0.8951913 -0.90663236 0.7306052 -0.09108352 0.36494115 0.35783765 0.72563636 -0.8152728 -0.27138016 -0.331159 -0.9559733 0.06823187 0.9674837 0.31005982 -0.57343143 0.15921672 -0.70246756 0.7358456 0.3075477 0.55008113 0.87364167 0.7136106 -0.68033755 0.2903938 -0.37132618 -0.36952522 0.8784173 -0.23640916 -0.013589015 -0.648941
0.17359531 -0.42189607 1.0107824 0.34643823 -0.056788325 -0.5796544 0.7209378 0.2267448 -1.1561755 -0.55243415 0.13643761 0.5365131 -0.04656338 -0.9406414 -0.48961347 -0.7912942 0.3291853 -0.04500342 -0.85475653 -0.14500327 -0.56882006 -0.59401715 -0.33197397 -0.19174251 -0.33776796 0.8278377 0.4266386 0.3459772 0.5476488 -0.3386467 -0.7703047 -0.45961276 0.5825846 -0.07891926 0.68971586 0.7137038 1.038316 -0.30746713 -0.3615225 -0.42941535 0.6462312 0.24873161 -0.69791305 0.8096366 -0.7487274 -0.12178424 0.5074356 0.48899123 0.73408586 0.7137953 -0.47221237 -0.34309378 -0.7999503 -0.5109641 0.8436917 -0.558707 0.7490248 -0.1672021 -0.1465682 -0.9027887 0.027834112 0.9701778 0.46122268 -0.3563758 0.928504
0.41496956 0.6863878 0.5771897 0.12868862 -0.4364001 -0.034528792 -0.48496506 -0.73230785 -0.027082711 -0.8868194 -0.049283933 -0.64070845 -0.33525145 0.35524568 0.52468574 -0.10022562 -0.038116295 -0.9386389 0.8529894 0.5157657 0.31194824 0.5081871 0.70264304 0.9121521 -0.087212734 0.75158966 -0.43757778 1.0595194 -0.41227648 -0.3634138 0.35718742 0.70248264 0.047386095 -0.22790353 0.56031054 -0.13925266 -0.4306086 -0.5130536 0.11365883 -0.77602124 -0.5008014 -0.8490631 0.33809778 -0.18630509 -0.59550434 0.76990986 0.8468751 0.7326928 0.32925913 0.13301563 -0.15940164 0.8845642 -0.9145621 -0.98608905 0.6518637 0.9076913 -0.09574422 -0.023405906 -0.60575056 0.6653294 0.45941207 -0.6824262 0.6491233 0.39381889 0.94916207
0.51790845 0.5325689 0.1896809 -0.4038977 0.2122286 -0.74636215 -0.72035855 -0.12061178 -0.5574365 -0.47624004 -0.5839348 0.30222857 0.7541965 1.2080818 0.25391045 -0.79845357 0.16709597 -0.9878713 -0.7068523 0.32124472 0.6627806 0.06417993 -0.34275383 -0.4024949 -0.527526 -0.012260263 0.099559374 0.5756862 1.1206969 0.81575733 0.54144967 -0.12358334 0.048266668 0.006694383 0.8076318 -0.3929879 0.24245445 -0.7063897 0.56931955 -0.56704235 1.0054815 0.6809256 -0.038426228 0.6182267 0.266792 0.35817105 -0.7166209 -0.8004724 0.99401444 1.0178812 -0.20777102 -0.5293852 -0.18337752 -0.59150547 0.9603495 -0.16130741 0.88687885 -0.49935707 -0.5726036 0.22349 1.0634087 0.7129375 0.3070913 0.08147219 -0.6722806
-1.0292302 -0.9590085 -0.8511546 0.5159237 0.37623304 0.6170176 -0.47486463 0.8192851 -0.16685191 0.25500235 -0.6046423 0.5811067 -0.41504067 -0.65377617 0.41412517 -0.20563857 0.057347197 -0.81711537 -0.74013954 0.024999512 -0.6650389 0.5931717 0.47240496 0.21244484 -0.2315787 -1.0004143 -0.30433434 -0.924533 -0.084414534 -0.39629883 0.51032734 0.68708843 0.8673211 -0.51485753 0.9499292 -0.9248735 -0.19351563 0.6894054 0.89278066 -0.9695462 0.07748911 0.29504243 -0.38855967 0.41820002 -0.25140712 0.788299 0.5331007 0.25806442 -0.27592933 0.33319414 -0.01936993 -0.7213822 -0.35213724 0.7034696 -0.02469996 -0.30902034 -0.7189475 0.85010546 0.8495733 0.024015047 -0.92404497 0.15690418 0.23898579 0.11563502 0.82293797
-1.0096422 -0.18707535 0.39502984 0.11122127 -0.6451436 -0.5358238 0.3955618 0.53579295 0.9066168 -0.97713494 0.08296251 -0.93834907 0.80070585 0.2964179 -0.43157715 0.8098387 -0.320264 0.7379175 -0.03811589 0.2635576 0.8394436 0.036451526 -0.522474 -0.2505535 0.14686753 0.12806472 0.19901146 -1.00367 0.90136725 -0.86794406 -0.31599092 -0.5831107 -0.8414111 0.9498981 -0.08548233 0.2733472 0.6500723 -0.5207216 0.26442844 0.791831 0.60073847 -0.4741165 0.7180504 -0.87100196 0.30779016 -0.4550048 0.5448192 0.71977377 -0.6261806 0.20229189 -0.2163222 0.98165643 0.01130669 -0.885897 -0.38378873 0.58058095 -0.14182398 -0.36127684 -0.09055238 -0.7938803 0.13974442 -0.63345873 0.8056122 0.8684106 0.24718422
-0.8664953 -0.47992137 -0.95798165 0.033222705 0.8771548 -0.51701134 -1.0962188 -1.145964 0.52071893 0.33512992 -0.0026937646 0.41620898 0.35799918 -0.49217558 0.5390073 -0.94948727 1.0479443 0.70817006 0.31765234 -0.730055 -0.1399771 -0.4119607 -0.38556492 0.04943798 -0.7329626 0.32625008 -0.042035118 0.949844 -0.17789458 -0.9581214 -0.5748929 -1.02957 0.20191075 -0.6554949 0.8488 0.5756105 0.33073092 0.03570992 0.5166993 0.3741784 0.0069968933 0.45842645 -0.12295733 -0.44617528 0.044437796 0.51575994 -0.44561982 -0.38901275 0.032279726 0.39210966 0.6562539 -0.17015783 0.27622518 0.21062349 -0.21252622 0.40418047 1.089469 0.47599497 -0.8137749 0.6179686 0.5456593 -0.5575345 0.8818109 -0.2969398 0.7080865
1.0575362 0.33905643 -0.8210792 -0.7400894 -0.9421461 -0.05878781 0.24560085 1.0487345 -0.5428511 -0.8495852 -0.6522513 0.4176307 -0.31734392 0.64105606 0.4589237 -0.49577844 -0.19355665 -0.5972668 -0.7461609 0.019678436 0.662929 0.66853285 -0.32072434 -0.8921673 0.2478058 0.6427131 -0.8748521 0.20040718 -0.05786671 0.569592 0.48267198 -0.6158507 -0.0048387535 0.6943863 0.91346043 -0.8579918 0.62215036 0.28966203 0.022489822 0.56263417 0.90738213 0.7803963 0.71278536 -0.5360425 0.42807266 -0.44665828 0.8672135 -0.14769173 -0.0780856 -0.0077713914 0.010677884 0.4671124 0.6047347 0.43105116 -0.5563496 -0.08616992 -0.35559 0.032261316 -0.7966267 -0.19714937 0.6998466 0.25046837 -0.23773916 0.76393783 0.074044004
